2026-03-25 01:22:56,188 143639 INFO ? odoo: Odoo version 18.0 
2026-03-25 01:22:56,188 143639 INFO ? odoo: Using configuration file at /home/gamarino/odoo/cm-18.0/odoo.config 
2026-03-25 01:22:56,188 143639 INFO ? odoo: addons paths: ['/home/gamarino/odoo/numa-public-odoo-18.0-numa/odoo/addons', '/home/gamarino/.local/share/Odoo/addons/18.0', '/home/gamarino/odoo/numa-public-odoo-18.0-numa/addons', '/home/gamarino/odoo/numa-public-addons-18.0', '/home/gamarino/odoo/numa-addons-18.0', '/home/gamarino/odoo/extra-addons-18.0', '/home/gamarino/odoo/numa_l10n_ar-18.0', '/home/gamarino/odoo/cm-addons-18.0'] 
2026-03-25 01:22:56,189 143639 INFO ? odoo: database: pg-cm-18.0@default:default 
2026-03-25 01:22:56,324 143639 INFO ? odoo.addons.base.models.ir_actions_report: Will use the Wkhtmltopdf binary at /usr/local/bin/wkhtmltopdf 
2026-03-25 01:22:56,336 143639 INFO ? odoo.addons.base.models.ir_actions_report: Will use the Wkhtmltoimage binary at /usr/local/bin/wkhtmltoimage 
2026-03-25 01:22:56,600 143639 INFO cm-test-18.0 odoo.modules.loading: loading 1 modules... 
2026-03-25 01:22:56,600 143639 INFO cm-test-18.0 odoo.modules.loading: Loading module base (1/1) 
2026-03-25 01:22:56,629 143639 INFO cm-test-18.0 odoo.modules.registry: module base: creating or updating database tables 
2026-03-25 01:22:57,450 143639 INFO cm-test-18.0 odoo.modules.loading: loading base/data/res_bank.xml 
2026-03-25 01:22:57,453 143639 INFO cm-test-18.0 odoo.modules.loading: loading base/data/res.lang.csv 
2026-03-25 01:22:57,700 143639 INFO cm-test-18.0 odoo.modules.loading: loading base/data/res_lang_data.xml 
2026-03-25 01:22:57,723 143639 INFO cm-test-18.0 odoo.modules.loading: loading base/data/res_partner_data.xml 
2026-03-25 01:22:57,745 143639 INFO cm-test-18.0 odoo.modules.loading: loading base/data/res_currency_data.xml 
2026-03-25 01:22:57,826 143639 INFO cm-test-18.0 odoo.modules.loading: loading base/data/res_company_data.xml 
2026-03-25 01:22:57,829 143639 INFO cm-test-18.0 odoo.modules.loading: loading base/data/res_users_data.xml 
2026-03-25 01:22:57,835 143639 INFO cm-test-18.0 odoo.modules.loading: loading base/data/report_paperformat_data.xml 
2026-03-25 01:22:57,839 143639 INFO cm-test-18.0 odoo.modules.loading: loading base/data/res_country_data.xml 
2026-03-25 01:22:57,987 143639 INFO cm-test-18.0 odoo.modules.loading: loading base/data/ir_demo_data.xml 
2026-03-25 01:22:58,010 143639 INFO cm-test-18.0 odoo.modules.loading: loading base/security/base_groups.xml 
2026-03-25 01:22:58,125 143639 INFO cm-test-18.0 odoo.modules.loading: loading base/security/base_security.xml 
2026-03-25 01:22:58,141 143639 INFO cm-test-18.0 odoo.modules.loading: loading base/views/base_menus.xml 
2026-03-25 01:22:58,215 143639 INFO cm-test-18.0 odoo.modules.loading: loading base/views/decimal_precision_views.xml 
2026-03-25 01:22:58,238 143639 INFO cm-test-18.0 odoo.modules.loading: loading base/views/res_config_views.xml 
2026-03-25 01:22:58,246 143639 INFO cm-test-18.0 odoo.modules.loading: loading base/data/res.country.state.csv 
2026-03-25 01:22:59,803 143639 INFO cm-test-18.0 odoo.modules.loading: loading base/views/ir_actions_views.xml 
2026-03-25 01:22:59,998 143639 INFO cm-test-18.0 odoo.modules.loading: loading base/views/ir_asset_views.xml 
2026-03-25 01:23:00,026 143639 INFO cm-test-18.0 odoo.modules.loading: loading base/views/ir_config_parameter_views.xml 
2026-03-25 01:23:00,045 143639 INFO cm-test-18.0 odoo.modules.loading: loading base/views/ir_cron_views.xml 
2026-03-25 01:23:00,081 143639 INFO cm-test-18.0 odoo.modules.loading: loading base/views/ir_cron_trigger_views.xml 
2026-03-25 01:23:00,102 143639 INFO cm-test-18.0 odoo.modules.loading: loading base/views/ir_filters_views.xml 
2026-03-25 01:23:00,123 143639 INFO cm-test-18.0 odoo.modules.loading: loading base/views/ir_mail_server_views.xml 
2026-03-25 01:23:00,147 143639 INFO cm-test-18.0 odoo.modules.loading: loading base/views/ir_model_views.xml 
2026-03-25 01:23:00,333 143639 INFO cm-test-18.0 odoo.modules.loading: loading base/views/ir_attachment_views.xml 
2026-03-25 01:23:00,365 143639 INFO cm-test-18.0 odoo.modules.loading: loading base/views/ir_rule_views.xml 
2026-03-25 01:23:00,399 143639 INFO cm-test-18.0 odoo.modules.loading: loading base/views/ir_sequence_views.xml 
2026-03-25 01:23:00,425 143639 INFO cm-test-18.0 odoo.modules.loading: loading base/views/ir_ui_menu_views.xml 
2026-03-25 01:23:00,452 143639 INFO cm-test-18.0 odoo.modules.loading: loading base/views/ir_ui_view_views.xml 
2026-03-25 01:23:00,520 143639 INFO cm-test-18.0 odoo.modules.loading: loading base/views/ir_default_views.xml 
2026-03-25 01:23:00,548 143639 INFO cm-test-18.0 odoo.modules.loading: loading base/data/ir_config_parameter_data.xml 
2026-03-25 01:23:00,550 143639 INFO cm-test-18.0 odoo.modules.loading: loading base/data/ir_cron_data.xml 
2026-03-25 01:23:00,564 143639 INFO cm-test-18.0 odoo.modules.loading: loading base/report/ir_model_report.xml 
2026-03-25 01:23:00,568 143639 INFO cm-test-18.0 odoo.modules.loading: loading base/report/ir_model_templates.xml 
2026-03-25 01:23:00,577 143639 INFO cm-test-18.0 odoo.modules.loading: loading base/views/ir_logging_views.xml 
2026-03-25 01:23:00,602 143639 INFO cm-test-18.0 odoo.modules.loading: loading base/views/ir_qweb_widget_templates.xml 
2026-03-25 01:23:00,621 143639 INFO cm-test-18.0 odoo.modules.loading: loading base/views/ir_module_views.xml 
2026-03-25 01:23:00,688 143639 INFO cm-test-18.0 odoo.modules.loading: loading base/data/ir_module_category_data.xml 
2026-03-25 01:23:00,834 143639 INFO cm-test-18.0 odoo.modules.loading: loading base/data/ir_module_module.xml 
2026-03-25 01:23:00,867 143639 INFO cm-test-18.0 odoo.modules.loading: loading base/report/ir_module_reports.xml 
2026-03-25 01:23:00,870 143639 INFO cm-test-18.0 odoo.modules.loading: loading base/report/ir_module_report_templates.xml 
2026-03-25 01:23:00,878 143639 INFO cm-test-18.0 odoo.modules.loading: loading base/wizard/base_module_update_views.xml 
2026-03-25 01:23:00,901 143639 INFO cm-test-18.0 odoo.modules.loading: loading base/wizard/base_language_install_views.xml 
2026-03-25 01:23:00,914 143639 INFO cm-test-18.0 odoo.modules.loading: loading base/wizard/base_import_language_views.xml 
2026-03-25 01:23:00,928 143639 INFO cm-test-18.0 odoo.modules.loading: loading base/wizard/base_module_upgrade_views.xml 
2026-03-25 01:23:00,952 143639 INFO cm-test-18.0 odoo.modules.loading: loading base/wizard/base_module_uninstall_views.xml 
2026-03-25 01:23:00,965 143639 INFO cm-test-18.0 odoo.modules.loading: loading base/wizard/base_export_language_views.xml 
2026-03-25 01:23:00,981 143639 INFO cm-test-18.0 odoo.modules.loading: loading base/wizard/base_partner_merge_views.xml 
2026-03-25 01:23:01,000 143639 INFO cm-test-18.0 odoo.modules.loading: loading base/data/ir_demo_failure_data.xml 
2026-03-25 01:23:01,018 143639 INFO cm-test-18.0 odoo.modules.loading: loading base/views/ir_profile_views.xml 
2026-03-25 01:23:01,048 143639 INFO cm-test-18.0 odoo.modules.loading: loading base/views/res_company_views.xml 
2026-03-25 01:23:01,075 143639 INFO cm-test-18.0 odoo.modules.loading: loading base/views/res_lang_views.xml 
2026-03-25 01:23:01,110 143639 INFO cm-test-18.0 odoo.modules.loading: loading base/views/res_partner_views.xml 
2026-03-25 01:23:01,238 143639 INFO cm-test-18.0 odoo.modules.loading: loading base/views/res_bank_views.xml 
2026-03-25 01:23:01,280 143639 INFO cm-test-18.0 odoo.modules.loading: loading base/views/res_country_views.xml 
2026-03-25 01:23:01,339 143639 INFO cm-test-18.0 odoo.modules.loading: loading base/views/res_currency_views.xml 
2026-03-25 01:23:01,387 143639 INFO cm-test-18.0 odoo.modules.loading: loading base/views/res_users_views.xml 
2026-03-25 01:23:01,543 143639 INFO cm-test-18.0 odoo.modules.loading: loading base/views/res_device_views.xml 
2026-03-25 01:23:01,565 143639 INFO cm-test-18.0 odoo.modules.loading: loading base/views/res_users_identitycheck_views.xml 
2026-03-25 01:23:01,572 143639 INFO cm-test-18.0 odoo.modules.loading: loading base/views/res_config_settings_views.xml 
2026-03-25 01:23:01,586 143639 INFO cm-test-18.0 odoo.modules.loading: loading base/views/report_paperformat_views.xml 
2026-03-25 01:23:01,615 143639 INFO cm-test-18.0 odoo.modules.loading: loading base/security/ir.model.access.csv 
2026-03-25 01:23:01,809 143639 INFO cm-test-18.0 odoo.modules.loading: Module base: loading demo 
2026-03-25 01:23:01,810 143639 INFO cm-test-18.0 odoo.modules.loading: loading base/data/res_users_demo.xml 
2026-03-25 01:23:01,816 143639 INFO cm-test-18.0 odoo.modules.loading: loading base/data/res_partner_bank_demo.xml 
2026-03-25 01:23:01,818 143639 INFO cm-test-18.0 odoo.modules.loading: loading base/data/res_currency_demo.xml 
2026-03-25 01:23:01,819 143639 INFO cm-test-18.0 odoo.modules.loading: loading base/data/res_currency_rate_demo.xml 
2026-03-25 01:23:01,888 143639 INFO cm-test-18.0 odoo.modules.loading: loading base/data/res_bank_demo.xml 
2026-03-25 01:23:01,891 143639 INFO cm-test-18.0 odoo.modules.loading: loading base/data/res_partner_demo.xml 
2026-03-25 01:23:02,160 143639 INFO cm-test-18.0 odoo.modules.loading: loading base/data/res_partner_image_demo.xml 
2026-03-25 01:23:02,271 143639 INFO cm-test-18.0 odoo.addons.base.models.ir_module: module base: loading translation file /home/gamarino/odoo/numa-public-odoo-18.0-numa/odoo/addons/base/i18n/es.po for language es_AR 
2026-03-25 01:23:02,272 143639 INFO cm-test-18.0 odoo.tools.translate: loading base translation file /home/gamarino/odoo/numa-public-odoo-18.0-numa/odoo/addons/base/i18n/es.po for language es_AR 
2026-03-25 01:23:02,626 143639 INFO cm-test-18.0 odoo.addons.base.models.ir_module: module base: loading translation file /home/gamarino/odoo/numa-public-odoo-18.0-numa/odoo/addons/base/i18n/es_419.po for language es_AR 
2026-03-25 01:23:02,626 143639 INFO cm-test-18.0 odoo.tools.translate: loading base translation file /home/gamarino/odoo/numa-public-odoo-18.0-numa/odoo/addons/base/i18n/es_419.po for language es_AR 
2026-03-25 01:23:03,693 143639 INFO cm-test-18.0 odoo.modules.loading: Module base loaded in 7.09s, 6497 queries (+6497 other) 
2026-03-25 01:23:03,693 143639 INFO cm-test-18.0 odoo.modules.loading: 1 modules loaded in 7.09s, 6497 queries (+6497 extra) 
2026-03-25 01:23:03,713 143639 INFO cm-test-18.0 odoo.modules.loading: updating modules list 
2026-03-25 01:23:03,716 143639 INFO cm-test-18.0 odoo.addons.base.models.ir_module: ALLOW access to module.update_list on [] to user __system__ #1 via n/a 
2026-03-25 01:23:05,456 143639 INFO cm-test-18.0 odoo.addons.base.models.ir_module: ALLOW access to module.button_upgrade on ['Base'] to user __system__ #1 via n/a 
2026-03-25 01:23:05,456 143639 INFO cm-test-18.0 odoo.addons.base.models.ir_module: ALLOW access to module.update_list on ['Base'] to user __system__ #1 via n/a 
2026-03-25 01:23:06,576 143639 INFO cm-test-18.0 odoo.addons.base.models.ir_module: ALLOW access to module.button_install on [] to user __system__ #1 via n/a 
2026-03-25 01:23:06,841 143639 INFO cm-test-18.0 odoo.modules.loading: loading 211 modules... 
2026-03-25 01:23:06,842 143639 INFO cm-test-18.0 odoo.modules.loading: Loading module base_sparse_field (2/211) 
2026-03-25 01:23:06,890 143639 INFO cm-test-18.0 odoo.modules.registry: module base_sparse_field: creating or updating database tables 
2026-03-25 01:23:07,481 143639 INFO cm-test-18.0 odoo.modules.loading: loading base_sparse_field/security/ir.model.access.csv 
2026-03-25 01:23:07,490 143639 INFO cm-test-18.0 odoo.modules.loading: loading base_sparse_field/views/views.xml 
2026-03-25 01:23:07,527 143639 INFO cm-test-18.0 odoo.addons.base.models.ir_module: module base_sparse_field: loading translation file /home/gamarino/odoo/numa-public-odoo-18.0-numa/addons/base_sparse_field/i18n/es.po for language es_AR 
2026-03-25 01:23:07,527 143639 INFO cm-test-18.0 odoo.tools.translate: loading base translation file /home/gamarino/odoo/numa-public-odoo-18.0-numa/addons/base_sparse_field/i18n/es.po for language es_AR 
2026-03-25 01:23:07,529 143639 INFO cm-test-18.0 odoo.addons.base.models.ir_module: module base_sparse_field: loading translation file /home/gamarino/odoo/numa-public-odoo-18.0-numa/addons/base_sparse_field/i18n/es_419.po for language es_AR 
2026-03-25 01:23:07,529 143639 INFO cm-test-18.0 odoo.tools.translate: loading base translation file /home/gamarino/odoo/numa-public-odoo-18.0-numa/addons/base_sparse_field/i18n/es_419.po for language es_AR 
2026-03-25 01:23:07,546 143639 INFO cm-test-18.0 odoo.modules.loading: Module base_sparse_field loaded in 0.70s, 892 queries (+892 other) 
2026-03-25 01:23:07,546 143639 INFO cm-test-18.0 odoo.modules.loading: Loading module l10n_us (3/211) 
2026-03-25 01:23:07,584 143639 INFO cm-test-18.0 odoo.modules.registry: module l10n_us: creating or updating database tables 
2026-03-25 01:23:07,607 143639 INFO cm-test-18.0 odoo.modules.loading: loading l10n_us/data/res_company_data.xml 
2026-03-25 01:23:07,610 143639 INFO cm-test-18.0 odoo.modules.loading: loading l10n_us/views/res_partner_bank_views.xml 
2026-03-25 01:23:07,679 143639 INFO cm-test-18.0 odoo.addons.base.models.ir_module: module l10n_us: loading translation file /home/gamarino/odoo/numa-public-odoo-18.0-numa/addons/l10n_us/i18n/es_419.po for language es_AR 
2026-03-25 01:23:07,679 143639 INFO cm-test-18.0 odoo.tools.translate: loading base translation file /home/gamarino/odoo/numa-public-odoo-18.0-numa/addons/l10n_us/i18n/es_419.po for language es_AR 
2026-03-25 01:23:07,690 143639 INFO cm-test-18.0 odoo.modules.loading: Module l10n_us loaded in 0.14s, 59 queries (+59 other) 
2026-03-25 01:23:07,691 143639 INFO cm-test-18.0 odoo.modules.loading: Loading module numa_country_state (4/211) 
2026-03-25 01:23:07,727 143639 INFO cm-test-18.0 odoo.modules.registry: module numa_country_state: creating or updating database tables 
2026-03-25 01:23:07,747 143639 INFO cm-test-18.0 odoo.modules.loading: loading numa_country_state/views/res_country_state_views.xml 
2026-03-25 01:23:07,769 143639 INFO cm-test-18.0 odoo.modules.loading: loading numa_country_state/security/ir.model.access.csv 
2026-03-25 01:23:07,771 143639 INFO cm-test-18.0 odoo.modules.loading: loading numa_country_state/security/security.xml 
2026-03-25 01:23:07,776 143639 INFO cm-test-18.0 odoo.addons.base.models.ir_module: module numa_country_state: no translation for language es_AR 
2026-03-25 01:23:07,784 143639 INFO cm-test-18.0 odoo.modules.loading: Module numa_country_state loaded in 0.09s, 73 queries (+73 other) 
2026-03-25 01:23:07,784 143639 INFO cm-test-18.0 odoo.modules.loading: Loading module social_media (5/211) 
2026-03-25 01:23:07,821 143639 INFO cm-test-18.0 odoo.modules.registry: module social_media: creating or updating database tables 
2026-03-25 01:23:07,858 143639 INFO cm-test-18.0 odoo.modules.loading: loading social_media/views/res_company_views.xml 
2026-03-25 01:23:07,873 143639 INFO cm-test-18.0 odoo.modules.loading: Module social_media: loading demo 
2026-03-25 01:23:07,873 143639 INFO cm-test-18.0 odoo.modules.loading: loading social_media/demo/res_company_demo.xml 
2026-03-25 01:23:07,879 143639 INFO cm-test-18.0 odoo.addons.base.models.ir_module: module social_media: loading translation file /home/gamarino/odoo/numa-public-odoo-18.0-numa/addons/social_media/i18n/es.po for language es_AR 
2026-03-25 01:23:07,879 143639 INFO cm-test-18.0 odoo.tools.translate: loading base translation file /home/gamarino/odoo/numa-public-odoo-18.0-numa/addons/social_media/i18n/es.po for language es_AR 
2026-03-25 01:23:07,881 143639 INFO cm-test-18.0 odoo.addons.base.models.ir_module: module social_media: loading translation file /home/gamarino/odoo/numa-public-odoo-18.0-numa/addons/social_media/i18n/es_419.po for language es_AR 
2026-03-25 01:23:07,881 143639 INFO cm-test-18.0 odoo.tools.translate: loading base translation file /home/gamarino/odoo/numa-public-odoo-18.0-numa/addons/social_media/i18n/es_419.po for language es_AR 
2026-03-25 01:23:07,894 143639 INFO cm-test-18.0 odoo.modules.loading: Module social_media loaded in 0.11s, 77 queries (+77 other) 
2026-03-25 01:23:07,894 143639 INFO cm-test-18.0 odoo.modules.loading: Loading module uom (6/211) 
2026-03-25 01:23:07,939 143639 INFO cm-test-18.0 odoo.modules.registry: module uom: creating or updating database tables 
2026-03-25 01:23:07,973 143639 INFO cm-test-18.0 odoo.modules.loading: loading uom/data/uom_data.xml 
2026-03-25 01:23:07,987 143639 INFO cm-test-18.0 odoo.modules.loading: loading uom/security/uom_security.xml 
2026-03-25 01:23:07,992 143639 INFO cm-test-18.0 odoo.modules.loading: loading uom/security/ir.model.access.csv 
2026-03-25 01:23:08,004 143639 INFO cm-test-18.0 odoo.modules.loading: loading uom/views/uom_uom_views.xml 
2026-03-25 01:23:08,052 143639 INFO cm-test-18.0 odoo.addons.base.models.ir_module: module uom: loading translation file /home/gamarino/odoo/numa-public-odoo-18.0-numa/addons/uom/i18n/es.po for language es_AR 
2026-03-25 01:23:08,052 143639 INFO cm-test-18.0 odoo.tools.translate: loading base translation file /home/gamarino/odoo/numa-public-odoo-18.0-numa/addons/uom/i18n/es.po for language es_AR 
2026-03-25 01:23:08,056 143639 INFO cm-test-18.0 odoo.addons.base.models.ir_module: module uom: loading translation file /home/gamarino/odoo/numa-public-odoo-18.0-numa/addons/uom/i18n/es_419.po for language es_AR 
2026-03-25 01:23:08,056 143639 INFO cm-test-18.0 odoo.tools.translate: loading base translation file /home/gamarino/odoo/numa-public-odoo-18.0-numa/addons/uom/i18n/es_419.po for language es_AR 
2026-03-25 01:23:08,082 143639 INFO cm-test-18.0 odoo.modules.loading: Module uom loaded in 0.19s, 228 queries (+228 other) 
2026-03-25 01:23:08,082 143639 INFO cm-test-18.0 odoo.modules.loading: Loading module web (7/211) 
2026-03-25 01:23:08,127 143639 INFO cm-test-18.0 odoo.modules.registry: module web: creating or updating database tables 
2026-03-25 01:23:08,737 143639 INFO cm-test-18.0 odoo.modules.loading: loading web/security/ir.model.access.csv 
2026-03-25 01:23:08,747 143639 INFO cm-test-18.0 odoo.modules.loading: loading web/views/webclient_templates.xml 
2026-03-25 01:23:08,818 143639 INFO cm-test-18.0 odoo.modules.loading: loading web/views/report_templates.xml 
2026-03-25 01:23:08,916 143639 INFO cm-test-18.0 odoo.modules.loading: loading web/views/base_document_layout_views.xml 
2026-03-25 01:23:08,931 143639 INFO cm-test-18.0 odoo.modules.loading: loading web/views/partner_view.xml 
2026-03-25 01:23:08,935 143639 INFO cm-test-18.0 odoo.modules.loading: loading web/views/speedscope_template.xml 
2026-03-25 01:23:08,941 143639 INFO cm-test-18.0 odoo.modules.loading: loading web/views/neutralize_views.xml 
2026-03-25 01:23:08,948 143639 INFO cm-test-18.0 odoo.modules.loading: loading web/data/ir_attachment.xml 
2026-03-25 01:23:08,951 143639 INFO cm-test-18.0 odoo.modules.loading: loading web/data/report_layout.xml 
2026-03-25 01:23:08,979 143639 INFO cm-test-18.0 odoo.addons.base.models.ir_module: module web: loading translation file /home/gamarino/odoo/numa-public-odoo-18.0-numa/addons/web/i18n/es.po for language es_AR 
2026-03-25 01:23:08,979 143639 INFO cm-test-18.0 odoo.tools.translate: loading base translation file /home/gamarino/odoo/numa-public-odoo-18.0-numa/addons/web/i18n/es.po for language es_AR 
2026-03-25 01:23:09,167 143639 INFO cm-test-18.0 odoo.addons.base.models.ir_module: module web: loading translation file /home/gamarino/odoo/numa-public-odoo-18.0-numa/addons/web/i18n/es_419.po for language es_AR 
2026-03-25 01:23:09,167 143639 INFO cm-test-18.0 odoo.tools.translate: loading base translation file /home/gamarino/odoo/numa-public-odoo-18.0-numa/addons/web/i18n/es_419.po for language es_AR 
2026-03-25 01:23:09,344 143639 INFO cm-test-18.0 odoo.modules.loading: Module web loaded in 1.26s, 1284 queries (+1284 other) 
2026-03-25 01:23:09,344 143639 INFO cm-test-18.0 odoo.modules.loading: Loading module auth_totp (8/211) 
2026-03-25 01:23:09,395 143639 INFO cm-test-18.0 odoo.modules.registry: module auth_totp: creating or updating database tables 
2026-03-25 01:23:09,438 143639 INFO cm-test-18.0 odoo.modules.loading: loading auth_totp/security/security.xml 
2026-03-25 01:23:09,459 143639 INFO cm-test-18.0 odoo.modules.loading: loading auth_totp/security/ir.model.access.csv 
2026-03-25 01:23:09,467 143639 INFO cm-test-18.0 odoo.modules.loading: loading auth_totp/data/ir_action_data.xml 
2026-03-25 01:23:09,473 143639 INFO cm-test-18.0 odoo.modules.loading: loading auth_totp/views/res_users_views.xml 
2026-03-25 01:23:09,508 143639 INFO cm-test-18.0 odoo.modules.loading: loading auth_totp/views/templates.xml 
2026-03-25 01:23:09,513 143639 INFO cm-test-18.0 odoo.modules.loading: loading auth_totp/wizard/auth_totp_wizard_views.xml 
2026-03-25 01:23:09,524 143639 INFO cm-test-18.0 odoo.addons.base.models.ir_module: module auth_totp: loading translation file /home/gamarino/odoo/numa-public-odoo-18.0-numa/addons/auth_totp/i18n/es.po for language es_AR 
2026-03-25 01:23:09,524 143639 INFO cm-test-18.0 odoo.tools.translate: loading base translation file /home/gamarino/odoo/numa-public-odoo-18.0-numa/addons/auth_totp/i18n/es.po for language es_AR 
2026-03-25 01:23:09,528 143639 INFO cm-test-18.0 odoo.addons.base.models.ir_module: module auth_totp: loading translation file /home/gamarino/odoo/numa-public-odoo-18.0-numa/addons/auth_totp/i18n/es_419.po for language es_AR 
2026-03-25 01:23:09,528 143639 INFO cm-test-18.0 odoo.tools.translate: loading base translation file /home/gamarino/odoo/numa-public-odoo-18.0-numa/addons/auth_totp/i18n/es_419.po for language es_AR 
2026-03-25 01:23:09,550 143639 INFO cm-test-18.0 odoo.modules.loading: Module auth_totp loaded in 0.21s, 196 queries (+196 other) 
2026-03-25 01:23:09,550 143639 INFO cm-test-18.0 odoo.modules.loading: Loading module barcodes (9/211) 
2026-03-25 01:23:09,593 143639 INFO cm-test-18.0 odoo.modules.registry: module barcodes: creating or updating database tables 
2026-03-25 01:23:09,639 143639 INFO cm-test-18.0 odoo.modules.loading: loading barcodes/data/barcodes_data.xml 
2026-03-25 01:23:09,642 143639 INFO cm-test-18.0 odoo.modules.loading: loading barcodes/views/barcodes_view.xml 
2026-03-25 01:23:09,666 143639 INFO cm-test-18.0 odoo.modules.loading: loading barcodes/security/ir.model.access.csv 
2026-03-25 01:23:09,682 143639 INFO cm-test-18.0 odoo.addons.base.models.ir_module: module barcodes: loading translation file /home/gamarino/odoo/numa-public-odoo-18.0-numa/addons/barcodes/i18n/es.po for language es_AR 
2026-03-25 01:23:09,682 143639 INFO cm-test-18.0 odoo.tools.translate: loading base translation file /home/gamarino/odoo/numa-public-odoo-18.0-numa/addons/barcodes/i18n/es.po for language es_AR 
2026-03-25 01:23:09,685 143639 INFO cm-test-18.0 odoo.addons.base.models.ir_module: module barcodes: loading translation file /home/gamarino/odoo/numa-public-odoo-18.0-numa/addons/barcodes/i18n/es_419.po for language es_AR 
2026-03-25 01:23:09,685 143639 INFO cm-test-18.0 odoo.tools.translate: loading base translation file /home/gamarino/odoo/numa-public-odoo-18.0-numa/addons/barcodes/i18n/es_419.po for language es_AR 
2026-03-25 01:23:09,712 143639 INFO cm-test-18.0 odoo.modules.loading: Module barcodes loaded in 0.16s, 139 queries (+139 other) 
2026-03-25 01:23:09,712 143639 INFO cm-test-18.0 odoo.modules.loading: Loading module base_import (10/211) 
2026-03-25 01:23:10,073 143639 INFO cm-test-18.0 odoo.modules.registry: module base_import: creating or updating database tables 
2026-03-25 01:23:10,742 143639 INFO cm-test-18.0 odoo.modules.loading: loading base_import/security/ir.model.access.csv 
2026-03-25 01:23:10,756 143639 INFO cm-test-18.0 odoo.addons.base.models.ir_module: module base_import: loading translation file /home/gamarino/odoo/numa-public-odoo-18.0-numa/addons/base_import/i18n/es.po for language es_AR 
2026-03-25 01:23:10,756 143639 INFO cm-test-18.0 odoo.tools.translate: loading base translation file /home/gamarino/odoo/numa-public-odoo-18.0-numa/addons/base_import/i18n/es.po for language es_AR 
2026-03-25 01:23:10,763 143639 INFO cm-test-18.0 odoo.addons.base.models.ir_module: module base_import: loading translation file /home/gamarino/odoo/numa-public-odoo-18.0-numa/addons/base_import/i18n/es_419.po for language es_AR 
2026-03-25 01:23:10,763 143639 INFO cm-test-18.0 odoo.tools.translate: loading base translation file /home/gamarino/odoo/numa-public-odoo-18.0-numa/addons/base_import/i18n/es_419.po for language es_AR 
2026-03-25 01:23:10,780 143639 INFO cm-test-18.0 odoo.modules.loading: Module base_import loaded in 1.07s, 908 queries (+908 other) 
2026-03-25 01:23:10,780 143639 INFO cm-test-18.0 odoo.modules.loading: Loading module base_import_module (11/211) 
2026-03-25 01:23:10,831 143639 INFO cm-test-18.0 odoo.modules.registry: module base_import_module: creating or updating database tables 
2026-03-25 01:23:10,878 143639 INFO cm-test-18.0 odoo.modules.loading: loading base_import_module/security/ir.model.access.csv 
2026-03-25 01:23:10,887 143639 INFO cm-test-18.0 odoo.modules.loading: loading base_import_module/views/base_import_module_view.xml 
2026-03-25 01:23:10,907 143639 INFO cm-test-18.0 odoo.modules.loading: loading base_import_module/views/ir_module_views.xml 
2026-03-25 01:23:10,945 143639 INFO cm-test-18.0 odoo.addons.base.models.ir_module: module base_import_module: loading translation file /home/gamarino/odoo/numa-public-odoo-18.0-numa/addons/base_import_module/i18n/es.po for language es_AR 
2026-03-25 01:23:10,946 143639 INFO cm-test-18.0 odoo.tools.translate: loading base translation file /home/gamarino/odoo/numa-public-odoo-18.0-numa/addons/base_import_module/i18n/es.po for language es_AR 
2026-03-25 01:23:10,949 143639 INFO cm-test-18.0 odoo.addons.base.models.ir_module: module base_import_module: loading translation file /home/gamarino/odoo/numa-public-odoo-18.0-numa/addons/base_import_module/i18n/es_419.po for language es_AR 
2026-03-25 01:23:10,949 143639 INFO cm-test-18.0 odoo.tools.translate: loading base translation file /home/gamarino/odoo/numa-public-odoo-18.0-numa/addons/base_import_module/i18n/es_419.po for language es_AR 
2026-03-25 01:23:10,976 143639 INFO cm-test-18.0 odoo.modules.loading: Module base_import_module loaded in 0.20s, 175 queries (+175 other) 
2026-03-25 01:23:10,976 143639 INFO cm-test-18.0 odoo.modules.loading: Loading module base_setup (12/211) 
2026-03-25 01:23:11,021 143639 INFO cm-test-18.0 odoo.modules.registry: module base_setup: creating or updating database tables 
2026-03-25 01:23:11,073 143639 INFO cm-test-18.0 odoo.modules.loading: loading base_setup/data/base_setup_data.xml 
2026-03-25 01:23:11,076 143639 INFO cm-test-18.0 odoo.modules.loading: loading base_setup/views/res_config_settings_views.xml 
2026-03-25 01:23:11,107 143639 INFO cm-test-18.0 odoo.modules.loading: loading base_setup/views/res_partner_views.xml 
2026-03-25 01:23:11,119 143639 INFO cm-test-18.0 odoo.addons.base.models.ir_module: module base_setup: loading translation file /home/gamarino/odoo/numa-public-odoo-18.0-numa/addons/base_setup/i18n/es.po for language es_AR 
2026-03-25 01:23:11,119 143639 INFO cm-test-18.0 odoo.tools.translate: loading base translation file /home/gamarino/odoo/numa-public-odoo-18.0-numa/addons/base_setup/i18n/es.po for language es_AR 
2026-03-25 01:23:11,124 143639 INFO cm-test-18.0 odoo.addons.base.models.ir_module: module base_setup: loading translation file /home/gamarino/odoo/numa-public-odoo-18.0-numa/addons/base_setup/i18n/es_419.po for language es_AR 
2026-03-25 01:23:11,124 143639 INFO cm-test-18.0 odoo.tools.translate: loading base translation file /home/gamarino/odoo/numa-public-odoo-18.0-numa/addons/base_setup/i18n/es_419.po for language es_AR 
2026-03-25 01:23:11,148 143639 INFO cm-test-18.0 odoo.modules.loading: Module base_setup loaded in 0.17s, 140 queries (+140 other) 
2026-03-25 01:23:11,148 143639 INFO cm-test-18.0 odoo.modules.loading: Loading module bus (13/211) 
2026-03-25 01:23:11,206 143639 INFO cm-test-18.0 odoo.modules.registry: module bus: creating or updating database tables 
2026-03-25 01:23:11,323 143639 INFO cm-test-18.0 odoo.modules.loading: loading bus/security/ir.model.access.csv 
2026-03-25 01:23:11,339 143639 INFO cm-test-18.0 odoo.addons.base.models.ir_module: module bus: loading translation file /home/gamarino/odoo/numa-public-odoo-18.0-numa/addons/bus/i18n/es.po for language es_AR 
2026-03-25 01:23:11,339 143639 INFO cm-test-18.0 odoo.tools.translate: loading base translation file /home/gamarino/odoo/numa-public-odoo-18.0-numa/addons/bus/i18n/es.po for language es_AR 
2026-03-25 01:23:11,341 143639 INFO cm-test-18.0 odoo.addons.base.models.ir_module: module bus: loading translation file /home/gamarino/odoo/numa-public-odoo-18.0-numa/addons/bus/i18n/es_419.po for language es_AR 
2026-03-25 01:23:11,341 143639 INFO cm-test-18.0 odoo.tools.translate: loading base translation file /home/gamarino/odoo/numa-public-odoo-18.0-numa/addons/bus/i18n/es_419.po for language es_AR 
2026-03-25 01:23:11,359 143639 INFO cm-test-18.0 odoo.modules.loading: Module bus loaded in 0.21s, 160 queries (+160 other) 
2026-03-25 01:23:11,359 143639 INFO cm-test-18.0 odoo.modules.loading: Loading module http_routing (14/211) 
2026-03-25 01:23:11,406 143639 INFO cm-test-18.0 odoo.modules.registry: module http_routing: creating or updating database tables 
2026-03-25 01:23:11,439 143639 INFO cm-test-18.0 odoo.modules.loading: loading http_routing/views/http_routing_template.xml 
2026-03-25 01:23:11,478 143639 INFO cm-test-18.0 odoo.modules.loading: loading http_routing/views/res_lang_views.xml 
2026-03-25 01:23:11,505 143639 INFO cm-test-18.0 odoo.addons.base.models.ir_module: module http_routing: loading translation file /home/gamarino/odoo/numa-public-odoo-18.0-numa/addons/http_routing/i18n/es.po for language es_AR 
2026-03-25 01:23:11,505 143639 INFO cm-test-18.0 odoo.tools.translate: loading base translation file /home/gamarino/odoo/numa-public-odoo-18.0-numa/addons/http_routing/i18n/es.po for language es_AR 
2026-03-25 01:23:11,506 143639 INFO cm-test-18.0 odoo.addons.base.models.ir_module: module http_routing: loading translation file /home/gamarino/odoo/numa-public-odoo-18.0-numa/addons/http_routing/i18n/es_419.po for language es_AR 
2026-03-25 01:23:11,506 143639 INFO cm-test-18.0 odoo.tools.translate: loading base translation file /home/gamarino/odoo/numa-public-odoo-18.0-numa/addons/http_routing/i18n/es_419.po for language es_AR 
2026-03-25 01:23:11,535 143639 INFO cm-test-18.0 odoo.modules.loading: Module http_routing loaded in 0.18s, 144 queries (+144 other) 
2026-03-25 01:23:11,535 143639 INFO cm-test-18.0 odoo.modules.loading: Loading module muk_web_dialog (15/211) 
2026-03-25 01:23:11,579 143639 INFO cm-test-18.0 odoo.modules.registry: module muk_web_dialog: creating or updating database tables 
2026-03-25 01:23:11,624 143639 INFO cm-test-18.0 odoo.modules.loading: loading muk_web_dialog/views/res_users.xml 
2026-03-25 01:23:11,652 143639 INFO cm-test-18.0 odoo.addons.base.models.ir_module: module muk_web_dialog: no translation for language es_AR 
2026-03-25 01:23:11,662 143639 INFO cm-test-18.0 odoo.modules.loading: Module muk_web_dialog loaded in 0.13s, 87 queries (+87 other) 
2026-03-25 01:23:11,662 143639 INFO cm-test-18.0 odoo.modules.loading: Loading module numa_poly (16/211) 
2026-03-25 01:23:11,698 143639 INFO cm-test-18.0 odoo.addons.numa_poly.models.poly: [poly] Entering Phase 1: MRO Injection and attribute building 
2026-03-25 01:23:11,726 143639 INFO cm-test-18.0 odoo.addons.numa_poly.models.poly: [poly] Entering Phase 2: Final field stabilization and sanitization 
2026-03-25 01:23:11,740 143639 INFO cm-test-18.0 odoo.addons.numa_poly.models.poly: [poly] Entering Phase 1: MRO Injection and attribute building 
2026-03-25 01:23:11,768 143639 INFO cm-test-18.0 odoo.addons.numa_poly.models.poly: [poly] Entering Phase 2: Final field stabilization and sanitization 
2026-03-25 01:23:11,791 143639 INFO cm-test-18.0 odoo.modules.registry: module numa_poly: creating or updating database tables 
2026-03-25 01:23:11,927 143639 INFO cm-test-18.0 odoo.modules.loading: loading numa_poly/security/security.xml 
2026-03-25 01:23:11,928 143639 INFO cm-test-18.0 odoo.modules.loading: loading numa_poly/security/ir.model.access.csv 
2026-03-25 01:23:11,944 143639 INFO cm-test-18.0 odoo.addons.base.models.ir_module: module numa_poly: no translation for language es_AR 
2026-03-25 01:23:11,961 143639 INFO cm-test-18.0 odoo.modules.loading: Module numa_poly loaded in 0.30s, 209 queries (+209 other) 
2026-03-25 01:23:11,961 143639 INFO cm-test-18.0 odoo.modules.loading: Loading module onboarding (17/211) 
2026-03-25 01:23:11,961 143639 INFO cm-test-18.0 odoo.addons.numa_poly.models.poly: [poly] Entering Phase 1: MRO Injection and attribute building 
2026-03-25 01:23:11,988 143639 INFO cm-test-18.0 odoo.addons.numa_poly.models.poly: [poly] Entering Phase 2: Final field stabilization and sanitization 
2026-03-25 01:23:12,004 143639 INFO cm-test-18.0 odoo.addons.numa_poly.models.poly: [poly] Entering Phase 1: MRO Injection and attribute building 
2026-03-25 01:23:12,036 143639 INFO cm-test-18.0 odoo.addons.numa_poly.models.poly: [poly] Entering Phase 2: Final field stabilization and sanitization 
2026-03-25 01:23:12,052 143639 INFO cm-test-18.0 odoo.addons.numa_poly.models.poly: [poly] Entering Phase 1: MRO Injection and attribute building 
2026-03-25 01:23:12,081 143639 INFO cm-test-18.0 odoo.addons.numa_poly.models.poly: [poly] Entering Phase 2: Final field stabilization and sanitization 
2026-03-25 01:23:12,129 143639 INFO cm-test-18.0 odoo.modules.registry: module onboarding: creating or updating database tables 
2026-03-25 01:23:12,183 143639 INFO cm-test-18.0 odoo.modules.loading: loading onboarding/views/onboarding_templates.xml 
2026-03-25 01:23:12,199 143639 INFO cm-test-18.0 odoo.modules.loading: loading onboarding/views/onboarding_views.xml 
2026-03-25 01:23:12,218 143639 INFO cm-test-18.0 odoo.modules.loading: loading onboarding/views/onboarding_menus.xml 
2026-03-25 01:23:12,227 143639 INFO cm-test-18.0 odoo.modules.loading: loading onboarding/security/ir.model.access.csv 
2026-03-25 01:23:12,251 143639 INFO cm-test-18.0 odoo.addons.base.models.ir_module: module onboarding: loading translation file /home/gamarino/odoo/numa-public-odoo-18.0-numa/addons/onboarding/i18n/es.po for language es_AR 
2026-03-25 01:23:12,251 143639 INFO cm-test-18.0 odoo.tools.translate: loading base translation file /home/gamarino/odoo/numa-public-odoo-18.0-numa/addons/onboarding/i18n/es.po for language es_AR 
2026-03-25 01:23:12,255 143639 INFO cm-test-18.0 odoo.addons.base.models.ir_module: module onboarding: loading translation file /home/gamarino/odoo/numa-public-odoo-18.0-numa/addons/onboarding/i18n/es_419.po for language es_AR 
2026-03-25 01:23:12,255 143639 INFO cm-test-18.0 odoo.tools.translate: loading base translation file /home/gamarino/odoo/numa-public-odoo-18.0-numa/addons/onboarding/i18n/es_419.po for language es_AR 
2026-03-25 01:23:12,281 143639 INFO cm-test-18.0 odoo.modules.loading: Module onboarding loaded in 0.32s, 412 queries (+412 other) 
2026-03-25 01:23:12,281 143639 INFO cm-test-18.0 odoo.modules.loading: Loading module resource (18/211) 
2026-03-25 01:23:12,282 143639 INFO cm-test-18.0 odoo.addons.numa_poly.models.poly: [poly] Entering Phase 1: MRO Injection and attribute building 
2026-03-25 01:23:12,312 143639 INFO cm-test-18.0 odoo.addons.numa_poly.models.poly: [poly] Entering Phase 2: Final field stabilization and sanitization 
2026-03-25 01:23:12,403 143639 INFO cm-test-18.0 odoo.addons.numa_poly.models.poly: [poly] Entering Phase 1: MRO Injection and attribute building 
2026-03-25 01:23:12,438 143639 INFO cm-test-18.0 odoo.addons.numa_poly.models.poly: [poly] Entering Phase 2: Final field stabilization and sanitization 
2026-03-25 01:23:12,456 143639 INFO cm-test-18.0 odoo.addons.numa_poly.models.poly: [poly] Entering Phase 1: MRO Injection and attribute building 
2026-03-25 01:23:12,490 143639 INFO cm-test-18.0 odoo.addons.numa_poly.models.poly: [poly] Entering Phase 2: Final field stabilization and sanitization 
2026-03-25 01:23:12,564 143639 INFO cm-test-18.0 odoo.modules.registry: module resource: creating or updating database tables 
2026-03-25 01:23:12,676 143639 INFO cm-test-18.0 odoo.modules.loading: loading resource/data/resource_data.xml 
2026-03-25 01:23:12,680 143639 INFO cm-test-18.0 odoo.modules.loading: loading resource/security/ir.model.access.csv 
2026-03-25 01:23:12,704 143639 INFO cm-test-18.0 odoo.modules.loading: loading resource/security/resource_security.xml 
2026-03-25 01:23:12,708 143639 INFO cm-test-18.0 odoo.modules.loading: loading resource/views/resource_resource_views.xml 
2026-03-25 01:23:12,730 143639 INFO cm-test-18.0 odoo.modules.loading: loading resource/views/resource_calendar_leaves_views.xml 
2026-03-25 01:23:12,760 143639 INFO cm-test-18.0 odoo.modules.loading: loading resource/views/resource_calendar_attendance_views.xml 
2026-03-25 01:23:12,773 143639 INFO cm-test-18.0 odoo.modules.loading: loading resource/views/resource_calendar_views.xml 
2026-03-25 01:23:12,796 143639 INFO cm-test-18.0 odoo.modules.loading: loading resource/views/menuitems.xml 
2026-03-25 01:23:12,815 143639 INFO cm-test-18.0 odoo.modules.loading: Module resource: loading demo 
2026-03-25 01:23:12,816 143639 INFO cm-test-18.0 odoo.modules.loading: loading resource/data/resource_demo.xml 
2026-03-25 01:23:12,825 143639 INFO cm-test-18.0 odoo.addons.base.models.ir_module: module resource: loading translation file /home/gamarino/odoo/numa-public-odoo-18.0-numa/addons/resource/i18n/es.po for language es_AR 
2026-03-25 01:23:12,825 143639 INFO cm-test-18.0 odoo.tools.translate: loading base translation file /home/gamarino/odoo/numa-public-odoo-18.0-numa/addons/resource/i18n/es.po for language es_AR 
2026-03-25 01:23:12,834 143639 INFO cm-test-18.0 odoo.addons.base.models.ir_module: module resource: loading translation file /home/gamarino/odoo/numa-public-odoo-18.0-numa/addons/resource/i18n/es_419.po for language es_AR 
2026-03-25 01:23:12,834 143639 INFO cm-test-18.0 odoo.tools.translate: loading base translation file /home/gamarino/odoo/numa-public-odoo-18.0-numa/addons/resource/i18n/es_419.po for language es_AR 
2026-03-25 01:23:12,876 143639 INFO cm-test-18.0 odoo.modules.loading: Module resource loaded in 0.60s, 574 queries (+574 other) 
2026-03-25 01:23:12,877 143639 INFO cm-test-18.0 odoo.modules.loading: Loading module utm (19/211) 
2026-03-25 01:23:12,878 143639 INFO cm-test-18.0 odoo.addons.numa_poly.models.poly: [poly] Entering Phase 1: MRO Injection and attribute building 
2026-03-25 01:23:12,913 143639 INFO cm-test-18.0 odoo.addons.numa_poly.models.poly: [poly] Entering Phase 2: Final field stabilization and sanitization 
2026-03-25 01:23:12,935 143639 INFO cm-test-18.0 odoo.addons.numa_poly.models.poly: [poly] Entering Phase 1: MRO Injection and attribute building 
2026-03-25 01:23:12,974 143639 INFO cm-test-18.0 odoo.addons.numa_poly.models.poly: [poly] Entering Phase 2: Final field stabilization and sanitization 
2026-03-25 01:23:12,997 143639 INFO cm-test-18.0 odoo.addons.numa_poly.models.poly: [poly] Entering Phase 1: MRO Injection and attribute building 
2026-03-25 01:23:13,034 143639 INFO cm-test-18.0 odoo.addons.numa_poly.models.poly: [poly] Entering Phase 2: Final field stabilization and sanitization 
2026-03-25 01:23:13,084 143639 INFO cm-test-18.0 odoo.modules.registry: module utm: creating or updating database tables 
2026-03-25 01:23:13,156 143639 INFO cm-test-18.0 odoo.modules.loading: loading utm/data/utm_medium_data.xml 
2026-03-25 01:23:13,163 143639 INFO cm-test-18.0 odoo.modules.loading: loading utm/data/utm_source_data.xml 
2026-03-25 01:23:13,170 143639 INFO cm-test-18.0 odoo.modules.loading: loading utm/data/utm_stage_data.xml 
2026-03-25 01:23:13,175 143639 INFO cm-test-18.0 odoo.modules.loading: loading utm/data/utm_tag_data.xml 
2026-03-25 01:23:13,179 143639 INFO cm-test-18.0 odoo.modules.loading: loading utm/views/utm_campaign_views.xml 
2026-03-25 01:23:13,205 143639 INFO cm-test-18.0 odoo.modules.loading: loading utm/views/utm_medium_views.xml 
2026-03-25 01:23:13,219 143639 INFO cm-test-18.0 odoo.modules.loading: loading utm/views/utm_source_views.xml 
2026-03-25 01:23:13,232 143639 INFO cm-test-18.0 odoo.modules.loading: loading utm/views/utm_stage_views.xml 
2026-03-25 01:23:13,248 143639 INFO cm-test-18.0 odoo.modules.loading: loading utm/views/utm_tag_views.xml 
2026-03-25 01:23:13,257 143639 INFO cm-test-18.0 odoo.modules.loading: loading utm/views/utm_menus.xml 
2026-03-25 01:23:13,282 143639 INFO cm-test-18.0 odoo.modules.loading: loading utm/security/ir.model.access.csv 
2026-03-25 01:23:13,305 143639 INFO cm-test-18.0 odoo.modules.loading: Module utm: loading demo 
2026-03-25 01:23:13,305 143639 INFO cm-test-18.0 odoo.modules.loading: loading utm/data/utm_campaign_demo.xml 
2026-03-25 01:23:13,308 143639 INFO cm-test-18.0 odoo.modules.loading: loading utm/data/utm_stage_demo.xml 
2026-03-25 01:23:13,315 143639 INFO cm-test-18.0 odoo.addons.base.models.ir_module: module utm: loading translation file /home/gamarino/odoo/numa-public-odoo-18.0-numa/addons/utm/i18n/es.po for language es_AR 
2026-03-25 01:23:13,315 143639 INFO cm-test-18.0 odoo.tools.translate: loading base translation file /home/gamarino/odoo/numa-public-odoo-18.0-numa/addons/utm/i18n/es.po for language es_AR 
2026-03-25 01:23:13,321 143639 INFO cm-test-18.0 odoo.addons.base.models.ir_module: module utm: loading translation file /home/gamarino/odoo/numa-public-odoo-18.0-numa/addons/utm/i18n/es_419.po for language es_AR 
2026-03-25 01:23:13,321 143639 INFO cm-test-18.0 odoo.tools.translate: loading base translation file /home/gamarino/odoo/numa-public-odoo-18.0-numa/addons/utm/i18n/es_419.po for language es_AR 
2026-03-25 01:23:13,360 143639 INFO cm-test-18.0 odoo.modules.loading: Module utm loaded in 0.48s, 631 queries (+631 other) 
2026-03-25 01:23:13,360 143639 INFO cm-test-18.0 odoo.modules.loading: Loading module web_hierarchy (20/211) 
2026-03-25 01:23:13,361 143639 INFO cm-test-18.0 odoo.addons.numa_poly.models.poly: [poly] Entering Phase 1: MRO Injection and attribute building 
2026-03-25 01:23:13,400 143639 INFO cm-test-18.0 odoo.addons.numa_poly.models.poly: [poly] Entering Phase 2: Final field stabilization and sanitization 
2026-03-25 01:23:13,422 143639 INFO cm-test-18.0 odoo.addons.numa_poly.models.poly: [poly] Entering Phase 1: MRO Injection and attribute building 
2026-03-25 01:23:13,530 143639 INFO cm-test-18.0 odoo.addons.numa_poly.models.poly: [poly] Entering Phase 2: Final field stabilization and sanitization 
2026-03-25 01:23:13,557 143639 INFO cm-test-18.0 odoo.addons.numa_poly.models.poly: [poly] Entering Phase 1: MRO Injection and attribute building 
2026-03-25 01:23:13,672 143639 INFO cm-test-18.0 odoo.addons.numa_poly.models.poly: [poly] Entering Phase 2: Final field stabilization and sanitization 
2026-03-25 01:23:13,706 143639 INFO cm-test-18.0 odoo.modules.registry: module web_hierarchy: creating or updating database tables 
2026-03-25 01:23:14,706 143639 WARNING cm-test-18.0 odoo.addons.numa_poly.models.poly: [poly] Removing non-existent column 'flag_image' from res.lang query during boot. 
2026-03-25 01:23:14,708 143639 WARNING cm-test-18.0 odoo.addons.numa_poly.models.poly: [poly] Removing non-existent column 'dependencies_id' from ir.module.module query during boot. 
2026-03-25 01:23:14,709 143639 INFO cm-test-18.0 odoo.addons.base.models.ir_module: module web_hierarchy: loading translation file /home/gamarino/odoo/numa-public-odoo-18.0-numa/addons/web_hierarchy/i18n/es.po for language es_AR 
2026-03-25 01:23:14,709 143639 INFO cm-test-18.0 odoo.tools.translate: loading base translation file /home/gamarino/odoo/numa-public-odoo-18.0-numa/addons/web_hierarchy/i18n/es.po for language es_AR 
2026-03-25 01:23:14,710 143639 INFO cm-test-18.0 odoo.addons.base.models.ir_module: module web_hierarchy: loading translation file /home/gamarino/odoo/numa-public-odoo-18.0-numa/addons/web_hierarchy/i18n/es_419.po for language es_AR 
2026-03-25 01:23:14,710 143639 INFO cm-test-18.0 odoo.tools.translate: loading base translation file /home/gamarino/odoo/numa-public-odoo-18.0-numa/addons/web_hierarchy/i18n/es_419.po for language es_AR 
2026-03-25 01:23:14,723 143639 INFO cm-test-18.0 odoo.modules.loading: Module web_hierarchy loaded in 1.36s, 1493 queries (+1493 other) 
2026-03-25 01:23:14,724 143639 INFO cm-test-18.0 odoo.modules.loading: Loading module web_tour (21/211) 
2026-03-25 01:23:14,725 143639 INFO cm-test-18.0 odoo.addons.numa_poly.models.poly: [poly] Entering Phase 1: MRO Injection and attribute building 
2026-03-25 01:23:14,823 143639 INFO cm-test-18.0 odoo.addons.numa_poly.models.poly: [poly] Entering Phase 2: Final field stabilization and sanitization 
2026-03-25 01:23:14,846 143639 INFO cm-test-18.0 odoo.addons.numa_poly.models.poly: [poly] Entering Phase 1: MRO Injection and attribute building 
2026-03-25 01:23:14,957 143639 INFO cm-test-18.0 odoo.addons.numa_poly.models.poly: [poly] Entering Phase 2: Final field stabilization and sanitization 
2026-03-25 01:23:14,979 143639 INFO cm-test-18.0 odoo.addons.numa_poly.models.poly: [poly] Entering Phase 1: MRO Injection and attribute building 
2026-03-25 01:23:15,078 143639 INFO cm-test-18.0 odoo.addons.numa_poly.models.poly: [poly] Entering Phase 2: Final field stabilization and sanitization 
2026-03-25 01:23:15,126 143639 INFO cm-test-18.0 odoo.modules.registry: module web_tour: creating or updating database tables 
2026-03-25 01:23:15,190 143639 INFO cm-test-18.0 odoo.modules.loading: loading web_tour/security/ir.model.access.csv 
2026-03-25 01:23:15,249 143639 WARNING cm-test-18.0 odoo.addons.numa_poly.models.poly: [poly] Removing non-existent column 'flag_image' from res.lang query during boot. 
2026-03-25 01:23:15,259 143639 INFO cm-test-18.0 odoo.modules.loading: loading web_tour/views/tour_views.xml 
2026-03-25 01:23:15,329 143639 INFO cm-test-18.0 odoo.modules.loading: loading web_tour/views/res_users_views.xml 
2026-03-25 01:23:15,334 143639 WARNING cm-test-18.0 odoo.addons.numa_poly.models.poly: [poly] Removing non-existent column 'groups_id' from ir.ui.view query during boot. 
2026-03-25 01:23:15,342 143639 WARNING cm-test-18.0 odoo.addons.numa_poly.models.poly: [poly] Removing non-existent column 'flag_image' from res.lang query during boot. 
2026-03-25 01:23:15,343 143639 WARNING cm-test-18.0 odoo.addons.numa_poly.models.poly: [poly] Removing non-existent column 'dependencies_id' from ir.module.module query during boot. 
2026-03-25 01:23:15,344 143639 INFO cm-test-18.0 odoo.addons.base.models.ir_module: module web_tour: loading translation file /home/gamarino/odoo/numa-public-odoo-18.0-numa/addons/web_tour/i18n/es.po for language es_AR 
2026-03-25 01:23:15,344 143639 INFO cm-test-18.0 odoo.tools.translate: loading base translation file /home/gamarino/odoo/numa-public-odoo-18.0-numa/addons/web_tour/i18n/es.po for language es_AR 
2026-03-25 01:23:15,347 143639 INFO cm-test-18.0 odoo.addons.base.models.ir_module: module web_tour: loading translation file /home/gamarino/odoo/numa-public-odoo-18.0-numa/addons/web_tour/i18n/es_419.po for language es_AR 
2026-03-25 01:23:15,347 143639 INFO cm-test-18.0 odoo.tools.translate: loading base translation file /home/gamarino/odoo/numa-public-odoo-18.0-numa/addons/web_tour/i18n/es_419.po for language es_AR 
2026-03-25 01:23:15,448 143639 INFO cm-test-18.0 odoo.modules.loading: Module web_tour loaded in 0.72s, 560 queries (+560 other) 
2026-03-25 01:23:15,448 143639 INFO cm-test-18.0 odoo.modules.loading: Loading module barcodes_gs1_nomenclature (22/211) 
2026-03-25 01:23:15,450 143639 INFO cm-test-18.0 odoo.addons.numa_poly.models.poly: [poly] Entering Phase 1: MRO Injection and attribute building 
2026-03-25 01:23:15,554 143639 INFO cm-test-18.0 odoo.addons.numa_poly.models.poly: [poly] Entering Phase 2: Final field stabilization and sanitization 
2026-03-25 01:23:15,577 143639 INFO cm-test-18.0 odoo.addons.numa_poly.models.poly: [poly] Entering Phase 1: MRO Injection and attribute building 
2026-03-25 01:23:15,676 143639 INFO cm-test-18.0 odoo.addons.numa_poly.models.poly: [poly] Entering Phase 2: Final field stabilization and sanitization 
2026-03-25 01:23:15,697 143639 INFO cm-test-18.0 odoo.addons.numa_poly.models.poly: [poly] Entering Phase 1: MRO Injection and attribute building 
2026-03-25 01:23:15,799 143639 INFO cm-test-18.0 odoo.addons.numa_poly.models.poly: [poly] Entering Phase 2: Final field stabilization and sanitization 
2026-03-25 01:23:15,826 143639 INFO cm-test-18.0 odoo.modules.registry: module barcodes_gs1_nomenclature: creating or updating database tables 
2026-03-25 01:23:15,868 143639 INFO cm-test-18.0 odoo.modules.loading: loading barcodes_gs1_nomenclature/data/barcodes_gs1_rules.xml 
2026-03-25 01:23:15,885 143639 INFO cm-test-18.0 odoo.modules.loading: loading barcodes_gs1_nomenclature/views/barcodes_view.xml 
2026-03-25 01:23:15,890 143639 WARNING cm-test-18.0 odoo.addons.numa_poly.models.poly: [poly] Removing non-existent column 'groups_id' from ir.ui.view query during boot. 
2026-03-25 01:23:15,897 143639 WARNING cm-test-18.0 odoo.addons.numa_poly.models.poly: [poly] Removing non-existent column 'groups_id' from ir.ui.view query during boot. 
2026-03-25 01:23:15,903 143639 WARNING cm-test-18.0 odoo.addons.numa_poly.models.poly: [poly] Removing non-existent column 'groups_id' from ir.ui.view query during boot. 
2026-03-25 01:23:15,908 143639 WARNING cm-test-18.0 odoo.addons.numa_poly.models.poly: [poly] Removing non-existent column 'flag_image' from res.lang query during boot. 
2026-03-25 01:23:15,908 143639 WARNING cm-test-18.0 odoo.addons.numa_poly.models.poly: [poly] Removing non-existent column 'dependencies_id' from ir.module.module query during boot. 
2026-03-25 01:23:15,909 143639 INFO cm-test-18.0 odoo.addons.base.models.ir_module: module barcodes_gs1_nomenclature: loading translation file /home/gamarino/odoo/numa-public-odoo-18.0-numa/addons/barcodes_gs1_nomenclature/i18n/es.po for language es_AR 
2026-03-25 01:23:15,909 143639 INFO cm-test-18.0 odoo.tools.translate: loading base translation file /home/gamarino/odoo/numa-public-odoo-18.0-numa/addons/barcodes_gs1_nomenclature/i18n/es.po for language es_AR 
2026-03-25 01:23:15,912 143639 INFO cm-test-18.0 odoo.addons.base.models.ir_module: module barcodes_gs1_nomenclature: loading translation file /home/gamarino/odoo/numa-public-odoo-18.0-numa/addons/barcodes_gs1_nomenclature/i18n/es_419.po for language es_AR 
2026-03-25 01:23:15,912 143639 INFO cm-test-18.0 odoo.tools.translate: loading base translation file /home/gamarino/odoo/numa-public-odoo-18.0-numa/addons/barcodes_gs1_nomenclature/i18n/es_419.po for language es_AR 
2026-03-25 01:23:15,937 143639 INFO cm-test-18.0 odoo.modules.loading: Module barcodes_gs1_nomenclature loaded in 0.49s, 414 queries (+414 other) 
2026-03-25 01:23:15,937 143639 INFO cm-test-18.0 odoo.modules.loading: Loading module certificate (23/211) 
2026-03-25 01:23:15,939 143639 INFO cm-test-18.0 odoo.addons.numa_poly.models.poly: [poly] Entering Phase 1: MRO Injection and attribute building 
2026-03-25 01:23:16,040 143639 INFO cm-test-18.0 odoo.addons.numa_poly.models.poly: [poly] Entering Phase 2: Final field stabilization and sanitization 
2026-03-25 01:23:16,062 143639 INFO cm-test-18.0 odoo.addons.numa_poly.models.poly: [poly] Entering Phase 1: MRO Injection and attribute building 
2026-03-25 01:23:16,162 143639 INFO cm-test-18.0 odoo.addons.numa_poly.models.poly: [poly] Entering Phase 2: Final field stabilization and sanitization 
2026-03-25 01:23:16,182 143639 INFO cm-test-18.0 odoo.addons.numa_poly.models.poly: [poly] Entering Phase 1: MRO Injection and attribute building 
2026-03-25 01:23:16,286 143639 INFO cm-test-18.0 odoo.addons.numa_poly.models.poly: [poly] Entering Phase 2: Final field stabilization and sanitization 
2026-03-25 01:23:16,347 143639 INFO cm-test-18.0 odoo.modules.registry: module certificate: creating or updating database tables 
2026-03-25 01:23:16,386 143639 INFO cm-test-18.0 odoo.modules.loading: loading certificate/security/ir.model.access.csv 
2026-03-25 01:23:16,392 143639 WARNING cm-test-18.0 odoo.addons.numa_poly.models.poly: [poly] Removing non-existent column 'flag_image' from res.lang query during boot. 
2026-03-25 01:23:16,398 143639 INFO cm-test-18.0 odoo.modules.loading: loading certificate/security/certificate_security.xml 
2026-03-25 01:23:16,401 143639 INFO cm-test-18.0 odoo.modules.loading: loading certificate/views/certificate_views.xml 
2026-03-25 01:23:16,414 143639 INFO cm-test-18.0 odoo.modules.loading: loading certificate/views/key_views.xml 
2026-03-25 01:23:16,427 143639 INFO cm-test-18.0 odoo.modules.loading: loading certificate/views/action_menus.xml 
2026-03-25 01:23:16,431 143639 WARNING cm-test-18.0 odoo.addons.numa_poly.models.poly: [poly] Removing non-existent column 'flag_image' from res.lang query during boot. 
2026-03-25 01:23:16,439 143639 INFO cm-test-18.0 odoo.modules.loading: loading certificate/views/res_config_settings_view.xml 
2026-03-25 01:23:16,443 143639 WARNING cm-test-18.0 odoo.addons.numa_poly.models.poly: [poly] Removing non-existent column 'groups_id' from ir.ui.view query during boot. 
2026-03-25 01:23:16,451 143639 WARNING cm-test-18.0 odoo.addons.numa_poly.models.poly: [poly] Removing non-existent column 'dependencies_id' from ir.module.module query during boot. 
2026-03-25 01:23:16,452 143639 INFO cm-test-18.0 odoo.addons.base.models.ir_module: module certificate: loading translation file /home/gamarino/odoo/numa-public-odoo-18.0-numa/addons/certificate/i18n/es.po for language es_AR 
2026-03-25 01:23:16,452 143639 INFO cm-test-18.0 odoo.tools.translate: loading base translation file /home/gamarino/odoo/numa-public-odoo-18.0-numa/addons/certificate/i18n/es.po for language es_AR 
2026-03-25 01:23:16,455 143639 INFO cm-test-18.0 odoo.addons.base.models.ir_module: module certificate: loading translation file /home/gamarino/odoo/numa-public-odoo-18.0-numa/addons/certificate/i18n/es_419.po for language es_AR 
2026-03-25 01:23:16,456 143639 INFO cm-test-18.0 odoo.tools.translate: loading base translation file /home/gamarino/odoo/numa-public-odoo-18.0-numa/addons/certificate/i18n/es_419.po for language es_AR 
2026-03-25 01:23:16,478 143639 INFO cm-test-18.0 odoo.modules.loading: Module certificate loaded in 0.54s, 438 queries (+438 other) 
2026-03-25 01:23:16,478 143639 INFO cm-test-18.0 odoo.modules.loading: Loading module google_recaptcha (24/211) 
2026-03-25 01:23:16,479 143639 INFO cm-test-18.0 odoo.addons.numa_poly.models.poly: [poly] Entering Phase 1: MRO Injection and attribute building 
2026-03-25 01:23:16,596 143639 INFO cm-test-18.0 odoo.addons.numa_poly.models.poly: [poly] Entering Phase 2: Final field stabilization and sanitization 
2026-03-25 01:23:16,620 143639 INFO cm-test-18.0 odoo.addons.numa_poly.models.poly: [poly] Entering Phase 1: MRO Injection and attribute building 
2026-03-25 01:23:16,738 143639 INFO cm-test-18.0 odoo.addons.numa_poly.models.poly: [poly] Entering Phase 2: Final field stabilization and sanitization 
2026-03-25 01:23:16,764 143639 INFO cm-test-18.0 odoo.addons.numa_poly.models.poly: [poly] Entering Phase 1: MRO Injection and attribute building 
2026-03-25 01:23:16,889 143639 INFO cm-test-18.0 odoo.addons.numa_poly.models.poly: [poly] Entering Phase 2: Final field stabilization and sanitization 
2026-03-25 01:23:16,914 143639 INFO cm-test-18.0 odoo.modules.registry: module google_recaptcha: creating or updating database tables 
2026-03-25 01:23:16,954 143639 INFO cm-test-18.0 odoo.modules.loading: loading google_recaptcha/views/res_config_settings_view.xml 
2026-03-25 01:23:16,959 143639 WARNING cm-test-18.0 odoo.addons.numa_poly.models.poly: [poly] Removing non-existent column 'groups_id' from ir.ui.view query during boot. 
2026-03-25 01:23:16,967 143639 WARNING cm-test-18.0 odoo.addons.numa_poly.models.poly: [poly] Removing non-existent column 'flag_image' from res.lang query during boot. 
2026-03-25 01:23:16,967 143639 WARNING cm-test-18.0 odoo.addons.numa_poly.models.poly: [poly] Removing non-existent column 'dependencies_id' from ir.module.module query during boot. 
2026-03-25 01:23:16,968 143639 INFO cm-test-18.0 odoo.addons.base.models.ir_module: module google_recaptcha: loading translation file /home/gamarino/odoo/numa-public-odoo-18.0-numa/addons/google_recaptcha/i18n/es.po for language es_AR 
2026-03-25 01:23:16,968 143639 INFO cm-test-18.0 odoo.tools.translate: loading base translation file /home/gamarino/odoo/numa-public-odoo-18.0-numa/addons/google_recaptcha/i18n/es.po for language es_AR 
2026-03-25 01:23:16,969 143639 INFO cm-test-18.0 odoo.addons.base.models.ir_module: module google_recaptcha: loading translation file /home/gamarino/odoo/numa-public-odoo-18.0-numa/addons/google_recaptcha/i18n/es_419.po for language es_AR 
2026-03-25 01:23:16,969 143639 INFO cm-test-18.0 odoo.tools.translate: loading base translation file /home/gamarino/odoo/numa-public-odoo-18.0-numa/addons/google_recaptcha/i18n/es_419.po for language es_AR 
2026-03-25 01:23:16,991 143639 INFO cm-test-18.0 odoo.modules.loading: Module google_recaptcha loaded in 0.51s, 336 queries (+336 other) 
2026-03-25 01:23:16,991 143639 INFO cm-test-18.0 odoo.modules.loading: Loading module html_editor (25/211) 
2026-03-25 01:23:16,993 143639 INFO cm-test-18.0 odoo.addons.numa_poly.models.poly: [poly] Entering Phase 1: MRO Injection and attribute building 
2026-03-25 01:23:17,093 143639 INFO cm-test-18.0 odoo.addons.numa_poly.models.poly: [poly] Entering Phase 2: Final field stabilization and sanitization 
2026-03-25 01:23:17,182 143639 INFO cm-test-18.0 odoo.addons.numa_poly.models.poly: [poly] Entering Phase 1: MRO Injection and attribute building 
2026-03-25 01:23:17,294 143639 INFO cm-test-18.0 odoo.addons.numa_poly.models.poly: [poly] Entering Phase 2: Final field stabilization and sanitization 
2026-03-25 01:23:17,317 143639 INFO cm-test-18.0 odoo.addons.numa_poly.models.poly: [poly] Entering Phase 1: MRO Injection and attribute building 
2026-03-25 01:23:17,421 143639 INFO cm-test-18.0 odoo.addons.numa_poly.models.poly: [poly] Entering Phase 2: Final field stabilization and sanitization 
2026-03-25 01:23:17,441 143639 INFO cm-test-18.0 odoo.modules.registry: module html_editor: creating or updating database tables 
2026-03-25 01:23:17,477 143639 WARNING cm-test-18.0 odoo.addons.numa_poly.models.poly: [poly] Removing non-existent column 'flag_image' from res.lang query during boot. 
2026-03-25 01:23:17,477 143639 WARNING cm-test-18.0 odoo.addons.numa_poly.models.poly: [poly] Removing non-existent column 'dependencies_id' from ir.module.module query during boot. 
2026-03-25 01:23:17,477 143639 INFO cm-test-18.0 odoo.addons.base.models.ir_module: module html_editor: loading translation file /home/gamarino/odoo/numa-public-odoo-18.0-numa/addons/html_editor/i18n/es.po for language es_AR 
2026-03-25 01:23:17,477 143639 INFO cm-test-18.0 odoo.tools.translate: loading base translation file /home/gamarino/odoo/numa-public-odoo-18.0-numa/addons/html_editor/i18n/es.po for language es_AR 
2026-03-25 01:23:17,562 143639 INFO cm-test-18.0 odoo.addons.base.models.ir_module: module html_editor: loading translation file /home/gamarino/odoo/numa-public-odoo-18.0-numa/addons/html_editor/i18n/es_419.po for language es_AR 
2026-03-25 01:23:17,562 143639 INFO cm-test-18.0 odoo.tools.translate: loading base translation file /home/gamarino/odoo/numa-public-odoo-18.0-numa/addons/html_editor/i18n/es_419.po for language es_AR 
2026-03-25 01:23:17,590 143639 INFO cm-test-18.0 odoo.modules.loading: Module html_editor loaded in 0.60s, 320 queries (+320 other) 
2026-03-25 01:23:17,590 143639 INFO cm-test-18.0 odoo.modules.loading: Loading module iap (26/211) 
2026-03-25 01:23:17,592 143639 INFO cm-test-18.0 odoo.addons.numa_poly.models.poly: [poly] Entering Phase 1: MRO Injection and attribute building 
2026-03-25 01:23:17,691 143639 INFO cm-test-18.0 odoo.addons.numa_poly.models.poly: [poly] Entering Phase 2: Final field stabilization and sanitization 
2026-03-25 01:23:17,713 143639 INFO cm-test-18.0 odoo.addons.numa_poly.models.poly: [poly] Entering Phase 1: MRO Injection and attribute building 
2026-03-25 01:23:17,822 143639 INFO cm-test-18.0 odoo.addons.numa_poly.models.poly: [poly] Entering Phase 2: Final field stabilization and sanitization 
2026-03-25 01:23:17,843 143639 INFO cm-test-18.0 odoo.addons.numa_poly.models.poly: [poly] Entering Phase 1: MRO Injection and attribute building 
2026-03-25 01:23:17,950 143639 INFO cm-test-18.0 odoo.addons.numa_poly.models.poly: [poly] Entering Phase 2: Final field stabilization and sanitization 
2026-03-25 01:23:17,998 143639 INFO cm-test-18.0 odoo.modules.registry: module iap: creating or updating database tables 
2026-03-25 01:23:18,044 143639 INFO cm-test-18.0 odoo.modules.loading: loading iap/data/services.xml 
2026-03-25 01:23:18,048 143639 INFO cm-test-18.0 odoo.modules.loading: loading iap/security/ir.model.access.csv 
2026-03-25 01:23:18,054 143639 WARNING cm-test-18.0 odoo.addons.numa_poly.models.poly: [poly] Removing non-existent column 'flag_image' from res.lang query during boot. 
2026-03-25 01:23:18,064 143639 INFO cm-test-18.0 odoo.modules.loading: loading iap/security/ir_rule.xml 
2026-03-25 01:23:18,067 143639 INFO cm-test-18.0 odoo.modules.loading: loading iap/views/iap_views.xml 
2026-03-25 01:23:18,088 143639 INFO cm-test-18.0 odoo.modules.loading: loading iap/views/res_config_settings.xml 
2026-03-25 01:23:18,095 143639 WARNING cm-test-18.0 odoo.addons.numa_poly.models.poly: [poly] Removing non-existent column 'groups_id' from ir.ui.view query during boot. 
2026-03-25 01:23:18,106 143639 WARNING cm-test-18.0 odoo.addons.numa_poly.models.poly: [poly] Removing non-existent column 'flag_image' from res.lang query during boot. 
2026-03-25 01:23:18,107 143639 WARNING cm-test-18.0 odoo.addons.numa_poly.models.poly: [poly] Removing non-existent column 'dependencies_id' from ir.module.module query during boot. 
2026-03-25 01:23:18,107 143639 INFO cm-test-18.0 odoo.addons.base.models.ir_module: module iap: loading translation file /home/gamarino/odoo/numa-public-odoo-18.0-numa/addons/iap/i18n/es.po for language es_AR 
2026-03-25 01:23:18,108 143639 INFO cm-test-18.0 odoo.tools.translate: loading base translation file /home/gamarino/odoo/numa-public-odoo-18.0-numa/addons/iap/i18n/es.po for language es_AR 
2026-03-25 01:23:18,111 143639 INFO cm-test-18.0 odoo.addons.base.models.ir_module: module iap: loading translation file /home/gamarino/odoo/numa-public-odoo-18.0-numa/addons/iap/i18n/es_419.po for language es_AR 
2026-03-25 01:23:18,111 143639 INFO cm-test-18.0 odoo.tools.translate: loading base translation file /home/gamarino/odoo/numa-public-odoo-18.0-numa/addons/iap/i18n/es_419.po for language es_AR 
2026-03-25 01:23:18,136 143639 INFO cm-test-18.0 odoo.modules.loading: Module iap loaded in 0.55s, 450 queries (+450 other) 
2026-03-25 01:23:18,136 143639 INFO cm-test-18.0 odoo.modules.loading: Loading module muk_web_appsbar (27/211) 
2026-03-25 01:23:18,138 143639 INFO cm-test-18.0 odoo.addons.numa_poly.models.poly: [poly] Entering Phase 1: MRO Injection and attribute building 
2026-03-25 01:23:18,268 143639 INFO cm-test-18.0 odoo.addons.numa_poly.models.poly: [poly] Entering Phase 2: Final field stabilization and sanitization 
2026-03-25 01:23:18,299 143639 INFO cm-test-18.0 odoo.addons.numa_poly.models.poly: [poly] Entering Phase 1: MRO Injection and attribute building 
2026-03-25 01:23:18,420 143639 INFO cm-test-18.0 odoo.addons.numa_poly.models.poly: [poly] Entering Phase 2: Final field stabilization and sanitization 
2026-03-25 01:23:18,445 143639 INFO cm-test-18.0 odoo.addons.numa_poly.models.poly: [poly] Entering Phase 1: MRO Injection and attribute building 
2026-03-25 01:23:18,558 143639 INFO cm-test-18.0 odoo.addons.numa_poly.models.poly: [poly] Entering Phase 2: Final field stabilization and sanitization 
2026-03-25 01:23:18,580 143639 INFO cm-test-18.0 odoo.modules.registry: module muk_web_appsbar: creating or updating database tables 
2026-03-25 01:23:18,670 143639 INFO cm-test-18.0 odoo.modules.loading: loading muk_web_appsbar/templates/webclient.xml 
2026-03-25 01:23:18,677 143639 WARNING cm-test-18.0 odoo.addons.numa_poly.models.poly: [poly] Removing non-existent column 'groups_id' from ir.ui.view query during boot. 
2026-03-25 01:23:18,681 143639 INFO cm-test-18.0 odoo.modules.loading: loading muk_web_appsbar/views/res_users.xml 
2026-03-25 01:23:18,685 143639 WARNING cm-test-18.0 odoo.addons.numa_poly.models.poly: [poly] Removing non-existent column 'groups_id' from ir.ui.view query during boot. 
2026-03-25 01:23:18,690 143639 INFO cm-test-18.0 odoo.modules.loading: loading muk_web_appsbar/views/res_config_settings.xml 
2026-03-25 01:23:18,695 143639 WARNING cm-test-18.0 odoo.addons.numa_poly.models.poly: [poly] Removing non-existent column 'groups_id' from ir.ui.view query during boot. 
2026-03-25 01:23:18,703 143639 WARNING cm-test-18.0 odoo.addons.numa_poly.models.poly: [poly] Removing non-existent column 'flag_image' from res.lang query during boot. 
2026-03-25 01:23:18,704 143639 WARNING cm-test-18.0 odoo.addons.numa_poly.models.poly: [poly] Removing non-existent column 'dependencies_id' from ir.module.module query during boot. 
2026-03-25 01:23:18,704 143639 INFO cm-test-18.0 odoo.addons.base.models.ir_module: module muk_web_appsbar: no translation for language es_AR 
2026-03-25 01:23:18,714 143639 INFO cm-test-18.0 odoo.modules.loading: Module muk_web_appsbar loaded in 0.58s, 411 queries (+411 other) 
2026-03-25 01:23:18,714 143639 INFO cm-test-18.0 odoo.modules.loading: Loading module numa_real_time_observability (28/211) 
2026-03-25 01:23:18,715 143639 INFO cm-test-18.0 odoo.addons.numa_poly.models.poly: [poly] Entering Phase 1: MRO Injection and attribute building 
2026-03-25 01:23:18,824 143639 INFO cm-test-18.0 odoo.addons.numa_poly.models.poly: [poly] Entering Phase 2: Final field stabilization and sanitization 
2026-03-25 01:23:18,848 143639 INFO cm-test-18.0 odoo.addons.numa_poly.models.poly: [poly] Entering Phase 1: MRO Injection and attribute building 
2026-03-25 01:23:18,954 143639 INFO cm-test-18.0 odoo.addons.numa_poly.models.poly: [poly] Entering Phase 2: Final field stabilization and sanitization 
2026-03-25 01:23:18,977 143639 INFO cm-test-18.0 odoo.addons.numa_poly.models.poly: [poly] Entering Phase 1: MRO Injection and attribute building 
2026-03-25 01:23:19,087 143639 INFO cm-test-18.0 odoo.addons.numa_poly.models.poly: [poly] Entering Phase 2: Final field stabilization and sanitization 
2026-03-25 01:23:19,111 143639 INFO cm-test-18.0 odoo.modules.registry: module numa_real_time_observability: creating or updating database tables 
<string>:13: (WARNING/2) Title underline too short.

Key Features:
------------
2026-03-25 01:23:19,138 143639 INFO cm-test-18.0 odoo.modules.loading: loading numa_real_time_observability/security/security.xml 
2026-03-25 01:23:19,141 143639 WARNING cm-test-18.0 odoo.addons.numa_poly.models.poly: [poly] Removing non-existent column 'flag_image' from res.lang query during boot. 
2026-03-25 01:23:19,141 143639 WARNING cm-test-18.0 odoo.addons.numa_poly.models.poly: [poly] Removing non-existent column 'dependencies_id' from ir.module.module query during boot. 
2026-03-25 01:23:19,142 143639 INFO cm-test-18.0 odoo.addons.base.models.ir_module: module numa_real_time_observability: no translation for language es_AR 
2026-03-25 01:23:19,160 143639 INFO cm-test-18.0 odoo.modules.loading: Module numa_real_time_observability loaded in 0.45s, 311 queries (+311 other) 
2026-03-25 01:23:19,160 143639 INFO cm-test-18.0 odoo.modules.loading: Loading module mail (29/211) 
2026-03-25 01:23:19,161 143639 INFO cm-test-18.0 odoo.addons.numa_poly.models.poly: [poly] Entering Phase 1: MRO Injection and attribute building 
2026-03-25 01:23:19,267 143639 INFO cm-test-18.0 odoo.addons.numa_poly.models.poly: [poly] Entering Phase 2: Final field stabilization and sanitization 
2026-03-25 01:23:19,294 143639 INFO cm-test-18.0 odoo.addons.numa_poly.models.poly: [poly] Entering Phase 1: MRO Injection and attribute building 
2026-03-25 01:23:19,510 143639 INFO cm-test-18.0 odoo.addons.numa_poly.models.poly: [poly] Entering Phase 2: Final field stabilization and sanitization 
2026-03-25 01:23:19,553 143639 INFO cm-test-18.0 odoo.addons.numa_poly.models.poly: [poly] Entering Phase 1: MRO Injection and attribute building 
2026-03-25 01:23:19,754 143639 INFO cm-test-18.0 odoo.addons.numa_poly.models.poly: [poly] Entering Phase 2: Final field stabilization and sanitization 
2026-03-25 01:23:20,584 143639 INFO cm-test-18.0 odoo.modules.registry: module mail: creating or updating database tables 
<string>:38: (ERROR/3) Unexpected indentation.
<string>:43: (WARNING/2) Block quote ends without a blank line; unexpected unindent.
2026-03-25 01:23:21,857 143639 INFO cm-test-18.0 odoo.modules.loading: loading mail/data/mail_groups.xml 
2026-03-25 01:23:21,862 143639 INFO cm-test-18.0 odoo.modules.loading: loading mail/wizard/mail_activity_schedule_views.xml 
2026-03-25 01:23:21,869 143639 INFO cm-test-18.0 odoo.modules.loading: loading mail/wizard/mail_blacklist_remove_views.xml 
2026-03-25 01:23:21,876 143639 INFO cm-test-18.0 odoo.modules.loading: loading mail/wizard/mail_compose_message_views.xml 
2026-03-25 01:23:21,896 143639 INFO cm-test-18.0 odoo.modules.loading: loading mail/wizard/mail_resend_message_views.xml 
2026-03-25 01:23:21,904 143639 INFO cm-test-18.0 odoo.modules.loading: loading mail/wizard/mail_resend_partner_views.xml 
2026-03-25 01:23:21,912 143639 INFO cm-test-18.0 odoo.modules.loading: loading mail/wizard/mail_template_preview_views.xml 
2026-03-25 01:23:21,919 143639 INFO cm-test-18.0 odoo.modules.loading: loading mail/wizard/mail_wizard_invite_views.xml 
2026-03-25 01:23:21,924 143639 INFO cm-test-18.0 odoo.modules.loading: loading mail/wizard/mail_template_reset_views.xml 
2026-03-25 01:23:21,932 143639 INFO cm-test-18.0 odoo.modules.loading: loading mail/views/fetchmail_views.xml 
2026-03-25 01:23:21,947 143639 INFO cm-test-18.0 odoo.modules.loading: loading mail/views/mail_message_subtype_views.xml 
2026-03-25 01:23:21,963 143639 INFO cm-test-18.0 odoo.modules.loading: loading mail/views/mail_tracking_value_views.xml 
2026-03-25 01:23:21,974 143639 INFO cm-test-18.0 odoo.modules.loading: loading mail/views/mail_notification_views.xml 
2026-03-25 01:23:21,986 143639 INFO cm-test-18.0 odoo.modules.loading: loading mail/views/mail_message_views.xml 
2026-03-25 01:23:22,010 143639 WARNING cm-test-18.0 odoo.addons.numa_poly.models.poly: [poly] Removing non-existent column 'flag_image' from res.lang query during boot. 
2026-03-25 01:23:22,011 143639 INFO cm-test-18.0 odoo.modules.loading: loading mail/views/mail_message_schedule_views.xml 
2026-03-25 01:23:22,027 143639 INFO cm-test-18.0 odoo.modules.loading: loading mail/views/mail_mail_views.xml 
2026-03-25 01:23:22,044 143639 INFO cm-test-18.0 odoo.modules.loading: loading mail/views/mail_followers_views.xml 
2026-03-25 01:23:22,055 143639 INFO cm-test-18.0 odoo.modules.loading: loading mail/views/mail_ice_server_views.xml 
2026-03-25 01:23:22,065 143639 INFO cm-test-18.0 odoo.modules.loading: loading mail/views/discuss_channel_member_views.xml 
2026-03-25 01:23:22,076 143639 INFO cm-test-18.0 odoo.modules.loading: loading mail/views/discuss_channel_rtc_session_views.xml 
2026-03-25 01:23:22,090 143639 INFO cm-test-18.0 odoo.modules.loading: loading mail/views/mail_link_preview_views.xml 
2026-03-25 01:23:22,100 143639 INFO cm-test-18.0 odoo.modules.loading: loading mail/views/discuss/discuss_gif_favorite_views.xml 
2026-03-25 01:23:22,110 143639 INFO cm-test-18.0 odoo.modules.loading: loading mail/views/discuss_channel_views.xml 
2026-03-25 01:23:22,130 143639 INFO cm-test-18.0 odoo.modules.loading: loading mail/views/mail_canned_response_views.xml 
2026-03-25 01:23:22,146 143639 INFO cm-test-18.0 odoo.modules.loading: loading mail/views/mail_activity_views.xml 
2026-03-25 01:23:22,154 143639 WARNING cm-test-18.0 odoo.addons.numa_poly.models.poly: [poly] Removing non-existent column 'groups_id' from ir.ui.view query during boot. 
2026-03-25 01:23:22,179 143639 WARNING cm-test-18.0 odoo.addons.numa_poly.models.poly: [poly] Removing non-existent column 'groups_id' from ir.ui.view query during boot. 
2026-03-25 01:23:22,195 143639 WARNING cm-test-18.0 odoo.addons.numa_poly.models.poly: [poly] Removing non-existent column 'groups_id' from ir.ui.view query during boot. 
2026-03-25 01:23:22,331 143639 WARNING cm-test-18.0 odoo.addons.numa_poly.models.poly: [poly] Removing non-existent column 'groups_id' from ir.ui.view query during boot. 
2026-03-25 01:23:22,486 143639 INFO cm-test-18.0 odoo.modules.loading: loading mail/views/mail_activity_plan_views.xml 
2026-03-25 01:23:22,497 143639 WARNING cm-test-18.0 odoo.addons.numa_poly.models.poly: [poly] Removing non-existent column 'groups_id' from ir.ui.view query during boot. 
2026-03-25 01:23:22,511 143639 WARNING cm-test-18.0 odoo.addons.numa_poly.models.poly: [poly] Removing non-existent column 'groups_id' from ir.ui.view query during boot. 
2026-03-25 01:23:22,520 143639 INFO cm-test-18.0 odoo.modules.loading: loading mail/views/mail_activity_plan_template_views.xml 
2026-03-25 01:23:22,529 143639 INFO cm-test-18.0 odoo.modules.loading: loading mail/views/res_config_settings_views.xml 
2026-03-25 01:23:22,534 143639 WARNING cm-test-18.0 odoo.addons.numa_poly.models.poly: [poly] Removing non-existent column 'groups_id' from ir.ui.view query during boot. 
2026-03-25 01:23:22,542 143639 INFO cm-test-18.0 odoo.modules.loading: loading mail/data/ir_config_parameter_data.xml 
2026-03-25 01:23:22,544 143639 INFO cm-test-18.0 odoo.modules.loading: loading mail/data/res_partner_data.xml 
2026-03-25 01:23:22,548 143639 INFO cm-test-18.0 odoo.modules.loading: loading mail/data/mail_message_subtype_data.xml 
2026-03-25 01:23:22,552 143639 INFO cm-test-18.0 odoo.modules.loading: loading mail/data/mail_templates_chatter.xml 
2026-03-25 01:23:22,570 143639 INFO cm-test-18.0 odoo.modules.loading: loading mail/data/mail_templates_email_layouts.xml 
2026-03-25 01:23:22,591 143639 WARNING cm-test-18.0 odoo.addons.numa_poly.models.poly: [poly] Removing non-existent column 'groups_id' from ir.ui.view query during boot. 
2026-03-25 01:23:22,594 143639 INFO cm-test-18.0 odoo.modules.loading: loading mail/data/mail_templates_mailgateway.xml 
2026-03-25 01:23:22,613 143639 INFO cm-test-18.0 odoo.modules.loading: loading mail/data/discuss_channel_data.xml 
2026-03-25 01:23:22,621 143639 INFO cm-test-18.0 odoo.modules.loading: loading mail/data/mail_activity_data.xml 
2026-03-25 01:23:22,625 143639 INFO cm-test-18.0 odoo.modules.loading: loading mail/data/security_notifications_templates.xml 
2026-03-25 01:23:22,631 143639 INFO cm-test-18.0 odoo.modules.loading: loading mail/data/ir_cron_data.xml 
2026-03-25 01:23:22,638 143639 INFO cm-test-18.0 odoo.modules.loading: loading mail/data/ir_actions_client.xml 
2026-03-25 01:23:22,642 143639 INFO cm-test-18.0 odoo.modules.loading: loading mail/security/mail_security.xml 
2026-03-25 01:23:22,654 143639 INFO cm-test-18.0 odoo.modules.loading: loading mail/security/ir.model.access.csv 
2026-03-25 01:23:22,747 143639 INFO cm-test-18.0 odoo.modules.loading: loading mail/views/discuss_public_templates.xml 
2026-03-25 01:23:22,754 143639 INFO cm-test-18.0 odoo.modules.loading: loading mail/views/mail_alias_domain_views.xml 
2026-03-25 01:23:22,768 143639 INFO cm-test-18.0 odoo.modules.loading: loading mail/views/mail_alias_views.xml 
2026-03-25 01:23:22,785 143639 INFO cm-test-18.0 odoo.modules.loading: loading mail/views/mail_gateway_allowed_views.xml 
2026-03-25 01:23:22,797 143639 INFO cm-test-18.0 odoo.modules.loading: loading mail/views/mail_guest_views.xml 
2026-03-25 01:23:22,806 143639 INFO cm-test-18.0 odoo.modules.loading: loading mail/views/mail_message_reaction_views.xml 
2026-03-25 01:23:22,817 143639 INFO cm-test-18.0 odoo.modules.loading: loading mail/views/mail_templates_public.xml 
2026-03-25 01:23:22,828 143639 INFO cm-test-18.0 odoo.modules.loading: loading mail/views/res_users_views.xml 
2026-03-25 01:23:22,833 143639 WARNING cm-test-18.0 odoo.addons.numa_poly.models.poly: [poly] Removing non-existent column 'groups_id' from ir.ui.view query during boot. 
2026-03-25 01:23:22,841 143639 WARNING cm-test-18.0 odoo.addons.numa_poly.models.poly: [poly] Removing non-existent column 'groups_id' from ir.ui.view query during boot. 
2026-03-25 01:23:22,846 143639 INFO cm-test-18.0 odoo.modules.loading: loading mail/views/res_users_settings_views.xml 
2026-03-25 01:23:22,857 143639 INFO cm-test-18.0 odoo.modules.loading: loading mail/views/mail_template_views.xml 
2026-03-25 01:23:22,879 143639 INFO cm-test-18.0 odoo.modules.loading: loading mail/views/ir_actions_server_views.xml 
2026-03-25 01:23:22,883 143639 WARNING cm-test-18.0 odoo.addons.numa_poly.models.poly: [poly] Removing non-existent column 'groups_id' from ir.ui.view query during boot. 
2026-03-25 01:23:22,889 143639 INFO cm-test-18.0 odoo.modules.loading: loading mail/views/ir_model_views.xml 
2026-03-25 01:23:22,893 143639 WARNING cm-test-18.0 odoo.addons.numa_poly.models.poly: [poly] Removing non-existent column 'groups_id' from ir.ui.view query during boot. 
2026-03-25 01:23:22,900 143639 WARNING cm-test-18.0 odoo.addons.numa_poly.models.poly: [poly] Removing non-existent column 'groups_id' from ir.ui.view query during boot. 
2026-03-25 01:23:22,906 143639 WARNING cm-test-18.0 odoo.addons.numa_poly.models.poly: [poly] Removing non-existent column 'groups_id' from ir.ui.view query during boot. 
2026-03-25 01:23:22,910 143639 INFO cm-test-18.0 odoo.modules.loading: loading mail/views/res_partner_views.xml 
2026-03-25 01:23:22,915 143639 WARNING cm-test-18.0 odoo.addons.numa_poly.models.poly: [poly] Removing non-existent column 'groups_id' from ir.ui.view query during boot. 
2026-03-25 01:23:22,923 143639 WARNING cm-test-18.0 odoo.addons.numa_poly.models.poly: [poly] Removing non-existent column 'groups_id' from ir.ui.view query during boot. 
2026-03-25 01:23:22,930 143639 WARNING cm-test-18.0 odoo.addons.numa_poly.models.poly: [poly] Removing non-existent column 'groups_id' from ir.ui.view query during boot. 
2026-03-25 01:23:22,936 143639 WARNING cm-test-18.0 odoo.addons.numa_poly.models.poly: [poly] Removing non-existent column 'groups_id' from ir.ui.view query during boot. 
2026-03-25 01:23:22,953 143639 INFO cm-test-18.0 odoo.modules.loading: loading mail/views/mail_blacklist_views.xml 
2026-03-25 01:23:22,969 143639 WARNING cm-test-18.0 odoo.addons.numa_poly.models.poly: [poly] Removing non-existent column 'flag_image' from res.lang query during boot. 
2026-03-25 01:23:22,971 143639 INFO cm-test-18.0 odoo.modules.loading: loading mail/views/mail_menus.xml 
2026-03-25 01:23:23,152 143639 INFO cm-test-18.0 odoo.modules.loading: loading mail/views/res_company_views.xml 
2026-03-25 01:23:23,155 143639 WARNING cm-test-18.0 odoo.addons.numa_poly.models.poly: [poly] Removing non-existent column 'groups_id' from ir.ui.view query during boot. 
2026-03-25 01:23:23,159 143639 INFO cm-test-18.0 odoo.modules.loading: loading mail/views/mail_scheduled_message_views.xml 
2026-03-25 01:23:23,165 143639 INFO cm-test-18.0 odoo.modules.loading: loading mail/data/mail_canned_response_data.xml 
2026-03-25 01:23:23,167 143639 INFO cm-test-18.0 odoo.modules.loading: loading mail/data/mail_templates_invite.xml 
2026-03-25 01:23:23,173 143639 WARNING cm-test-18.0 odoo.addons.numa_poly.models.poly: [poly] Removing non-existent column 'groups_id' from ir.ui.view query during boot. 
2026-03-25 01:23:23,177 143639 INFO cm-test-18.0 odoo.modules.loading: loading mail/data/web_tour_tour.xml 
2026-03-25 01:23:23,181 143639 INFO cm-test-18.0 odoo.modules.loading: Module mail: loading demo 
2026-03-25 01:23:23,181 143639 INFO cm-test-18.0 odoo.modules.loading: loading mail/demo/discuss_channel_demo.xml 
2026-03-25 01:23:23,192 143639 INFO cm-test-18.0 odoo.modules.loading: loading mail/demo/mail_canned_response_demo.xml 
2026-03-25 01:23:23,196 143639 WARNING cm-test-18.0 odoo.addons.numa_poly.models.poly: [poly] Removing non-existent column 'dependencies_id' from ir.module.module query during boot. 
2026-03-25 01:23:23,197 143639 INFO cm-test-18.0 odoo.addons.base.models.ir_module: module mail: loading translation file /home/gamarino/odoo/numa-public-odoo-18.0-numa/addons/mail/i18n/es.po for language es_AR 
2026-03-25 01:23:23,197 143639 INFO cm-test-18.0 odoo.tools.translate: loading base translation file /home/gamarino/odoo/numa-public-odoo-18.0-numa/addons/mail/i18n/es.po for language es_AR 
2026-03-25 01:23:23,265 143639 INFO cm-test-18.0 odoo.addons.base.models.ir_module: module mail: loading translation file /home/gamarino/odoo/numa-public-odoo-18.0-numa/addons/mail/i18n/es_419.po for language es_AR 
2026-03-25 01:23:23,265 143639 INFO cm-test-18.0 odoo.tools.translate: loading base translation file /home/gamarino/odoo/numa-public-odoo-18.0-numa/addons/mail/i18n/es_419.po for language es_AR 
2026-03-25 01:23:23,569 143639 INFO cm-test-18.0 odoo.modules.loading: Module mail loaded in 4.41s, 4412 queries (+4412 other) 
2026-03-25 01:23:23,569 143639 INFO cm-test-18.0 odoo.modules.loading: Loading module web_editor (30/211) 
2026-03-25 01:23:23,571 143639 INFO cm-test-18.0 odoo.addons.numa_poly.models.poly: [poly] Entering Phase 1: MRO Injection and attribute building 
2026-03-25 01:23:23,772 143639 INFO cm-test-18.0 odoo.addons.numa_poly.models.poly: [poly] Entering Phase 2: Final field stabilization and sanitization 
2026-03-25 01:23:23,827 143639 INFO cm-test-18.0 odoo.addons.numa_poly.models.poly: [poly] Entering Phase 1: MRO Injection and attribute building 
2026-03-25 01:23:24,073 143639 INFO cm-test-18.0 odoo.addons.numa_poly.models.poly: [poly] Entering Phase 2: Final field stabilization and sanitization 
2026-03-25 01:23:24,107 143639 INFO cm-test-18.0 odoo.addons.numa_poly.models.poly: [poly] Entering Phase 1: MRO Injection and attribute building 
2026-03-25 01:23:24,348 143639 INFO cm-test-18.0 odoo.addons.numa_poly.models.poly: [poly] Entering Phase 2: Final field stabilization and sanitization 
2026-03-25 01:23:24,423 143639 INFO cm-test-18.0 odoo.modules.registry: module web_editor: creating or updating database tables 
2026-03-25 01:23:25,737 143639 INFO cm-test-18.0 odoo.modules.loading: loading web_editor/security/ir.model.access.csv 
2026-03-25 01:23:25,741 143639 WARNING cm-test-18.0 odoo.addons.numa_poly.models.poly: [poly] Removing non-existent column 'flag_image' from res.lang query during boot. 
2026-03-25 01:23:25,749 143639 INFO cm-test-18.0 odoo.modules.loading: loading web_editor/data/editor_assets.xml 
2026-03-25 01:23:25,753 143639 INFO cm-test-18.0 odoo.modules.loading: loading web_editor/views/editor.xml 
2026-03-25 01:23:25,768 143639 INFO cm-test-18.0 odoo.modules.loading: loading web_editor/views/snippets.xml 
2026-03-25 01:23:25,814 143639 WARNING cm-test-18.0 odoo.addons.numa_poly.models.poly: [poly] Removing non-existent column 'flag_image' from res.lang query during boot. 
2026-03-25 01:23:25,815 143639 WARNING cm-test-18.0 odoo.addons.numa_poly.models.poly: [poly] Removing non-existent column 'dependencies_id' from ir.module.module query during boot. 
2026-03-25 01:23:25,815 143639 INFO cm-test-18.0 odoo.addons.base.models.ir_module: module web_editor: loading translation file /home/gamarino/odoo/numa-public-odoo-18.0-numa/addons/web_editor/i18n/es.po for language es_AR 
2026-03-25 01:23:25,816 143639 INFO cm-test-18.0 odoo.tools.translate: loading base translation file /home/gamarino/odoo/numa-public-odoo-18.0-numa/addons/web_editor/i18n/es.po for language es_AR 
2026-03-25 01:23:25,833 143639 INFO cm-test-18.0 odoo.addons.base.models.ir_module: module web_editor: loading translation file /home/gamarino/odoo/numa-public-odoo-18.0-numa/addons/web_editor/i18n/es_419.po for language es_AR 
2026-03-25 01:23:25,833 143639 INFO cm-test-18.0 odoo.tools.translate: loading base translation file /home/gamarino/odoo/numa-public-odoo-18.0-numa/addons/web_editor/i18n/es_419.po for language es_AR 
2026-03-25 01:23:25,900 143639 INFO cm-test-18.0 odoo.modules.loading: Module web_editor loaded in 2.33s, 2264 queries (+2264 other) 
2026-03-25 01:23:25,900 143639 INFO cm-test-18.0 odoo.modules.loading: Loading module analytic (31/211) 
2026-03-25 01:23:25,903 143639 INFO cm-test-18.0 odoo.addons.numa_poly.models.poly: [poly] Entering Phase 1: MRO Injection and attribute building 
2026-03-25 01:23:26,122 143639 INFO cm-test-18.0 odoo.addons.numa_poly.models.poly: [poly] Entering Phase 2: Final field stabilization and sanitization 
2026-03-25 01:23:26,163 143639 INFO cm-test-18.0 odoo.addons.numa_poly.models.poly: [poly] Entering Phase 1: MRO Injection and attribute building 
2026-03-25 01:23:26,395 143639 INFO cm-test-18.0 odoo.addons.numa_poly.models.poly: [poly] Entering Phase 2: Final field stabilization and sanitization 
2026-03-25 01:23:26,435 143639 INFO cm-test-18.0 odoo.addons.numa_poly.models.poly: [poly] Entering Phase 1: MRO Injection and attribute building 
2026-03-25 01:23:26,686 143639 INFO cm-test-18.0 odoo.addons.numa_poly.models.poly: [poly] Entering Phase 2: Final field stabilization and sanitization 
2026-03-25 01:23:26,803 143639 INFO cm-test-18.0 odoo.modules.registry: module analytic: creating or updating database tables 
2026-03-25 01:23:26,901 143639 INFO cm-test-18.0 odoo.modules.loading: loading analytic/security/analytic_security.xml 
2026-03-25 01:23:26,921 143639 INFO cm-test-18.0 odoo.modules.loading: loading analytic/security/ir.model.access.csv 
2026-03-25 01:23:26,925 143639 WARNING cm-test-18.0 odoo.addons.numa_poly.models.poly: [poly] Removing non-existent column 'flag_image' from res.lang query during boot. 
2026-03-25 01:23:26,948 143639 INFO cm-test-18.0 odoo.modules.loading: loading analytic/views/analytic_line_views.xml 
2026-03-25 01:23:26,964 143639 WARNING cm-test-18.0 odoo.addons.numa_poly.models.poly: [poly] Removing non-existent column 'flag_image' from res.lang query during boot. 
2026-03-25 01:23:26,992 143639 INFO cm-test-18.0 odoo.modules.loading: loading analytic/views/analytic_account_views.xml 
2026-03-25 01:23:27,008 143639 WARNING cm-test-18.0 odoo.addons.numa_poly.models.poly: [poly] Removing non-existent column 'groups_id' from ir.ui.view query during boot. 
2026-03-25 01:23:27,026 143639 INFO cm-test-18.0 odoo.modules.loading: loading analytic/views/analytic_plan_views.xml 
2026-03-25 01:23:27,046 143639 INFO cm-test-18.0 odoo.models.unlink: User #1 deleted ir.actions.act_window.view records with IDs: [9578, 9579] 
2026-03-25 01:23:27,049 143639 INFO cm-test-18.0 odoo.models.unlink: User #1 deleted ir.poly_base records with IDs: [9578, 9579] 
2026-03-25 01:23:27,070 143639 INFO cm-test-18.0 odoo.modules.loading: loading analytic/views/analytic_distribution_model_views.xml 
2026-03-25 01:23:27,082 143639 INFO cm-test-18.0 odoo.modules.loading: loading analytic/data/analytic_data.xml 
2026-03-25 01:23:27,085 143639 INFO cm-test-18.0 odoo.modules.loading: Module analytic: loading demo 
2026-03-25 01:23:27,086 143639 INFO cm-test-18.0 odoo.modules.loading: loading analytic/data/analytic_account_demo.xml 
2026-03-25 01:23:27,097 143639 WARNING cm-test-18.0 odoo.addons.numa_poly.models.poly: [poly] Removing non-existent column 'flag_image' from res.lang query during boot. 
2026-03-25 01:23:27,098 143639 WARNING cm-test-18.0 odoo.addons.numa_poly.models.poly: [poly] Removing non-existent column 'dependencies_id' from ir.module.module query during boot. 
2026-03-25 01:23:27,099 143639 INFO cm-test-18.0 odoo.addons.base.models.ir_module: module analytic: loading translation file /home/gamarino/odoo/numa-public-odoo-18.0-numa/addons/analytic/i18n/es.po for language es_AR 
2026-03-25 01:23:27,099 143639 INFO cm-test-18.0 odoo.tools.translate: loading base translation file /home/gamarino/odoo/numa-public-odoo-18.0-numa/addons/analytic/i18n/es.po for language es_AR 
2026-03-25 01:23:27,106 143639 INFO cm-test-18.0 odoo.addons.base.models.ir_module: module analytic: loading translation file /home/gamarino/odoo/numa-public-odoo-18.0-numa/addons/analytic/i18n/es_419.po for language es_AR 
2026-03-25 01:23:27,106 143639 INFO cm-test-18.0 odoo.tools.translate: loading base translation file /home/gamarino/odoo/numa-public-odoo-18.0-numa/addons/analytic/i18n/es_419.po for language es_AR 
2026-03-25 01:23:27,151 143639 INFO cm-test-18.0 odoo.modules.loading: Module analytic loaded in 1.25s, 969 queries (+969 other) 
2026-03-25 01:23:27,151 143639 INFO cm-test-18.0 odoo.modules.loading: Loading module auth_signup (32/211) 
2026-03-25 01:23:27,153 143639 INFO cm-test-18.0 odoo.addons.numa_poly.models.poly: [poly] Entering Phase 1: MRO Injection and attribute building 
2026-03-25 01:23:27,390 143639 INFO cm-test-18.0 odoo.addons.numa_poly.models.poly: [poly] Entering Phase 2: Final field stabilization and sanitization 
2026-03-25 01:23:27,432 143639 INFO cm-test-18.0 odoo.addons.numa_poly.models.poly: [poly] Entering Phase 1: MRO Injection and attribute building 
2026-03-25 01:23:27,674 143639 INFO cm-test-18.0 odoo.addons.numa_poly.models.poly: [poly] Entering Phase 2: Final field stabilization and sanitization 
2026-03-25 01:23:27,713 143639 INFO cm-test-18.0 odoo.addons.numa_poly.models.poly: [poly] Entering Phase 1: MRO Injection and attribute building 
2026-03-25 01:23:27,961 143639 INFO cm-test-18.0 odoo.addons.numa_poly.models.poly: [poly] Entering Phase 2: Final field stabilization and sanitization 
2026-03-25 01:23:28,001 143639 INFO cm-test-18.0 odoo.modules.registry: module auth_signup: creating or updating database tables 
2026-03-25 01:23:28,111 143639 INFO cm-test-18.0 odoo.modules.loading: loading auth_signup/data/ir_config_parameter_data.xml 
2026-03-25 01:23:28,113 143639 INFO cm-test-18.0 odoo.modules.loading: loading auth_signup/data/ir_cron_data.xml 
2026-03-25 01:23:28,161 143639 INFO cm-test-18.0 odoo.modules.loading: loading auth_signup/data/mail_template_data.xml 
2026-03-25 01:23:28,165 143639 INFO cm-test-18.0 odoo.modules.loading: loading auth_signup/views/res_config_settings_views.xml 
2026-03-25 01:23:28,169 143639 WARNING cm-test-18.0 odoo.addons.numa_poly.models.poly: [poly] Removing non-existent column 'groups_id' from ir.ui.view query during boot. 
2026-03-25 01:23:28,177 143639 INFO cm-test-18.0 odoo.modules.loading: loading auth_signup/views/res_users_views.xml 
2026-03-25 01:23:28,181 143639 WARNING cm-test-18.0 odoo.addons.numa_poly.models.poly: [poly] Removing non-existent column 'groups_id' from ir.ui.view query during boot. 
2026-03-25 01:23:28,189 143639 WARNING cm-test-18.0 odoo.addons.numa_poly.models.poly: [poly] Removing non-existent column 'groups_id' from ir.ui.view query during boot. 
2026-03-25 01:23:28,196 143639 INFO cm-test-18.0 odoo.modules.loading: loading auth_signup/views/auth_signup_login_templates.xml 
2026-03-25 01:23:28,201 143639 WARNING cm-test-18.0 odoo.addons.numa_poly.models.poly: [poly] Removing non-existent column 'groups_id' from ir.ui.view query during boot. 
2026-03-25 01:23:28,221 143639 INFO cm-test-18.0 odoo.modules.loading: loading auth_signup/views/auth_signup_templates_email.xml 
2026-03-25 01:23:28,237 143639 INFO cm-test-18.0 odoo.modules.loading: loading auth_signup/views/webclient_templates.xml 
2026-03-25 01:23:28,242 143639 WARNING cm-test-18.0 odoo.addons.numa_poly.models.poly: [poly] Removing non-existent column 'groups_id' from ir.ui.view query during boot. 
2026-03-25 01:23:28,247 143639 WARNING cm-test-18.0 odoo.addons.numa_poly.models.poly: [poly] Removing non-existent column 'flag_image' from res.lang query during boot. 
2026-03-25 01:23:28,247 143639 WARNING cm-test-18.0 odoo.addons.numa_poly.models.poly: [poly] Removing non-existent column 'dependencies_id' from ir.module.module query during boot. 
2026-03-25 01:23:28,247 143639 INFO cm-test-18.0 odoo.addons.base.models.ir_module: module auth_signup: loading translation file /home/gamarino/odoo/numa-public-odoo-18.0-numa/addons/auth_signup/i18n/es.po for language es_AR 
2026-03-25 01:23:28,248 143639 INFO cm-test-18.0 odoo.tools.translate: loading base translation file /home/gamarino/odoo/numa-public-odoo-18.0-numa/addons/auth_signup/i18n/es.po for language es_AR 
2026-03-25 01:23:28,258 143639 INFO cm-test-18.0 odoo.addons.base.models.ir_module: module auth_signup: loading translation file /home/gamarino/odoo/numa-public-odoo-18.0-numa/addons/auth_signup/i18n/es_419.po for language es_AR 
2026-03-25 01:23:28,259 143639 INFO cm-test-18.0 odoo.tools.translate: loading base translation file /home/gamarino/odoo/numa-public-odoo-18.0-numa/addons/auth_signup/i18n/es_419.po for language es_AR 
2026-03-25 01:23:28,308 143639 INFO cm-test-18.0 odoo.modules.loading: Module auth_signup loaded in 1.16s, 780 queries (+780 other) 
2026-03-25 01:23:28,308 143639 INFO cm-test-18.0 odoo.modules.loading: Loading module auth_totp_mail (33/211) 
2026-03-25 01:23:28,311 143639 INFO cm-test-18.0 odoo.addons.numa_poly.models.poly: [poly] Entering Phase 1: MRO Injection and attribute building 
2026-03-25 01:23:28,545 143639 INFO cm-test-18.0 odoo.addons.numa_poly.models.poly: [poly] Entering Phase 2: Final field stabilization and sanitization 
2026-03-25 01:23:28,584 143639 INFO cm-test-18.0 odoo.addons.numa_poly.models.poly: [poly] Entering Phase 1: MRO Injection and attribute building 
2026-03-25 01:23:28,826 143639 INFO cm-test-18.0 odoo.addons.numa_poly.models.poly: [poly] Entering Phase 2: Final field stabilization and sanitization 
2026-03-25 01:23:28,866 143639 INFO cm-test-18.0 odoo.addons.numa_poly.models.poly: [poly] Entering Phase 1: MRO Injection and attribute building 
2026-03-25 01:23:29,097 143639 INFO cm-test-18.0 odoo.addons.numa_poly.models.poly: [poly] Entering Phase 2: Final field stabilization and sanitization 
2026-03-25 01:23:29,136 143639 INFO cm-test-18.0 odoo.modules.registry: module auth_totp_mail: creating or updating database tables 
2026-03-25 01:23:29,289 143639 INFO cm-test-18.0 odoo.modules.loading: loading auth_totp_mail/data/ir_action_data.xml 
2026-03-25 01:23:29,299 143639 INFO cm-test-18.0 odoo.modules.loading: loading auth_totp_mail/data/mail_template_data.xml 
2026-03-25 01:23:29,301 143639 INFO cm-test-18.0 odoo.modules.loading: loading auth_totp_mail/data/security_notifications_template.xml 
2026-03-25 01:23:29,307 143639 WARNING cm-test-18.0 odoo.addons.numa_poly.models.poly: [poly] Removing non-existent column 'groups_id' from ir.ui.view query during boot. 
2026-03-25 01:23:29,311 143639 INFO cm-test-18.0 odoo.modules.loading: loading auth_totp_mail/views/res_users_views.xml 
2026-03-25 01:23:29,315 143639 WARNING cm-test-18.0 odoo.addons.numa_poly.models.poly: [poly] Removing non-existent column 'groups_id' from ir.ui.view query during boot. 
2026-03-25 01:23:29,323 143639 WARNING cm-test-18.0 odoo.addons.numa_poly.models.poly: [poly] Removing non-existent column 'groups_id' from ir.ui.view query during boot. 
2026-03-25 01:23:29,330 143639 WARNING cm-test-18.0 odoo.addons.numa_poly.models.poly: [poly] Removing non-existent column 'flag_image' from res.lang query during boot. 
2026-03-25 01:23:29,330 143639 WARNING cm-test-18.0 odoo.addons.numa_poly.models.poly: [poly] Removing non-existent column 'dependencies_id' from ir.module.module query during boot. 
2026-03-25 01:23:29,331 143639 INFO cm-test-18.0 odoo.addons.base.models.ir_module: module auth_totp_mail: loading translation file /home/gamarino/odoo/numa-public-odoo-18.0-numa/addons/auth_totp_mail/i18n/es.po for language es_AR 
2026-03-25 01:23:29,331 143639 INFO cm-test-18.0 odoo.tools.translate: loading base translation file /home/gamarino/odoo/numa-public-odoo-18.0-numa/addons/auth_totp_mail/i18n/es.po for language es_AR 
2026-03-25 01:23:29,333 143639 INFO cm-test-18.0 odoo.addons.base.models.ir_module: module auth_totp_mail: loading translation file /home/gamarino/odoo/numa-public-odoo-18.0-numa/addons/auth_totp_mail/i18n/es_419.po for language es_AR 
2026-03-25 01:23:29,333 143639 INFO cm-test-18.0 odoo.tools.translate: loading base translation file /home/gamarino/odoo/numa-public-odoo-18.0-numa/addons/auth_totp_mail/i18n/es_419.po for language es_AR 
2026-03-25 01:23:29,364 143639 INFO cm-test-18.0 odoo.modules.loading: Module auth_totp_mail loaded in 1.06s, 654 queries (+654 other) 
2026-03-25 01:23:29,364 143639 INFO cm-test-18.0 odoo.modules.loading: Loading module base_install_request (34/211) 
2026-03-25 01:23:29,367 143639 INFO cm-test-18.0 odoo.addons.numa_poly.models.poly: [poly] Entering Phase 1: MRO Injection and attribute building 
2026-03-25 01:23:29,602 143639 INFO cm-test-18.0 odoo.addons.numa_poly.models.poly: [poly] Entering Phase 2: Final field stabilization and sanitization 
2026-03-25 01:23:29,643 143639 INFO cm-test-18.0 odoo.addons.numa_poly.models.poly: [poly] Entering Phase 1: MRO Injection and attribute building 
2026-03-25 01:23:29,897 143639 INFO cm-test-18.0 odoo.addons.numa_poly.models.poly: [poly] Entering Phase 2: Final field stabilization and sanitization 
2026-03-25 01:23:29,938 143639 INFO cm-test-18.0 odoo.addons.numa_poly.models.poly: [poly] Entering Phase 1: MRO Injection and attribute building 
2026-03-25 01:23:30,176 143639 INFO cm-test-18.0 odoo.addons.numa_poly.models.poly: [poly] Entering Phase 2: Final field stabilization and sanitization 
2026-03-25 01:23:30,238 143639 INFO cm-test-18.0 odoo.modules.registry: module base_install_request: creating or updating database tables 
2026-03-25 01:23:30,300 143639 INFO cm-test-18.0 odoo.modules.loading: loading base_install_request/security/ir.model.access.csv 
2026-03-25 01:23:30,306 143639 WARNING cm-test-18.0 odoo.addons.numa_poly.models.poly: [poly] Removing non-existent column 'flag_image' from res.lang query during boot. 
2026-03-25 01:23:30,316 143639 INFO cm-test-18.0 odoo.modules.loading: loading base_install_request/wizard/base_module_install_request_views.xml 
2026-03-25 01:23:30,329 143639 INFO cm-test-18.0 odoo.modules.loading: loading base_install_request/data/mail_template_data.xml 
2026-03-25 01:23:30,331 143639 INFO cm-test-18.0 odoo.modules.loading: loading base_install_request/data/mail_templates_module_install.xml 
2026-03-25 01:23:30,338 143639 INFO cm-test-18.0 odoo.modules.loading: loading base_install_request/views/ir_module_module_views.xml 
2026-03-25 01:23:30,342 143639 WARNING cm-test-18.0 odoo.addons.numa_poly.models.poly: [poly] Removing non-existent column 'groups_id' from ir.ui.view query during boot. 
2026-03-25 01:23:30,351 143639 WARNING cm-test-18.0 odoo.addons.numa_poly.models.poly: [poly] Removing non-existent column 'flag_image' from res.lang query during boot. 
2026-03-25 01:23:30,352 143639 WARNING cm-test-18.0 odoo.addons.numa_poly.models.poly: [poly] Removing non-existent column 'dependencies_id' from ir.module.module query during boot. 
2026-03-25 01:23:30,353 143639 INFO cm-test-18.0 odoo.addons.base.models.ir_module: module base_install_request: loading translation file /home/gamarino/odoo/numa-public-odoo-18.0-numa/addons/base_install_request/i18n/es.po for language es_AR 
2026-03-25 01:23:30,353 143639 INFO cm-test-18.0 odoo.tools.translate: loading base translation file /home/gamarino/odoo/numa-public-odoo-18.0-numa/addons/base_install_request/i18n/es.po for language es_AR 
2026-03-25 01:23:30,355 143639 INFO cm-test-18.0 odoo.addons.base.models.ir_module: module base_install_request: loading translation file /home/gamarino/odoo/numa-public-odoo-18.0-numa/addons/base_install_request/i18n/es_419.po for language es_AR 
2026-03-25 01:23:30,355 143639 INFO cm-test-18.0 odoo.tools.translate: loading base translation file /home/gamarino/odoo/numa-public-odoo-18.0-numa/addons/base_install_request/i18n/es_419.po for language es_AR 
2026-03-25 01:23:30,379 143639 INFO cm-test-18.0 odoo.modules.loading: Module base_install_request loaded in 1.01s, 678 queries (+678 other) 
2026-03-25 01:23:30,379 143639 INFO cm-test-18.0 odoo.modules.loading: Loading module calendar (35/211) 
2026-03-25 01:23:30,382 143639 INFO cm-test-18.0 odoo.addons.numa_poly.models.poly: [poly] Entering Phase 1: MRO Injection and attribute building 
2026-03-25 01:23:30,618 143639 INFO cm-test-18.0 odoo.addons.numa_poly.models.poly: [poly] Entering Phase 2: Final field stabilization and sanitization 
2026-03-25 01:23:30,679 143639 INFO cm-test-18.0 odoo.addons.numa_poly.models.poly: [poly] Entering Phase 1: MRO Injection and attribute building 
2026-03-25 01:23:31,101 143639 INFO cm-test-18.0 odoo.addons.numa_poly.models.poly: [poly] Entering Phase 2: Final field stabilization and sanitization 
2026-03-25 01:23:31,159 143639 INFO cm-test-18.0 odoo.addons.numa_poly.models.poly: [poly] Entering Phase 1: MRO Injection and attribute building 
2026-03-25 01:23:31,536 143639 INFO cm-test-18.0 odoo.addons.numa_poly.models.poly: [poly] Entering Phase 2: Final field stabilization and sanitization 
2026-03-25 01:23:31,755 143639 INFO cm-test-18.0 odoo.modules.registry: module calendar: creating or updating database tables 
2026-03-25 01:23:31,949 143639 INFO cm-test-18.0 odoo.modules.loading: loading calendar/security/ir.model.access.csv 
2026-03-25 01:23:31,955 143639 WARNING cm-test-18.0 odoo.addons.numa_poly.models.poly: [poly] Removing non-existent column 'flag_image' from res.lang query during boot. 
2026-03-25 01:23:31,977 143639 INFO cm-test-18.0 odoo.modules.loading: loading calendar/security/calendar_security.xml 
2026-03-25 01:23:31,981 143639 INFO cm-test-18.0 odoo.modules.loading: loading calendar/data/calendar_cron.xml 
2026-03-25 01:23:31,983 143639 INFO cm-test-18.0 odoo.modules.loading: loading calendar/data/mail_template_data.xml 
2026-03-25 01:23:31,987 143639 INFO cm-test-18.0 odoo.modules.loading: loading calendar/data/calendar_data.xml 
2026-03-25 01:23:31,991 143639 INFO cm-test-18.0 odoo.modules.loading: loading calendar/data/mail_activity_type_data.xml 
2026-03-25 01:23:31,994 143639 INFO cm-test-18.0 odoo.modules.loading: loading calendar/data/mail_message_subtype_data.xml 
2026-03-25 01:23:31,996 143639 INFO cm-test-18.0 odoo.modules.loading: loading calendar/views/mail_activity_views.xml 
2026-03-25 01:23:32,001 143639 WARNING cm-test-18.0 odoo.addons.numa_poly.models.poly: [poly] Removing non-existent column 'groups_id' from ir.ui.view query during boot. 
2026-03-25 01:23:32,005 143639 INFO cm-test-18.0 odoo.modules.loading: loading calendar/views/calendar_templates.xml 
2026-03-25 01:23:32,011 143639 INFO cm-test-18.0 odoo.modules.loading: loading calendar/views/calendar_views.xml 
2026-03-25 01:23:32,062 143639 WARNING cm-test-18.0 odoo.addons.numa_poly.models.poly: [poly] Removing non-existent column 'flag_image' from res.lang query during boot. 
2026-03-25 01:23:32,066 143639 WARNING cm-test-18.0 odoo.addons.numa_poly.models.poly: [poly] Removing non-existent column 'groups_id' from ir.ui.view query during boot. 
2026-03-25 01:23:32,118 143639 INFO cm-test-18.0 odoo.modules.loading: loading calendar/views/res_config_settings_views.xml 
2026-03-25 01:23:32,122 143639 WARNING cm-test-18.0 odoo.addons.numa_poly.models.poly: [poly] Removing non-existent column 'groups_id' from ir.ui.view query during boot. 
2026-03-25 01:23:32,129 143639 INFO cm-test-18.0 odoo.modules.loading: loading calendar/views/res_partner_views.xml 
2026-03-25 01:23:32,134 143639 WARNING cm-test-18.0 odoo.addons.numa_poly.models.poly: [poly] Removing non-existent column 'groups_id' from ir.ui.view query during boot. 
2026-03-25 01:23:32,142 143639 WARNING cm-test-18.0 odoo.addons.numa_poly.models.poly: [poly] Removing non-existent column 'groups_id' from ir.ui.view query during boot. 
2026-03-25 01:23:32,149 143639 INFO cm-test-18.0 odoo.modules.loading: loading calendar/views/res_users_views.xml 
2026-03-25 01:23:32,153 143639 WARNING cm-test-18.0 odoo.addons.numa_poly.models.poly: [poly] Removing non-existent column 'groups_id' from ir.ui.view query during boot. 
2026-03-25 01:23:32,159 143639 WARNING cm-test-18.0 odoo.addons.numa_poly.models.poly: [poly] Removing non-existent column 'groups_id' from ir.ui.view query during boot. 
2026-03-25 01:23:32,163 143639 INFO cm-test-18.0 odoo.modules.loading: loading calendar/wizard/calendar_provider_config.xml 
2026-03-25 01:23:32,169 143639 INFO cm-test-18.0 odoo.modules.loading: loading calendar/wizard/calendar_popover_delete_wizard.xml 
2026-03-25 01:23:32,174 143639 INFO cm-test-18.0 odoo.modules.loading: loading calendar/wizard/mail_activity_schedule_views.xml 
2026-03-25 01:23:32,178 143639 WARNING cm-test-18.0 odoo.addons.numa_poly.models.poly: [poly] Removing non-existent column 'groups_id' from ir.ui.view query during boot. 
2026-03-25 01:23:32,183 143639 INFO cm-test-18.0 odoo.modules.loading: Module calendar: loading demo 
2026-03-25 01:23:32,184 143639 INFO cm-test-18.0 odoo.modules.loading: loading calendar/data/calendar_demo.xml 
2026-03-25 01:23:32,201 143639 WARNING cm-test-18.0 odoo.addons.numa_poly.models.poly: [poly] Removing non-existent column 'dependencies_id' from ir.module.module query during boot. 
2026-03-25 01:23:32,201 143639 INFO cm-test-18.0 odoo.addons.base.models.ir_module: module calendar: loading translation file /home/gamarino/odoo/numa-public-odoo-18.0-numa/addons/calendar/i18n/es.po for language es_AR 
2026-03-25 01:23:32,201 143639 INFO cm-test-18.0 odoo.tools.translate: loading base translation file /home/gamarino/odoo/numa-public-odoo-18.0-numa/addons/calendar/i18n/es.po for language es_AR 
2026-03-25 01:23:32,224 143639 INFO cm-test-18.0 odoo.addons.base.models.ir_module: module calendar: loading translation file /home/gamarino/odoo/numa-public-odoo-18.0-numa/addons/calendar/i18n/es_419.po for language es_AR 
2026-03-25 01:23:32,224 143639 INFO cm-test-18.0 odoo.tools.translate: loading base translation file /home/gamarino/odoo/numa-public-odoo-18.0-numa/addons/calendar/i18n/es_419.po for language es_AR 
2026-03-25 01:23:32,304 143639 INFO cm-test-18.0 odoo.modules.loading: Module calendar loaded in 1.92s, 1283 queries (+1283 other) 
2026-03-25 01:23:32,304 143639 INFO cm-test-18.0 odoo.modules.loading: Loading module contacts (36/211) 
2026-03-25 01:23:32,307 143639 INFO cm-test-18.0 odoo.addons.numa_poly.models.poly: [poly] Entering Phase 1: MRO Injection and attribute building 
2026-03-25 01:23:32,629 143639 INFO cm-test-18.0 odoo.addons.numa_poly.models.poly: [poly] Entering Phase 2: Final field stabilization and sanitization 
2026-03-25 01:23:32,675 143639 INFO cm-test-18.0 odoo.addons.numa_poly.models.poly: [poly] Entering Phase 1: MRO Injection and attribute building 
2026-03-25 01:23:32,989 143639 INFO cm-test-18.0 odoo.addons.numa_poly.models.poly: [poly] Entering Phase 2: Final field stabilization and sanitization 
2026-03-25 01:23:33,036 143639 INFO cm-test-18.0 odoo.addons.numa_poly.models.poly: [poly] Entering Phase 1: MRO Injection and attribute building 
2026-03-25 01:23:33,334 143639 INFO cm-test-18.0 odoo.addons.numa_poly.models.poly: [poly] Entering Phase 2: Final field stabilization and sanitization 
2026-03-25 01:23:33,375 143639 INFO cm-test-18.0 odoo.modules.registry: module contacts: creating or updating database tables 
2026-03-25 01:23:33,485 143639 INFO cm-test-18.0 odoo.modules.loading: loading contacts/views/contact_views.xml 
2026-03-25 01:23:33,491 143639 WARNING cm-test-18.0 odoo.addons.numa_poly.models.poly: [poly] Removing non-existent column 'flag_image' from res.lang query during boot. 
2026-03-25 01:23:33,560 143639 INFO cm-test-18.0 odoo.modules.loading: Module contacts: loading demo 
2026-03-25 01:23:33,560 143639 INFO cm-test-18.0 odoo.modules.loading: loading contacts/data/mail_demo.xml 
2026-03-25 01:23:33,565 143639 WARNING cm-test-18.0 odoo.addons.numa_poly.models.poly: [poly] Removing non-existent column 'dependencies_id' from ir.module.module query during boot. 
2026-03-25 01:23:33,565 143639 INFO cm-test-18.0 odoo.addons.base.models.ir_module: module contacts: loading translation file /home/gamarino/odoo/numa-public-odoo-18.0-numa/addons/contacts/i18n/es.po for language es_AR 
2026-03-25 01:23:33,565 143639 INFO cm-test-18.0 odoo.tools.translate: loading base translation file /home/gamarino/odoo/numa-public-odoo-18.0-numa/addons/contacts/i18n/es.po for language es_AR 
2026-03-25 01:23:33,566 143639 INFO cm-test-18.0 odoo.addons.base.models.ir_module: module contacts: loading translation file /home/gamarino/odoo/numa-public-odoo-18.0-numa/addons/contacts/i18n/es_419.po for language es_AR 
2026-03-25 01:23:33,567 143639 INFO cm-test-18.0 odoo.tools.translate: loading base translation file /home/gamarino/odoo/numa-public-odoo-18.0-numa/addons/contacts/i18n/es_419.po for language es_AR 
2026-03-25 01:23:33,592 143639 INFO cm-test-18.0 odoo.modules.loading: Module contacts loaded in 1.29s, 792 queries (+792 other) 
2026-03-25 01:23:33,593 143639 INFO cm-test-18.0 odoo.modules.loading: Loading module fleet (37/211) 
2026-03-25 01:23:33,595 143639 INFO cm-test-18.0 odoo.addons.numa_poly.models.poly: [poly] Entering Phase 1: MRO Injection and attribute building 
2026-03-25 01:23:33,864 143639 INFO cm-test-18.0 odoo.addons.numa_poly.models.poly: [poly] Entering Phase 2: Final field stabilization and sanitization 
2026-03-25 01:23:33,916 143639 INFO cm-test-18.0 odoo.addons.numa_poly.models.poly: [poly] Entering Phase 1: MRO Injection and attribute building 
2026-03-25 01:23:34,208 143639 INFO cm-test-18.0 odoo.addons.numa_poly.models.poly: [poly] Entering Phase 2: Final field stabilization and sanitization 
2026-03-25 01:23:34,257 143639 INFO cm-test-18.0 odoo.addons.numa_poly.models.poly: [poly] Entering Phase 1: MRO Injection and attribute building 
2026-03-25 01:23:34,566 143639 INFO cm-test-18.0 odoo.addons.numa_poly.models.poly: [poly] Entering Phase 2: Final field stabilization and sanitization 
2026-03-25 01:23:34,883 143639 INFO cm-test-18.0 odoo.modules.registry: module fleet: creating or updating database tables 
2026-03-25 01:23:35,230 143639 INFO cm-test-18.0 odoo.modules.loading: loading fleet/security/fleet_security.xml 
2026-03-25 01:23:35,249 143639 WARNING cm-test-18.0 odoo.addons.numa_poly.models.poly: [poly] Removing non-existent column 'implied_ids' from res.groups query during boot. 
2026-03-25 01:23:35,262 143639 WARNING cm-test-18.0 odoo.addons.numa_poly.models.poly: [poly] Removing non-existent column 'users' from res.groups query during boot. 
2026-03-25 01:23:35,274 143639 WARNING cm-test-18.0 odoo.addons.numa_poly.models.poly: [poly] Removing non-existent column 'implied_ids' from res.groups query during boot. 
2026-03-25 01:23:35,283 143639 WARNING cm-test-18.0 odoo.addons.numa_poly.models.poly: [poly] Removing non-existent column 'users' from res.groups query during boot. 
2026-03-25 01:23:35,306 143639 INFO cm-test-18.0 odoo.modules.loading: loading fleet/security/ir.model.access.csv 
2026-03-25 01:23:35,309 143639 WARNING cm-test-18.0 odoo.addons.numa_poly.models.poly: [poly] Removing non-existent column 'groups_id' from res.users query during boot. 
2026-03-25 01:23:35,323 143639 WARNING cm-test-18.0 odoo.addons.numa_poly.models.poly: [poly] Removing non-existent column 'flag_image' from res.lang query during boot. 
2026-03-25 01:23:35,365 143639 INFO cm-test-18.0 odoo.modules.loading: loading fleet/views/fleet_vehicle_model_views.xml 
2026-03-25 01:23:35,390 143639 WARNING cm-test-18.0 odoo.addons.numa_poly.models.poly: [poly] Removing non-existent column 'flag_image' from res.lang query during boot. 
2026-03-25 01:23:35,456 143639 INFO cm-test-18.0 odoo.modules.loading: loading fleet/views/fleet_vehicle_views.xml 
2026-03-25 01:23:35,602 143639 INFO cm-test-18.0 odoo.modules.loading: loading fleet/views/fleet_vehicle_cost_views.xml 
2026-03-25 01:23:35,673 143639 INFO cm-test-18.0 odoo.modules.loading: loading fleet/views/fleet_board_view.xml 
2026-03-25 01:23:35,707 143639 INFO cm-test-18.0 odoo.modules.loading: loading fleet/views/mail_activity_views.xml 
2026-03-25 01:23:35,720 143639 INFO cm-test-18.0 odoo.modules.loading: loading fleet/views/res_config_settings_views.xml 
2026-03-25 01:23:35,725 143639 WARNING cm-test-18.0 odoo.addons.numa_poly.models.poly: [poly] Removing non-existent column 'groups_id' from ir.ui.view query during boot. 
2026-03-25 01:23:35,741 143639 INFO cm-test-18.0 odoo.modules.loading: loading fleet/data/fleet_cars_data.xml 
2026-03-25 01:23:35,750 143639 WARNING cm-test-18.0 odoo.addons.numa_poly.models.poly: [poly] Removing non-existent column 'model_ids' from fleet.vehicle.model.brand query during boot. 
2026-03-25 01:23:35,755 143639 WARNING cm-test-18.0 odoo.addons.numa_poly.models.poly: [poly] Removing non-existent column 'model_ids' from fleet.vehicle.model.brand query during boot. 
2026-03-25 01:23:35,759 143639 WARNING cm-test-18.0 odoo.addons.numa_poly.models.poly: [poly] Removing non-existent column 'model_ids' from fleet.vehicle.model.brand query during boot. 
2026-03-25 01:23:35,763 143639 WARNING cm-test-18.0 odoo.addons.numa_poly.models.poly: [poly] Removing non-existent column 'model_ids' from fleet.vehicle.model.brand query during boot. 
2026-03-25 01:23:35,767 143639 WARNING cm-test-18.0 odoo.addons.numa_poly.models.poly: [poly] Removing non-existent column 'model_ids' from fleet.vehicle.model.brand query during boot. 
2026-03-25 01:23:35,773 143639 WARNING cm-test-18.0 odoo.addons.numa_poly.models.poly: [poly] Removing non-existent column 'model_ids' from fleet.vehicle.model.brand query during boot. 
2026-03-25 01:23:35,778 143639 WARNING cm-test-18.0 odoo.addons.numa_poly.models.poly: [poly] Removing non-existent column 'model_ids' from fleet.vehicle.model.brand query during boot. 
2026-03-25 01:23:35,783 143639 WARNING cm-test-18.0 odoo.addons.numa_poly.models.poly: [poly] Removing non-existent column 'model_ids' from fleet.vehicle.model.brand query during boot. 
2026-03-25 01:23:35,787 143639 WARNING cm-test-18.0 odoo.addons.numa_poly.models.poly: [poly] Removing non-existent column 'model_ids' from fleet.vehicle.model.brand query during boot. 
2026-03-25 01:23:35,792 143639 WARNING cm-test-18.0 odoo.addons.numa_poly.models.poly: [poly] Removing non-existent column 'model_ids' from fleet.vehicle.model.brand query during boot. 
2026-03-25 01:23:35,797 143639 WARNING cm-test-18.0 odoo.addons.numa_poly.models.poly: [poly] Removing non-existent column 'model_ids' from fleet.vehicle.model.brand query during boot. 
2026-03-25 01:23:35,801 143639 WARNING cm-test-18.0 odoo.addons.numa_poly.models.poly: [poly] Removing non-existent column 'model_ids' from fleet.vehicle.model.brand query during boot. 
2026-03-25 01:23:35,805 143639 WARNING cm-test-18.0 odoo.addons.numa_poly.models.poly: [poly] Removing non-existent column 'model_ids' from fleet.vehicle.model.brand query during boot. 
2026-03-25 01:23:35,809 143639 WARNING cm-test-18.0 odoo.addons.numa_poly.models.poly: [poly] Removing non-existent column 'model_ids' from fleet.vehicle.model.brand query during boot. 
2026-03-25 01:23:35,814 143639 WARNING cm-test-18.0 odoo.addons.numa_poly.models.poly: [poly] Removing non-existent column 'model_ids' from fleet.vehicle.model.brand query during boot. 
2026-03-25 01:23:35,818 143639 WARNING cm-test-18.0 odoo.addons.numa_poly.models.poly: [poly] Removing non-existent column 'model_ids' from fleet.vehicle.model.brand query during boot. 
2026-03-25 01:23:35,822 143639 WARNING cm-test-18.0 odoo.addons.numa_poly.models.poly: [poly] Removing non-existent column 'model_ids' from fleet.vehicle.model.brand query during boot. 
2026-03-25 01:23:35,826 143639 WARNING cm-test-18.0 odoo.addons.numa_poly.models.poly: [poly] Removing non-existent column 'model_ids' from fleet.vehicle.model.brand query during boot. 
2026-03-25 01:23:35,830 143639 WARNING cm-test-18.0 odoo.addons.numa_poly.models.poly: [poly] Removing non-existent column 'model_ids' from fleet.vehicle.model.brand query during boot. 
2026-03-25 01:23:35,834 143639 WARNING cm-test-18.0 odoo.addons.numa_poly.models.poly: [poly] Removing non-existent column 'model_ids' from fleet.vehicle.model.brand query during boot. 
2026-03-25 01:23:35,838 143639 WARNING cm-test-18.0 odoo.addons.numa_poly.models.poly: [poly] Removing non-existent column 'model_ids' from fleet.vehicle.model.brand query during boot. 
2026-03-25 01:23:35,842 143639 WARNING cm-test-18.0 odoo.addons.numa_poly.models.poly: [poly] Removing non-existent column 'model_ids' from fleet.vehicle.model.brand query during boot. 
2026-03-25 01:23:35,847 143639 WARNING cm-test-18.0 odoo.addons.numa_poly.models.poly: [poly] Removing non-existent column 'model_ids' from fleet.vehicle.model.brand query during boot. 
2026-03-25 01:23:35,852 143639 WARNING cm-test-18.0 odoo.addons.numa_poly.models.poly: [poly] Removing non-existent column 'model_ids' from fleet.vehicle.model.brand query during boot. 
2026-03-25 01:23:35,856 143639 WARNING cm-test-18.0 odoo.addons.numa_poly.models.poly: [poly] Removing non-existent column 'model_ids' from fleet.vehicle.model.brand query during boot. 
2026-03-25 01:23:35,861 143639 WARNING cm-test-18.0 odoo.addons.numa_poly.models.poly: [poly] Removing non-existent column 'model_ids' from fleet.vehicle.model.brand query during boot. 
2026-03-25 01:23:35,865 143639 WARNING cm-test-18.0 odoo.addons.numa_poly.models.poly: [poly] Removing non-existent column 'model_ids' from fleet.vehicle.model.brand query during boot. 
2026-03-25 01:23:35,869 143639 WARNING cm-test-18.0 odoo.addons.numa_poly.models.poly: [poly] Removing non-existent column 'model_ids' from fleet.vehicle.model.brand query during boot. 
2026-03-25 01:23:35,873 143639 WARNING cm-test-18.0 odoo.addons.numa_poly.models.poly: [poly] Removing non-existent column 'model_ids' from fleet.vehicle.model.brand query during boot. 
2026-03-25 01:23:35,878 143639 WARNING cm-test-18.0 odoo.addons.numa_poly.models.poly: [poly] Removing non-existent column 'model_ids' from fleet.vehicle.model.brand query during boot. 
2026-03-25 01:23:35,883 143639 WARNING cm-test-18.0 odoo.addons.numa_poly.models.poly: [poly] Removing non-existent column 'model_ids' from fleet.vehicle.model.brand query during boot. 
2026-03-25 01:23:35,888 143639 WARNING cm-test-18.0 odoo.addons.numa_poly.models.poly: [poly] Removing non-existent column 'model_ids' from fleet.vehicle.model.brand query during boot. 
2026-03-25 01:23:35,893 143639 WARNING cm-test-18.0 odoo.addons.numa_poly.models.poly: [poly] Removing non-existent column 'model_ids' from fleet.vehicle.model.brand query during boot. 
2026-03-25 01:23:35,897 143639 WARNING cm-test-18.0 odoo.addons.numa_poly.models.poly: [poly] Removing non-existent column 'model_ids' from fleet.vehicle.model.brand query during boot. 
2026-03-25 01:23:35,901 143639 WARNING cm-test-18.0 odoo.addons.numa_poly.models.poly: [poly] Removing non-existent column 'model_ids' from fleet.vehicle.model.brand query during boot. 
2026-03-25 01:23:35,906 143639 WARNING cm-test-18.0 odoo.addons.numa_poly.models.poly: [poly] Removing non-existent column 'model_ids' from fleet.vehicle.model.brand query during boot. 
2026-03-25 01:23:35,910 143639 WARNING cm-test-18.0 odoo.addons.numa_poly.models.poly: [poly] Removing non-existent column 'model_ids' from fleet.vehicle.model.brand query during boot. 
2026-03-25 01:23:35,914 143639 WARNING cm-test-18.0 odoo.addons.numa_poly.models.poly: [poly] Removing non-existent column 'model_ids' from fleet.vehicle.model.brand query during boot. 
2026-03-25 01:23:35,918 143639 WARNING cm-test-18.0 odoo.addons.numa_poly.models.poly: [poly] Removing non-existent column 'model_ids' from fleet.vehicle.model.brand query during boot. 
2026-03-25 01:23:35,923 143639 WARNING cm-test-18.0 odoo.addons.numa_poly.models.poly: [poly] Removing non-existent column 'model_ids' from fleet.vehicle.model.brand query during boot. 
2026-03-25 01:23:35,927 143639 WARNING cm-test-18.0 odoo.addons.numa_poly.models.poly: [poly] Removing non-existent column 'model_ids' from fleet.vehicle.model.brand query during boot. 
2026-03-25 01:23:35,931 143639 WARNING cm-test-18.0 odoo.addons.numa_poly.models.poly: [poly] Removing non-existent column 'model_ids' from fleet.vehicle.model.brand query during boot. 
2026-03-25 01:23:35,935 143639 WARNING cm-test-18.0 odoo.addons.numa_poly.models.poly: [poly] Removing non-existent column 'model_ids' from fleet.vehicle.model.brand query during boot. 
2026-03-25 01:23:35,939 143639 WARNING cm-test-18.0 odoo.addons.numa_poly.models.poly: [poly] Removing non-existent column 'model_ids' from fleet.vehicle.model.brand query during boot. 
2026-03-25 01:23:35,944 143639 WARNING cm-test-18.0 odoo.addons.numa_poly.models.poly: [poly] Removing non-existent column 'model_ids' from fleet.vehicle.model.brand query during boot. 
2026-03-25 01:23:35,948 143639 WARNING cm-test-18.0 odoo.addons.numa_poly.models.poly: [poly] Removing non-existent column 'model_ids' from fleet.vehicle.model.brand query during boot. 
2026-03-25 01:23:35,952 143639 WARNING cm-test-18.0 odoo.addons.numa_poly.models.poly: [poly] Removing non-existent column 'model_ids' from fleet.vehicle.model.brand query during boot. 
2026-03-25 01:23:35,956 143639 WARNING cm-test-18.0 odoo.addons.numa_poly.models.poly: [poly] Removing non-existent column 'model_ids' from fleet.vehicle.model.brand query during boot. 
2026-03-25 01:23:35,960 143639 WARNING cm-test-18.0 odoo.addons.numa_poly.models.poly: [poly] Removing non-existent column 'model_ids' from fleet.vehicle.model.brand query during boot. 
2026-03-25 01:23:35,964 143639 WARNING cm-test-18.0 odoo.addons.numa_poly.models.poly: [poly] Removing non-existent column 'model_ids' from fleet.vehicle.model.brand query during boot. 
2026-03-25 01:23:35,968 143639 WARNING cm-test-18.0 odoo.addons.numa_poly.models.poly: [poly] Removing non-existent column 'model_ids' from fleet.vehicle.model.brand query during boot. 
2026-03-25 01:23:35,972 143639 WARNING cm-test-18.0 odoo.addons.numa_poly.models.poly: [poly] Removing non-existent column 'model_ids' from fleet.vehicle.model.brand query during boot. 
2026-03-25 01:23:35,977 143639 WARNING cm-test-18.0 odoo.addons.numa_poly.models.poly: [poly] Removing non-existent column 'model_ids' from fleet.vehicle.model.brand query during boot. 
2026-03-25 01:23:35,981 143639 WARNING cm-test-18.0 odoo.addons.numa_poly.models.poly: [poly] Removing non-existent column 'model_ids' from fleet.vehicle.model.brand query during boot. 
2026-03-25 01:23:35,986 143639 WARNING cm-test-18.0 odoo.addons.numa_poly.models.poly: [poly] Removing non-existent column 'model_ids' from fleet.vehicle.model.brand query during boot. 
2026-03-25 01:23:35,990 143639 WARNING cm-test-18.0 odoo.addons.numa_poly.models.poly: [poly] Removing non-existent column 'model_ids' from fleet.vehicle.model.brand query during boot. 
2026-03-25 01:23:35,995 143639 WARNING cm-test-18.0 odoo.addons.numa_poly.models.poly: [poly] Removing non-existent column 'model_ids' from fleet.vehicle.model.brand query during boot. 
2026-03-25 01:23:36,000 143639 WARNING cm-test-18.0 odoo.addons.numa_poly.models.poly: [poly] Removing non-existent column 'model_ids' from fleet.vehicle.model.brand query during boot. 
2026-03-25 01:23:36,005 143639 WARNING cm-test-18.0 odoo.addons.numa_poly.models.poly: [poly] Removing non-existent column 'model_ids' from fleet.vehicle.model.brand query during boot. 
2026-03-25 01:23:36,009 143639 WARNING cm-test-18.0 odoo.addons.numa_poly.models.poly: [poly] Removing non-existent column 'model_ids' from fleet.vehicle.model.brand query during boot. 
2026-03-25 01:23:36,013 143639 WARNING cm-test-18.0 odoo.addons.numa_poly.models.poly: [poly] Removing non-existent column 'model_ids' from fleet.vehicle.model.brand query during boot. 
2026-03-25 01:23:36,018 143639 WARNING cm-test-18.0 odoo.addons.numa_poly.models.poly: [poly] Removing non-existent column 'model_ids' from fleet.vehicle.model.brand query during boot. 
2026-03-25 01:23:36,022 143639 WARNING cm-test-18.0 odoo.addons.numa_poly.models.poly: [poly] Removing non-existent column 'model_ids' from fleet.vehicle.model.brand query during boot. 
2026-03-25 01:23:36,027 143639 WARNING cm-test-18.0 odoo.addons.numa_poly.models.poly: [poly] Removing non-existent column 'model_ids' from fleet.vehicle.model.brand query during boot. 
2026-03-25 01:23:36,032 143639 WARNING cm-test-18.0 odoo.addons.numa_poly.models.poly: [poly] Removing non-existent column 'model_ids' from fleet.vehicle.model.brand query during boot. 
2026-03-25 01:23:36,036 143639 WARNING cm-test-18.0 odoo.addons.numa_poly.models.poly: [poly] Removing non-existent column 'model_ids' from fleet.vehicle.model.brand query during boot. 
2026-03-25 01:23:36,037 143639 INFO cm-test-18.0 odoo.modules.loading: loading fleet/data/fleet_data.xml 
2026-03-25 01:23:36,042 143639 INFO cm-test-18.0 odoo.modules.loading: loading fleet/data/mail_message_subtype_data.xml 
2026-03-25 01:23:36,045 143639 INFO cm-test-18.0 odoo.modules.loading: loading fleet/data/mail_activity_type_data.xml 
2026-03-25 01:23:36,047 143639 INFO cm-test-18.0 odoo.modules.loading: loading fleet/wizard/fleet_vehicle_send_mail_views.xml 
2026-03-25 01:23:36,053 143639 INFO cm-test-18.0 odoo.modules.loading: Module fleet: loading demo 
2026-03-25 01:23:36,054 143639 INFO cm-test-18.0 odoo.modules.loading: loading fleet/data/fleet_demo.xml 
2026-03-25 01:23:36,104 143639 WARNING cm-test-18.0 odoo.addons.numa_poly.models.poly: [poly] Removing non-existent column 'dependencies_id' from ir.module.module query during boot. 
2026-03-25 01:23:36,104 143639 INFO cm-test-18.0 odoo.addons.base.models.ir_module: module fleet: loading translation file /home/gamarino/odoo/numa-public-odoo-18.0-numa/addons/fleet/i18n/es.po for language es_AR 
2026-03-25 01:23:36,104 143639 INFO cm-test-18.0 odoo.tools.translate: loading base translation file /home/gamarino/odoo/numa-public-odoo-18.0-numa/addons/fleet/i18n/es.po for language es_AR 
2026-03-25 01:23:36,122 143639 INFO cm-test-18.0 odoo.addons.base.models.ir_module: module fleet: loading translation file /home/gamarino/odoo/numa-public-odoo-18.0-numa/addons/fleet/i18n/es_419.po for language es_AR 
2026-03-25 01:23:36,122 143639 INFO cm-test-18.0 odoo.tools.translate: loading base translation file /home/gamarino/odoo/numa-public-odoo-18.0-numa/addons/fleet/i18n/es_419.po for language es_AR 
2026-03-25 01:23:36,237 143639 INFO cm-test-18.0 odoo.modules.loading: Module fleet loaded in 2.64s, 2328 queries (+2328 other) 
2026-03-25 01:23:36,238 143639 INFO cm-test-18.0 odoo.modules.loading: Loading module google_gmail (38/211) 
2026-03-25 01:23:36,241 143639 INFO cm-test-18.0 odoo.addons.numa_poly.models.poly: [poly] Entering Phase 1: MRO Injection and attribute building 
2026-03-25 01:23:36,540 143639 INFO cm-test-18.0 odoo.addons.numa_poly.models.poly: [poly] Entering Phase 2: Final field stabilization and sanitization 
2026-03-25 01:23:36,589 143639 INFO cm-test-18.0 odoo.addons.numa_poly.models.poly: [poly] Entering Phase 1: MRO Injection and attribute building 
2026-03-25 01:23:36,942 143639 INFO cm-test-18.0 odoo.addons.numa_poly.models.poly: [poly] Entering Phase 2: Final field stabilization and sanitization 
2026-03-25 01:23:36,992 143639 INFO cm-test-18.0 odoo.addons.numa_poly.models.poly: [poly] Entering Phase 1: MRO Injection and attribute building 
2026-03-25 01:23:37,337 143639 INFO cm-test-18.0 odoo.addons.numa_poly.models.poly: [poly] Entering Phase 2: Final field stabilization and sanitization 
2026-03-25 01:23:37,393 143639 INFO cm-test-18.0 odoo.modules.registry: module google_gmail: creating or updating database tables 
2026-03-25 01:23:37,472 143639 INFO cm-test-18.0 odoo.modules.loading: loading google_gmail/views/fetchmail_server_views.xml 
2026-03-25 01:23:37,478 143639 WARNING cm-test-18.0 odoo.addons.numa_poly.models.poly: [poly] Removing non-existent column 'groups_id' from ir.ui.view query during boot. 
2026-03-25 01:23:37,482 143639 INFO cm-test-18.0 odoo.modules.loading: loading google_gmail/views/ir_mail_server_views.xml 
2026-03-25 01:23:37,486 143639 WARNING cm-test-18.0 odoo.addons.numa_poly.models.poly: [poly] Removing non-existent column 'groups_id' from ir.ui.view query during boot. 
2026-03-25 01:23:37,490 143639 INFO cm-test-18.0 odoo.modules.loading: loading google_gmail/views/res_config_settings_views.xml 
2026-03-25 01:23:37,494 143639 WARNING cm-test-18.0 odoo.addons.numa_poly.models.poly: [poly] Removing non-existent column 'groups_id' from ir.ui.view query during boot. 
2026-03-25 01:23:37,504 143639 WARNING cm-test-18.0 odoo.addons.numa_poly.models.poly: [poly] Removing non-existent column 'flag_image' from res.lang query during boot. 
2026-03-25 01:23:37,504 143639 WARNING cm-test-18.0 odoo.addons.numa_poly.models.poly: [poly] Removing non-existent column 'dependencies_id' from ir.module.module query during boot. 
2026-03-25 01:23:37,505 143639 INFO cm-test-18.0 odoo.addons.base.models.ir_module: module google_gmail: loading translation file /home/gamarino/odoo/numa-public-odoo-18.0-numa/addons/google_gmail/i18n/es.po for language es_AR 
2026-03-25 01:23:37,505 143639 INFO cm-test-18.0 odoo.tools.translate: loading base translation file /home/gamarino/odoo/numa-public-odoo-18.0-numa/addons/google_gmail/i18n/es.po for language es_AR 
2026-03-25 01:23:37,507 143639 INFO cm-test-18.0 odoo.addons.base.models.ir_module: module google_gmail: loading translation file /home/gamarino/odoo/numa-public-odoo-18.0-numa/addons/google_gmail/i18n/es_419.po for language es_AR 
2026-03-25 01:23:37,508 143639 INFO cm-test-18.0 odoo.tools.translate: loading base translation file /home/gamarino/odoo/numa-public-odoo-18.0-numa/addons/google_gmail/i18n/es_419.po for language es_AR 
2026-03-25 01:23:37,526 143639 INFO cm-test-18.0 odoo.modules.loading: Module google_gmail loaded in 1.29s, 745 queries (+745 other) 
2026-03-25 01:23:37,527 143639 INFO cm-test-18.0 odoo.modules.loading: Loading module iap_mail (39/211) 
2026-03-25 01:23:37,529 143639 INFO cm-test-18.0 odoo.addons.numa_poly.models.poly: [poly] Entering Phase 1: MRO Injection and attribute building 
2026-03-25 01:23:37,854 143639 INFO cm-test-18.0 odoo.addons.numa_poly.models.poly: [poly] Entering Phase 2: Final field stabilization and sanitization 
2026-03-25 01:23:37,899 143639 INFO cm-test-18.0 odoo.addons.numa_poly.models.poly: [poly] Entering Phase 1: MRO Injection and attribute building 
2026-03-25 01:23:38,274 143639 INFO cm-test-18.0 odoo.addons.numa_poly.models.poly: [poly] Entering Phase 2: Final field stabilization and sanitization 
2026-03-25 01:23:38,325 143639 INFO cm-test-18.0 odoo.addons.numa_poly.models.poly: [poly] Entering Phase 1: MRO Injection and attribute building 
2026-03-25 01:23:38,624 143639 INFO cm-test-18.0 odoo.addons.numa_poly.models.poly: [poly] Entering Phase 2: Final field stabilization and sanitization 
2026-03-25 01:23:38,667 143639 INFO cm-test-18.0 odoo.modules.registry: module iap_mail: creating or updating database tables 
2026-03-25 01:23:38,720 143639 INFO cm-test-18.0 odoo.modules.loading: loading iap_mail/data/mail_templates.xml 
2026-03-25 01:23:38,736 143639 INFO cm-test-18.0 odoo.modules.loading: loading iap_mail/views/iap_views.xml 
2026-03-25 01:23:38,740 143639 WARNING cm-test-18.0 odoo.addons.numa_poly.models.poly: [poly] Removing non-existent column 'groups_id' from ir.ui.view query during boot. 
2026-03-25 01:23:38,745 143639 WARNING cm-test-18.0 odoo.addons.numa_poly.models.poly: [poly] Removing non-existent column 'flag_image' from res.lang query during boot. 
2026-03-25 01:23:38,745 143639 WARNING cm-test-18.0 odoo.addons.numa_poly.models.poly: [poly] Removing non-existent column 'dependencies_id' from ir.module.module query during boot. 
2026-03-25 01:23:38,746 143639 INFO cm-test-18.0 odoo.addons.base.models.ir_module: module iap_mail: loading translation file /home/gamarino/odoo/numa-public-odoo-18.0-numa/addons/iap_mail/i18n/es.po for language es_AR 
2026-03-25 01:23:38,746 143639 INFO cm-test-18.0 odoo.tools.translate: loading base translation file /home/gamarino/odoo/numa-public-odoo-18.0-numa/addons/iap_mail/i18n/es.po for language es_AR 
2026-03-25 01:23:38,748 143639 INFO cm-test-18.0 odoo.addons.base.models.ir_module: module iap_mail: loading translation file /home/gamarino/odoo/numa-public-odoo-18.0-numa/addons/iap_mail/i18n/es_419.po for language es_AR 
2026-03-25 01:23:38,748 143639 INFO cm-test-18.0 odoo.tools.translate: loading base translation file /home/gamarino/odoo/numa-public-odoo-18.0-numa/addons/iap_mail/i18n/es_419.po for language es_AR 
2026-03-25 01:23:38,771 143639 INFO cm-test-18.0 odoo.modules.loading: Module iap_mail loaded in 1.24s, 712 queries (+712 other) 
2026-03-25 01:23:38,771 143639 INFO cm-test-18.0 odoo.modules.loading: Loading module link_tracker (40/211) 
2026-03-25 01:23:38,774 143639 INFO cm-test-18.0 odoo.addons.numa_poly.models.poly: [poly] Entering Phase 1: MRO Injection and attribute building 
2026-03-25 01:23:39,108 143639 INFO cm-test-18.0 odoo.addons.numa_poly.models.poly: [poly] Entering Phase 2: Final field stabilization and sanitization 
2026-03-25 01:23:39,159 143639 INFO cm-test-18.0 odoo.addons.numa_poly.models.poly: [poly] Entering Phase 1: MRO Injection and attribute building 
2026-03-25 01:23:39,485 143639 INFO cm-test-18.0 odoo.addons.numa_poly.models.poly: [poly] Entering Phase 2: Final field stabilization and sanitization 
2026-03-25 01:23:39,533 143639 INFO cm-test-18.0 odoo.addons.numa_poly.models.poly: [poly] Entering Phase 1: MRO Injection and attribute building 
2026-03-25 01:23:39,836 143639 INFO cm-test-18.0 odoo.addons.numa_poly.models.poly: [poly] Entering Phase 2: Final field stabilization and sanitization 
2026-03-25 01:23:39,918 143639 INFO cm-test-18.0 odoo.modules.registry: module link_tracker: creating or updating database tables 
2026-03-25 01:23:40,019 143639 INFO cm-test-18.0 odoo.modules.loading: loading link_tracker/views/link_tracker_views.xml 
2026-03-25 01:23:40,041 143639 WARNING cm-test-18.0 odoo.addons.numa_poly.models.poly: [poly] Removing non-existent column 'flag_image' from res.lang query during boot. 
2026-03-25 01:23:40,075 143639 INFO cm-test-18.0 odoo.modules.loading: loading link_tracker/views/utm_campaign_views.xml 
2026-03-25 01:23:40,080 143639 WARNING cm-test-18.0 odoo.addons.numa_poly.models.poly: [poly] Removing non-existent column 'groups_id' from ir.ui.view query during boot. 
2026-03-25 01:23:40,086 143639 WARNING cm-test-18.0 odoo.addons.numa_poly.models.poly: [poly] Removing non-existent column 'groups_id' from ir.ui.view query during boot. 
2026-03-25 01:23:40,091 143639 INFO cm-test-18.0 odoo.modules.loading: loading link_tracker/security/ir.model.access.csv 
2026-03-25 01:23:40,113 143639 WARNING cm-test-18.0 odoo.addons.numa_poly.models.poly: [poly] Removing non-existent column 'flag_image' from res.lang query during boot. 
2026-03-25 01:23:40,114 143639 WARNING cm-test-18.0 odoo.addons.numa_poly.models.poly: [poly] Removing non-existent column 'dependencies_id' from ir.module.module query during boot. 
2026-03-25 01:23:40,114 143639 INFO cm-test-18.0 odoo.addons.base.models.ir_module: module link_tracker: loading translation file /home/gamarino/odoo/numa-public-odoo-18.0-numa/addons/link_tracker/i18n/es.po for language es_AR 
2026-03-25 01:23:40,114 143639 INFO cm-test-18.0 odoo.tools.translate: loading base translation file /home/gamarino/odoo/numa-public-odoo-18.0-numa/addons/link_tracker/i18n/es.po for language es_AR 
2026-03-25 01:23:40,118 143639 INFO cm-test-18.0 odoo.addons.base.models.ir_module: module link_tracker: loading translation file /home/gamarino/odoo/numa-public-odoo-18.0-numa/addons/link_tracker/i18n/es_419.po for language es_AR 
2026-03-25 01:23:40,118 143639 INFO cm-test-18.0 odoo.tools.translate: loading base translation file /home/gamarino/odoo/numa-public-odoo-18.0-numa/addons/link_tracker/i18n/es_419.po for language es_AR 
2026-03-25 01:23:40,145 143639 INFO cm-test-18.0 odoo.modules.loading: Module link_tracker loaded in 1.37s, 926 queries (+926 other) 
2026-03-25 01:23:40,145 143639 INFO cm-test-18.0 odoo.modules.loading: Loading module mail_bot (41/211) 
2026-03-25 01:23:40,148 143639 INFO cm-test-18.0 odoo.addons.numa_poly.models.poly: [poly] Entering Phase 1: MRO Injection and attribute building 
2026-03-25 01:23:40,467 143639 INFO cm-test-18.0 odoo.addons.numa_poly.models.poly: [poly] Entering Phase 2: Final field stabilization and sanitization 
2026-03-25 01:23:40,520 143639 INFO cm-test-18.0 odoo.addons.numa_poly.models.poly: [poly] Entering Phase 1: MRO Injection and attribute building 
2026-03-25 01:23:40,842 143639 INFO cm-test-18.0 odoo.addons.numa_poly.models.poly: [poly] Entering Phase 2: Final field stabilization and sanitization 
2026-03-25 01:23:40,897 143639 INFO cm-test-18.0 odoo.addons.numa_poly.models.poly: [poly] Entering Phase 1: MRO Injection and attribute building 
2026-03-25 01:23:41,218 143639 INFO cm-test-18.0 odoo.addons.numa_poly.models.poly: [poly] Entering Phase 2: Final field stabilization and sanitization 
2026-03-25 01:23:41,262 143639 INFO cm-test-18.0 odoo.modules.registry: module mail_bot: creating or updating database tables 
2026-03-25 01:23:41,430 143639 INFO cm-test-18.0 odoo.modules.loading: loading mail_bot/views/res_users_views.xml 
2026-03-25 01:23:41,435 143639 WARNING cm-test-18.0 odoo.addons.numa_poly.models.poly: [poly] Removing non-existent column 'groups_id' from ir.ui.view query during boot. 
2026-03-25 01:23:41,444 143639 WARNING cm-test-18.0 odoo.addons.numa_poly.models.poly: [poly] Removing non-existent column 'groups_id' from ir.ui.view query during boot. 
2026-03-25 01:23:41,451 143639 INFO cm-test-18.0 odoo.modules.loading: loading mail_bot/data/mailbot_data.xml 
2026-03-25 01:23:41,455 143639 WARNING cm-test-18.0 odoo.addons.numa_poly.models.poly: [poly] Removing non-existent column 'flag_image' from res.lang query during boot. 
2026-03-25 01:23:41,456 143639 WARNING cm-test-18.0 odoo.addons.numa_poly.models.poly: [poly] Removing non-existent column 'dependencies_id' from ir.module.module query during boot. 
2026-03-25 01:23:41,456 143639 INFO cm-test-18.0 odoo.addons.base.models.ir_module: module mail_bot: loading translation file /home/gamarino/odoo/numa-public-odoo-18.0-numa/addons/mail_bot/i18n/es.po for language es_AR 
2026-03-25 01:23:41,456 143639 INFO cm-test-18.0 odoo.tools.translate: loading base translation file /home/gamarino/odoo/numa-public-odoo-18.0-numa/addons/mail_bot/i18n/es.po for language es_AR 
2026-03-25 01:23:41,459 143639 INFO cm-test-18.0 odoo.addons.base.models.ir_module: module mail_bot: loading translation file /home/gamarino/odoo/numa-public-odoo-18.0-numa/addons/mail_bot/i18n/es_419.po for language es_AR 
2026-03-25 01:23:41,459 143639 INFO cm-test-18.0 odoo.tools.translate: loading base translation file /home/gamarino/odoo/numa-public-odoo-18.0-numa/addons/mail_bot/i18n/es_419.po for language es_AR 
2026-03-25 01:23:41,484 143639 INFO cm-test-18.0 odoo.modules.loading: Module mail_bot loaded in 1.34s, 772 queries (+772 other) 
2026-03-25 01:23:41,484 143639 INFO cm-test-18.0 odoo.modules.loading: Loading module muk_web_chatter (42/211) 
2026-03-25 01:23:41,487 143639 INFO cm-test-18.0 odoo.addons.numa_poly.models.poly: [poly] Entering Phase 1: MRO Injection and attribute building 
2026-03-25 01:23:41,799 143639 INFO cm-test-18.0 odoo.addons.numa_poly.models.poly: [poly] Entering Phase 2: Final field stabilization and sanitization 
2026-03-25 01:23:41,852 143639 INFO cm-test-18.0 odoo.addons.numa_poly.models.poly: [poly] Entering Phase 1: MRO Injection and attribute building 
2026-03-25 01:23:42,161 143639 INFO cm-test-18.0 odoo.addons.numa_poly.models.poly: [poly] Entering Phase 2: Final field stabilization and sanitization 
2026-03-25 01:23:42,217 143639 INFO cm-test-18.0 odoo.addons.numa_poly.models.poly: [poly] Entering Phase 1: MRO Injection and attribute building 
2026-03-25 01:23:42,547 143639 INFO cm-test-18.0 odoo.addons.numa_poly.models.poly: [poly] Entering Phase 2: Final field stabilization and sanitization 
2026-03-25 01:23:42,595 143639 INFO cm-test-18.0 odoo.modules.registry: module muk_web_chatter: creating or updating database tables 
2026-03-25 01:23:42,666 143639 INFO cm-test-18.0 odoo.modules.loading: loading muk_web_chatter/views/res_users.xml 
2026-03-25 01:23:42,671 143639 WARNING cm-test-18.0 odoo.addons.numa_poly.models.poly: [poly] Removing non-existent column 'groups_id' from ir.ui.view query during boot. 
2026-03-25 01:23:42,678 143639 WARNING cm-test-18.0 odoo.addons.numa_poly.models.poly: [poly] Removing non-existent column 'flag_image' from res.lang query during boot. 
2026-03-25 01:23:42,679 143639 WARNING cm-test-18.0 odoo.addons.numa_poly.models.poly: [poly] Removing non-existent column 'dependencies_id' from ir.module.module query during boot. 
2026-03-25 01:23:42,679 143639 INFO cm-test-18.0 odoo.addons.base.models.ir_module: module muk_web_chatter: no translation for language es_AR 
2026-03-25 01:23:42,700 143639 INFO cm-test-18.0 odoo.modules.loading: Module muk_web_chatter loaded in 1.22s, 727 queries (+727 other) 
2026-03-25 01:23:42,700 143639 INFO cm-test-18.0 odoo.modules.loading: Loading module muk_web_colors (43/211) 
2026-03-25 01:23:42,703 143639 INFO cm-test-18.0 odoo.addons.numa_poly.models.poly: [poly] Entering Phase 1: MRO Injection and attribute building 
2026-03-25 01:23:43,008 143639 INFO cm-test-18.0 odoo.addons.numa_poly.models.poly: [poly] Entering Phase 2: Final field stabilization and sanitization 
2026-03-25 01:23:43,057 143639 INFO cm-test-18.0 odoo.addons.numa_poly.models.poly: [poly] Entering Phase 1: MRO Injection and attribute building 
2026-03-25 01:23:43,397 143639 INFO cm-test-18.0 odoo.addons.numa_poly.models.poly: [poly] Entering Phase 2: Final field stabilization and sanitization 
2026-03-25 01:23:43,442 143639 INFO cm-test-18.0 odoo.addons.numa_poly.models.poly: [poly] Entering Phase 1: MRO Injection and attribute building 
2026-03-25 01:23:43,757 143639 INFO cm-test-18.0 odoo.addons.numa_poly.models.poly: [poly] Entering Phase 2: Final field stabilization and sanitization 
2026-03-25 01:23:43,818 143639 INFO cm-test-18.0 odoo.modules.registry: module muk_web_colors: creating or updating database tables 
2026-03-25 01:23:43,881 143639 INFO cm-test-18.0 odoo.modules.loading: loading muk_web_colors/templates/webclient.xml 
2026-03-25 01:23:43,888 143639 WARNING cm-test-18.0 odoo.addons.numa_poly.models.poly: [poly] Removing non-existent column 'groups_id' from ir.ui.view query during boot. 
2026-03-25 01:23:43,893 143639 INFO cm-test-18.0 odoo.modules.loading: loading muk_web_colors/views/res_config_settings.xml 
2026-03-25 01:23:43,898 143639 WARNING cm-test-18.0 odoo.addons.numa_poly.models.poly: [poly] Removing non-existent column 'groups_id' from ir.ui.view query during boot. 
2026-03-25 01:23:43,908 143639 WARNING cm-test-18.0 odoo.addons.numa_poly.models.poly: [poly] Removing non-existent column 'flag_image' from res.lang query during boot. 
2026-03-25 01:23:43,909 143639 WARNING cm-test-18.0 odoo.addons.numa_poly.models.poly: [poly] Removing non-existent column 'dependencies_id' from ir.module.module query during boot. 
2026-03-25 01:23:43,910 143639 INFO cm-test-18.0 odoo.addons.base.models.ir_module: module muk_web_colors: no translation for language es_AR 
2026-03-25 01:23:43,921 143639 INFO cm-test-18.0 odoo.modules.loading: Module muk_web_colors loaded in 1.22s, 728 queries (+728 other) 
2026-03-25 01:23:43,921 143639 INFO cm-test-18.0 odoo.modules.loading: Loading module numa_exceptions (44/211) 
2026-03-25 01:23:43,925 143639 INFO cm-test-18.0 odoo.addons.numa_poly.models.poly: [poly] Entering Phase 1: MRO Injection and attribute building 
2026-03-25 01:23:44,252 143639 INFO cm-test-18.0 odoo.addons.numa_poly.models.poly: [poly] Entering Phase 2: Final field stabilization and sanitization 
2026-03-25 01:23:44,306 143639 INFO cm-test-18.0 odoo.addons.numa_poly.models.poly: [poly] Entering Phase 1: MRO Injection and attribute building 
2026-03-25 01:23:44,651 143639 INFO cm-test-18.0 odoo.addons.numa_poly.models.poly: [poly] Entering Phase 2: Final field stabilization and sanitization 
2026-03-25 01:23:44,704 143639 INFO cm-test-18.0 odoo.addons.numa_poly.models.poly: [poly] Entering Phase 1: MRO Injection and attribute building 
2026-03-25 01:23:45,032 143639 INFO cm-test-18.0 odoo.addons.numa_poly.models.poly: [poly] Entering Phase 2: Final field stabilization and sanitization 
2026-03-25 01:23:45,123 143639 INFO cm-test-18.0 odoo.modules.registry: module numa_exceptions: creating or updating database tables 
2026-03-25 01:23:45,200 143639 INFO cm-test-18.0 odoo.modules.loading: loading numa_exceptions/security/ir.model.access.csv 
2026-03-25 01:23:45,205 143639 WARNING cm-test-18.0 odoo.addons.numa_poly.models.poly: [poly] Removing non-existent column 'flag_image' from res.lang query during boot. 
2026-03-25 01:23:45,213 143639 INFO cm-test-18.0 odoo.modules.loading: loading numa_exceptions/security/security.xml 
2026-03-25 01:23:45,214 143639 INFO cm-test-18.0 odoo.modules.loading: loading numa_exceptions/views/exceptions_views.xml 
2026-03-25 01:23:45,235 143639 INFO cm-test-18.0 odoo.modules.loading: loading numa_exceptions/views/menu_views.xml 
2026-03-25 01:23:45,239 143639 WARNING cm-test-18.0 odoo.addons.numa_poly.models.poly: [poly] Removing non-existent column 'flag_image' from res.lang query during boot. 
2026-03-25 01:23:45,245 143639 INFO cm-test-18.0 odoo.modules.loading: loading numa_exceptions/data/exceptions_data.xml 
2026-03-25 01:23:45,250 143639 WARNING cm-test-18.0 odoo.addons.numa_poly.models.poly: [poly] Removing non-existent column 'dependencies_id' from ir.module.module query during boot. 
2026-03-25 01:23:45,250 143639 INFO cm-test-18.0 odoo.addons.base.models.ir_module: module numa_exceptions: loading translation file /home/gamarino/odoo/numa-public-addons-18.0/numa_exceptions/i18n/es.po for language es_AR 
2026-03-25 01:23:45,250 143639 INFO cm-test-18.0 odoo.tools.translate: loading base translation file /home/gamarino/odoo/numa-public-addons-18.0/numa_exceptions/i18n/es.po for language es_AR 
2026-03-25 01:23:45,281 143639 INFO cm-test-18.0 odoo.modules.loading: Module numa_exceptions loaded in 1.36s, 848 queries (+848 other) 
2026-03-25 01:23:45,281 143639 INFO cm-test-18.0 odoo.modules.loading: Loading module numa_fixed_output_mail (45/211) 
2026-03-25 01:23:45,285 143639 INFO cm-test-18.0 odoo.addons.numa_poly.models.poly: [poly] Entering Phase 1: MRO Injection and attribute building 
2026-03-25 01:23:45,600 143639 INFO cm-test-18.0 odoo.addons.numa_poly.models.poly: [poly] Entering Phase 2: Final field stabilization and sanitization 
2026-03-25 01:23:45,651 143639 INFO cm-test-18.0 odoo.addons.numa_poly.models.poly: [poly] Entering Phase 1: MRO Injection and attribute building 
2026-03-25 01:23:46,064 143639 INFO cm-test-18.0 odoo.addons.numa_poly.models.poly: [poly] Entering Phase 2: Final field stabilization and sanitization 
2026-03-25 01:23:46,133 143639 INFO cm-test-18.0 odoo.addons.numa_poly.models.poly: [poly] Entering Phase 1: MRO Injection and attribute building 
2026-03-25 01:23:46,460 143639 INFO cm-test-18.0 odoo.addons.numa_poly.models.poly: [poly] Entering Phase 2: Final field stabilization and sanitization 
2026-03-25 01:23:46,517 143639 INFO cm-test-18.0 odoo.modules.registry: module numa_fixed_output_mail: creating or updating database tables 
2026-03-25 01:23:46,578 143639 INFO cm-test-18.0 odoo.modules.loading: loading numa_fixed_output_mail/views/ir_mail_server_views.xml 
2026-03-25 01:23:46,584 143639 WARNING cm-test-18.0 odoo.addons.numa_poly.models.poly: [poly] Removing non-existent column 'groups_id' from ir.ui.view query during boot. 
2026-03-25 01:23:46,592 143639 WARNING cm-test-18.0 odoo.addons.numa_poly.models.poly: [poly] Removing non-existent column 'flag_image' from res.lang query during boot. 
2026-03-25 01:23:46,592 143639 WARNING cm-test-18.0 odoo.addons.numa_poly.models.poly: [poly] Removing non-existent column 'dependencies_id' from ir.module.module query during boot. 
2026-03-25 01:23:46,593 143639 INFO cm-test-18.0 odoo.addons.base.models.ir_module: module numa_fixed_output_mail: loading translation file /home/gamarino/odoo/numa-public-addons-18.0/numa_fixed_output_mail/i18n/es.po for language es_AR 
2026-03-25 01:23:46,593 143639 INFO cm-test-18.0 odoo.tools.translate: loading base translation file /home/gamarino/odoo/numa-public-addons-18.0/numa_fixed_output_mail/i18n/es.po for language es_AR 
2026-03-25 01:23:46,615 143639 INFO cm-test-18.0 odoo.modules.loading: Module numa_fixed_output_mail loaded in 1.33s, 728 queries (+728 other) 
2026-03-25 01:23:46,615 143639 INFO cm-test-18.0 odoo.modules.loading: Loading module phone_validation (46/211) 
2026-03-25 01:23:46,618 143639 INFO cm-test-18.0 odoo.addons.numa_poly.models.poly: [poly] Entering Phase 1: MRO Injection and attribute building 
2026-03-25 01:23:46,954 143639 INFO cm-test-18.0 odoo.addons.numa_poly.models.poly: [poly] Entering Phase 2: Final field stabilization and sanitization 
2026-03-25 01:23:47,086 143639 INFO cm-test-18.0 odoo.addons.numa_poly.models.poly: [poly] Entering Phase 1: MRO Injection and attribute building 
2026-03-25 01:23:47,528 143639 INFO cm-test-18.0 odoo.addons.numa_poly.models.poly: [poly] Entering Phase 2: Final field stabilization and sanitization 
2026-03-25 01:23:47,578 143639 INFO cm-test-18.0 odoo.addons.numa_poly.models.poly: [poly] Entering Phase 1: MRO Injection and attribute building 
2026-03-25 01:23:47,919 143639 INFO cm-test-18.0 odoo.addons.numa_poly.models.poly: [poly] Entering Phase 2: Final field stabilization and sanitization 
2026-03-25 01:23:48,003 143639 INFO cm-test-18.0 odoo.modules.registry: module phone_validation: creating or updating database tables 
2026-03-25 01:23:49,727 143639 INFO cm-test-18.0 odoo.modules.loading: loading phone_validation/security/ir.model.access.csv 
2026-03-25 01:23:49,732 143639 WARNING cm-test-18.0 odoo.addons.numa_poly.models.poly: [poly] Removing non-existent column 'flag_image' from res.lang query during boot. 
2026-03-25 01:23:49,742 143639 INFO cm-test-18.0 odoo.modules.loading: loading phone_validation/views/phone_blacklist_views.xml 
2026-03-25 01:23:49,760 143639 WARNING cm-test-18.0 odoo.addons.numa_poly.models.poly: [poly] Removing non-existent column 'flag_image' from res.lang query during boot. 
2026-03-25 01:23:49,770 143639 INFO cm-test-18.0 odoo.modules.loading: loading phone_validation/wizard/phone_blacklist_remove_view.xml 
2026-03-25 01:23:49,779 143639 WARNING cm-test-18.0 odoo.addons.numa_poly.models.poly: [poly] Removing non-existent column 'dependencies_id' from ir.module.module query during boot. 
2026-03-25 01:23:49,779 143639 INFO cm-test-18.0 odoo.addons.base.models.ir_module: module phone_validation: loading translation file /home/gamarino/odoo/numa-public-odoo-18.0-numa/addons/phone_validation/i18n/es.po for language es_AR 
2026-03-25 01:23:49,779 143639 INFO cm-test-18.0 odoo.tools.translate: loading base translation file /home/gamarino/odoo/numa-public-odoo-18.0-numa/addons/phone_validation/i18n/es.po for language es_AR 
2026-03-25 01:23:49,783 143639 INFO cm-test-18.0 odoo.addons.base.models.ir_module: module phone_validation: loading translation file /home/gamarino/odoo/numa-public-odoo-18.0-numa/addons/phone_validation/i18n/es_419.po for language es_AR 
2026-03-25 01:23:49,783 143639 INFO cm-test-18.0 odoo.tools.translate: loading base translation file /home/gamarino/odoo/numa-public-odoo-18.0-numa/addons/phone_validation/i18n/es_419.po for language es_AR 
2026-03-25 01:23:49,813 143639 INFO cm-test-18.0 odoo.modules.loading: Module phone_validation loaded in 3.20s, 2686 queries (+2686 other) 
2026-03-25 01:23:49,813 143639 INFO cm-test-18.0 odoo.modules.loading: Loading module privacy_lookup (47/211) 
2026-03-25 01:23:49,816 143639 INFO cm-test-18.0 odoo.addons.numa_poly.models.poly: [poly] Entering Phase 1: MRO Injection and attribute building 
2026-03-25 01:23:50,156 143639 INFO cm-test-18.0 odoo.addons.numa_poly.models.poly: [poly] Entering Phase 2: Final field stabilization and sanitization 
2026-03-25 01:23:50,208 143639 INFO cm-test-18.0 odoo.addons.numa_poly.models.poly: [poly] Entering Phase 1: MRO Injection and attribute building 
2026-03-25 01:23:50,559 143639 INFO cm-test-18.0 odoo.addons.numa_poly.models.poly: [poly] Entering Phase 2: Final field stabilization and sanitization 
2026-03-25 01:23:50,613 143639 INFO cm-test-18.0 odoo.addons.numa_poly.models.poly: [poly] Entering Phase 1: MRO Injection and attribute building 
2026-03-25 01:23:50,961 143639 INFO cm-test-18.0 odoo.addons.numa_poly.models.poly: [poly] Entering Phase 2: Final field stabilization and sanitization 
2026-03-25 01:23:51,051 143639 INFO cm-test-18.0 odoo.modules.registry: module privacy_lookup: creating or updating database tables 
2026-03-25 01:23:51,177 143639 INFO cm-test-18.0 odoo.modules.loading: loading privacy_lookup/wizard/privacy_lookup_wizard_views.xml 
2026-03-25 01:23:51,204 143639 INFO cm-test-18.0 odoo.modules.loading: loading privacy_lookup/views/privacy_log_views.xml 
2026-03-25 01:23:51,224 143639 INFO cm-test-18.0 odoo.modules.loading: loading privacy_lookup/security/ir.model.access.csv 
2026-03-25 01:23:51,234 143639 WARNING cm-test-18.0 odoo.addons.numa_poly.models.poly: [poly] Removing non-existent column 'flag_image' from res.lang query during boot. 
2026-03-25 01:23:51,243 143639 INFO cm-test-18.0 odoo.modules.loading: loading privacy_lookup/data/ir_actions_server_data.xml 
2026-03-25 01:23:51,252 143639 WARNING cm-test-18.0 odoo.addons.numa_poly.models.poly: [poly] Removing non-existent column 'flag_image' from res.lang query during boot. 
2026-03-25 01:23:51,253 143639 WARNING cm-test-18.0 odoo.addons.numa_poly.models.poly: [poly] Removing non-existent column 'dependencies_id' from ir.module.module query during boot. 
2026-03-25 01:23:51,253 143639 INFO cm-test-18.0 odoo.addons.base.models.ir_module: module privacy_lookup: loading translation file /home/gamarino/odoo/numa-public-odoo-18.0-numa/addons/privacy_lookup/i18n/es.po for language es_AR 
2026-03-25 01:23:51,254 143639 INFO cm-test-18.0 odoo.tools.translate: loading base translation file /home/gamarino/odoo/numa-public-odoo-18.0-numa/addons/privacy_lookup/i18n/es.po for language es_AR 
2026-03-25 01:23:51,256 143639 INFO cm-test-18.0 odoo.addons.base.models.ir_module: module privacy_lookup: loading translation file /home/gamarino/odoo/numa-public-odoo-18.0-numa/addons/privacy_lookup/i18n/es_419.po for language es_AR 
2026-03-25 01:23:51,256 143639 INFO cm-test-18.0 odoo.tools.translate: loading base translation file /home/gamarino/odoo/numa-public-odoo-18.0-numa/addons/privacy_lookup/i18n/es_419.po for language es_AR 
2026-03-25 01:23:51,295 143639 INFO cm-test-18.0 odoo.modules.loading: Module privacy_lookup loaded in 1.48s, 932 queries (+932 other) 
2026-03-25 01:23:51,295 143639 INFO cm-test-18.0 odoo.modules.loading: Loading module product (48/211) 
2026-03-25 01:23:51,298 143639 INFO cm-test-18.0 odoo.addons.numa_poly.models.poly: [poly] Entering Phase 1: MRO Injection and attribute building 
2026-03-25 01:23:51,643 143639 INFO cm-test-18.0 odoo.addons.numa_poly.models.poly: [poly] Entering Phase 2: Final field stabilization and sanitization 
2026-03-25 01:23:51,722 143639 INFO cm-test-18.0 odoo.addons.numa_poly.models.poly: [poly] Entering Phase 1: MRO Injection and attribute building 
2026-03-25 01:23:52,147 143639 INFO cm-test-18.0 odoo.addons.numa_poly.models.poly: [poly] Entering Phase 2: Final field stabilization and sanitization 
2026-03-25 01:23:52,214 143639 INFO cm-test-18.0 odoo.addons.numa_poly.models.poly: [poly] Entering Phase 1: MRO Injection and attribute building 
2026-03-25 01:23:52,640 143639 INFO cm-test-18.0 odoo.addons.numa_poly.models.poly: [poly] Entering Phase 2: Final field stabilization and sanitization 
2026-03-25 01:23:53,004 143639 INFO cm-test-18.0 odoo.modules.registry: module product: creating or updating database tables 
2026-03-25 01:23:53,442 143639 INFO cm-test-18.0 odoo.modules.loading: loading product/data/product_data.xml 
2026-03-25 01:23:53,449 143639 INFO cm-test-18.0 odoo.modules.loading: loading product/security/product_security.xml 
2026-03-25 01:23:53,473 143639 WARNING cm-test-18.0 odoo.addons.numa_poly.models.poly: [poly] Removing non-existent column 'users' from res.groups query during boot. 
2026-03-25 01:23:53,478 143639 WARNING cm-test-18.0 odoo.addons.numa_poly.models.poly: [poly] Removing non-existent column 'implied_ids' from res.groups query during boot. 
2026-03-25 01:23:53,479 143639 WARNING cm-test-18.0 odoo.addons.numa_poly.models.poly: [poly] Removing non-existent column 'groups_id' from res.users query during boot. 
2026-03-25 01:23:53,487 143639 WARNING cm-test-18.0 odoo.addons.numa_poly.models.poly: [poly] Removing non-existent column 'users' from res.groups query during boot. 
2026-03-25 01:23:53,500 143639 INFO cm-test-18.0 odoo.modules.loading: loading product/security/ir.model.access.csv 
2026-03-25 01:23:53,505 143639 WARNING cm-test-18.0 odoo.addons.numa_poly.models.poly: [poly] Removing non-existent column 'flag_image' from res.lang query during boot. 
2026-03-25 01:23:53,548 143639 INFO cm-test-18.0 odoo.modules.loading: loading product/wizard/product_label_layout_views.xml 
2026-03-25 01:23:53,552 143639 WARNING cm-test-18.0 odoo.addons.numa_poly.models.poly: [poly] Removing non-existent column 'groups_id' from ir.ui.view query during boot. 
2026-03-25 01:23:53,559 143639 INFO cm-test-18.0 odoo.models.unlink: User #1 deleted ir.actions.act_window.view records with IDs: [9580] 
2026-03-25 01:23:53,561 143639 INFO cm-test-18.0 odoo.models.unlink: User #1 deleted ir.poly_base records with IDs: [9580] 
2026-03-25 01:23:53,566 143639 INFO cm-test-18.0 odoo.modules.loading: loading product/wizard/update_product_attribute_value_views.xml 
2026-03-25 01:23:53,571 143639 INFO cm-test-18.0 odoo.modules.loading: loading product/views/product_tag_views.xml 
2026-03-25 01:23:53,583 143639 WARNING cm-test-18.0 odoo.addons.numa_poly.models.poly: [poly] Removing non-existent column 'flag_image' from res.lang query during boot. 
2026-03-25 01:23:53,584 143639 INFO cm-test-18.0 odoo.modules.loading: loading product/views/product_views.xml 
2026-03-25 01:23:53,589 143639 WARNING cm-test-18.0 odoo.addons.numa_poly.models.poly: [poly] Removing non-existent column 'groups_id' from ir.ui.view query during boot. 
2026-03-25 01:23:53,604 143639 WARNING cm-test-18.0 odoo.addons.numa_poly.models.poly: [poly] Removing non-existent column 'groups_id' from ir.ui.view query during boot. 
2026-03-25 01:23:53,612 143639 WARNING cm-test-18.0 odoo.addons.numa_poly.models.poly: [poly] Removing non-existent column 'groups_id' from ir.ui.view query during boot. 
2026-03-25 01:23:53,623 143639 INFO cm-test-18.0 odoo.models.unlink: User #1 deleted ir.actions.act_window.view records with IDs: [9581, 9582, 9583] 
2026-03-25 01:23:53,625 143639 INFO cm-test-18.0 odoo.models.unlink: User #1 deleted ir.poly_base records with IDs: [9581, 9582, 9583] 
2026-03-25 01:23:53,643 143639 WARNING cm-test-18.0 odoo.addons.numa_poly.models.poly: [poly] Removing non-existent column 'groups_id' from ir.ui.view query during boot. 
2026-03-25 01:23:53,663 143639 WARNING cm-test-18.0 odoo.addons.numa_poly.models.poly: [poly] Removing non-existent column 'flag_image' from res.lang query during boot. 
2026-03-25 01:23:53,677 143639 INFO cm-test-18.0 odoo.modules.loading: loading product/views/res_config_settings_views.xml 
2026-03-25 01:23:53,681 143639 WARNING cm-test-18.0 odoo.addons.numa_poly.models.poly: [poly] Removing non-existent column 'groups_id' from ir.ui.view query during boot. 
2026-03-25 01:23:53,691 143639 INFO cm-test-18.0 odoo.modules.loading: loading product/views/product_attribute_views.xml 
2026-03-25 01:23:53,707 143639 WARNING cm-test-18.0 odoo.addons.numa_poly.models.poly: [poly] Removing non-existent column 'groups_id' from ir.ui.view query during boot. 
2026-03-25 01:23:53,725 143639 INFO cm-test-18.0 odoo.modules.loading: loading product/views/product_attribute_value_views.xml 
2026-03-25 01:23:53,730 143639 INFO cm-test-18.0 odoo.modules.loading: loading product/views/product_category_views.xml 
2026-03-25 01:23:53,746 143639 INFO cm-test-18.0 odoo.modules.loading: loading product/views/product_combo_views.xml 
2026-03-25 01:23:53,759 143639 INFO cm-test-18.0 odoo.modules.loading: loading product/views/product_document_views.xml 
2026-03-25 01:23:53,779 143639 INFO cm-test-18.0 odoo.modules.loading: loading product/views/product_packaging_views.xml 
2026-03-25 01:23:53,791 143639 WARNING cm-test-18.0 odoo.addons.numa_poly.models.poly: [poly] Removing non-existent column 'groups_id' from ir.ui.view query during boot. 
2026-03-25 01:23:53,802 143639 WARNING cm-test-18.0 odoo.addons.numa_poly.models.poly: [poly] Removing non-existent column 'groups_id' from ir.ui.view query during boot. 
2026-03-25 01:23:53,814 143639 INFO cm-test-18.0 odoo.models.unlink: User #1 deleted ir.actions.act_window.view records with IDs: [9584, 9585] 
2026-03-25 01:23:53,816 143639 INFO cm-test-18.0 odoo.models.unlink: User #1 deleted ir.poly_base records with IDs: [9584, 9585] 
2026-03-25 01:23:53,820 143639 INFO cm-test-18.0 odoo.modules.loading: loading product/views/product_pricelist_item_views.xml 
2026-03-25 01:23:53,839 143639 INFO cm-test-18.0 odoo.modules.loading: loading product/views/product_pricelist_views.xml 
2026-03-25 01:23:53,860 143639 WARNING cm-test-18.0 odoo.addons.numa_poly.models.poly: [poly] Removing non-existent column 'flag_image' from res.lang query during boot. 
2026-03-25 01:23:53,865 143639 INFO cm-test-18.0 odoo.modules.loading: loading product/views/product_supplierinfo_views.xml 
2026-03-25 01:23:53,888 143639 INFO cm-test-18.0 odoo.modules.loading: loading product/views/product_template_attribute_line_views.xml 
2026-03-25 01:23:53,894 143639 INFO cm-test-18.0 odoo.modules.loading: loading product/views/product_template_views.xml 
2026-03-25 01:23:53,905 143639 WARNING cm-test-18.0 odoo.addons.numa_poly.models.poly: [poly] Removing non-existent column 'groups_id' from ir.ui.view query during boot. 
2026-03-25 01:23:53,924 143639 INFO cm-test-18.0 odoo.modules.loading: loading product/views/res_country_group_views.xml 
2026-03-25 01:23:53,928 143639 WARNING cm-test-18.0 odoo.addons.numa_poly.models.poly: [poly] Removing non-existent column 'groups_id' from ir.ui.view query during boot. 
2026-03-25 01:23:53,931 143639 INFO cm-test-18.0 odoo.modules.loading: loading product/views/res_partner_views.xml 
2026-03-25 01:23:53,935 143639 WARNING cm-test-18.0 odoo.addons.numa_poly.models.poly: [poly] Removing non-existent column 'groups_id' from ir.ui.view query during boot. 
2026-03-25 01:23:53,941 143639 INFO cm-test-18.0 odoo.modules.loading: loading product/report/product_reports.xml 
2026-03-25 01:23:53,955 143639 INFO cm-test-18.0 odoo.modules.loading: loading product/report/product_product_templates.xml 
2026-03-25 01:23:53,991 143639 INFO cm-test-18.0 odoo.modules.loading: loading product/report/product_template_templates.xml 
2026-03-25 01:23:54,015 143639 INFO cm-test-18.0 odoo.modules.loading: loading product/report/product_packaging.xml 
2026-03-25 01:23:54,022 143639 INFO cm-test-18.0 odoo.modules.loading: loading product/report/product_pricelist_report_templates.xml 
2026-03-25 01:23:54,033 143639 INFO cm-test-18.0 odoo.modules.loading: Module product: loading demo 
2026-03-25 01:23:54,033 143639 INFO cm-test-18.0 odoo.modules.loading: loading product/data/product_attribute_demo.xml 
2026-03-25 01:23:54,043 143639 INFO cm-test-18.0 odoo.modules.loading: loading product/data/product_category_demo.xml 
2026-03-25 01:23:54,047 143639 INFO cm-test-18.0 odoo.modules.loading: loading product/data/product_demo.xml 
2026-03-25 01:23:54,074 143639 INFO cm-test-18.0 odoo.modules.loading: loading product/data/product_document_demo.xml 
2026-03-25 01:23:54,077 143639 INFO cm-test-18.0 odoo.modules.loading: loading product/data/product_supplierinfo_demo.xml 
2026-03-25 01:23:54,092 143639 WARNING cm-test-18.0 odoo.addons.numa_poly.models.poly: [poly] Removing non-existent column 'dependencies_id' from ir.module.module query during boot. 
2026-03-25 01:23:54,092 143639 INFO cm-test-18.0 odoo.addons.base.models.ir_module: module product: loading translation file /home/gamarino/odoo/numa-public-odoo-18.0-numa/addons/product/i18n/es.po for language es_AR 
2026-03-25 01:23:54,092 143639 INFO cm-test-18.0 odoo.tools.translate: loading base translation file /home/gamarino/odoo/numa-public-odoo-18.0-numa/addons/product/i18n/es.po for language es_AR 
2026-03-25 01:23:54,120 143639 INFO cm-test-18.0 odoo.addons.base.models.ir_module: module product: loading translation file /home/gamarino/odoo/numa-public-odoo-18.0-numa/addons/product/i18n/es_419.po for language es_AR 
2026-03-25 01:23:54,121 143639 INFO cm-test-18.0 odoo.tools.translate: loading base translation file /home/gamarino/odoo/numa-public-odoo-18.0-numa/addons/product/i18n/es_419.po for language es_AR 
2026-03-25 01:23:54,280 143639 INFO cm-test-18.0 odoo.modules.loading: Module product loaded in 2.99s, 2499 queries (+2499 other) 
2026-03-25 01:23:54,280 143639 INFO cm-test-18.0 odoo.modules.loading: Loading module rating (49/211) 
2026-03-25 01:23:54,284 143639 INFO cm-test-18.0 odoo.addons.numa_poly.models.poly: [poly] Entering Phase 1: MRO Injection and attribute building 
2026-03-25 01:23:54,719 143639 INFO cm-test-18.0 odoo.addons.numa_poly.models.poly: [poly] Entering Phase 2: Final field stabilization and sanitization 
2026-03-25 01:23:54,786 143639 INFO cm-test-18.0 odoo.addons.numa_poly.models.poly: [poly] Entering Phase 1: MRO Injection and attribute building 
2026-03-25 01:23:55,229 143639 INFO cm-test-18.0 odoo.addons.numa_poly.models.poly: [poly] Entering Phase 2: Final field stabilization and sanitization 
2026-03-25 01:23:55,292 143639 INFO cm-test-18.0 odoo.addons.numa_poly.models.poly: [poly] Entering Phase 1: MRO Injection and attribute building 
2026-03-25 01:23:55,725 143639 INFO cm-test-18.0 odoo.addons.numa_poly.models.poly: [poly] Entering Phase 2: Final field stabilization and sanitization 
2026-03-25 01:23:55,823 143639 INFO cm-test-18.0 odoo.modules.registry: module rating: creating or updating database tables 
2026-03-25 01:23:56,111 143639 INFO cm-test-18.0 odoo.modules.loading: loading rating/views/rating_rating_views.xml 
2026-03-25 01:23:56,124 143639 WARNING cm-test-18.0 odoo.addons.numa_poly.models.poly: [poly] Removing non-existent column 'groups_id' from ir.ui.view query during boot. 
2026-03-25 01:23:56,130 143639 WARNING cm-test-18.0 odoo.addons.numa_poly.models.poly: [poly] Removing non-existent column 'groups_id' from ir.ui.view query during boot. 
2026-03-25 01:23:56,155 143639 WARNING cm-test-18.0 odoo.addons.numa_poly.models.poly: [poly] Removing non-existent column 'flag_image' from res.lang query during boot. 
2026-03-25 01:23:56,164 143639 INFO cm-test-18.0 odoo.modules.loading: loading rating/views/rating_templates.xml 
2026-03-25 01:23:56,182 143639 INFO cm-test-18.0 odoo.modules.loading: loading rating/views/mail_message_views.xml 
2026-03-25 01:23:56,187 143639 WARNING cm-test-18.0 odoo.addons.numa_poly.models.poly: [poly] Removing non-existent column 'groups_id' from ir.ui.view query during boot. 
2026-03-25 01:23:56,193 143639 INFO cm-test-18.0 odoo.modules.loading: loading rating/security/ir.model.access.csv 
2026-03-25 01:23:56,210 143639 WARNING cm-test-18.0 odoo.addons.numa_poly.models.poly: [poly] Removing non-existent column 'flag_image' from res.lang query during boot. 
2026-03-25 01:23:56,212 143639 WARNING cm-test-18.0 odoo.addons.numa_poly.models.poly: [poly] Removing non-existent column 'dependencies_id' from ir.module.module query during boot. 
2026-03-25 01:23:56,212 143639 INFO cm-test-18.0 odoo.addons.base.models.ir_module: module rating: loading translation file /home/gamarino/odoo/numa-public-odoo-18.0-numa/addons/rating/i18n/es.po for language es_AR 
2026-03-25 01:23:56,212 143639 INFO cm-test-18.0 odoo.tools.translate: loading base translation file /home/gamarino/odoo/numa-public-odoo-18.0-numa/addons/rating/i18n/es.po for language es_AR 
2026-03-25 01:23:56,217 143639 INFO cm-test-18.0 odoo.addons.base.models.ir_module: module rating: loading translation file /home/gamarino/odoo/numa-public-odoo-18.0-numa/addons/rating/i18n/es_419.po for language es_AR 
2026-03-25 01:23:56,218 143639 INFO cm-test-18.0 odoo.tools.translate: loading base translation file /home/gamarino/odoo/numa-public-odoo-18.0-numa/addons/rating/i18n/es_419.po for language es_AR 
2026-03-25 01:23:56,252 143639 INFO cm-test-18.0 odoo.modules.loading: Module rating loaded in 1.97s, 1245 queries (+1245 other) 
2026-03-25 01:23:56,252 143639 INFO cm-test-18.0 odoo.modules.loading: Loading module resource_mail (50/211) 
2026-03-25 01:23:56,256 143639 INFO cm-test-18.0 odoo.addons.numa_poly.models.poly: [poly] Entering Phase 1: MRO Injection and attribute building 
2026-03-25 01:23:56,691 143639 INFO cm-test-18.0 odoo.addons.numa_poly.models.poly: [poly] Entering Phase 2: Final field stabilization and sanitization 
2026-03-25 01:23:56,750 143639 INFO cm-test-18.0 odoo.addons.numa_poly.models.poly: [poly] Entering Phase 1: MRO Injection and attribute building 
2026-03-25 01:23:57,168 143639 INFO cm-test-18.0 odoo.addons.numa_poly.models.poly: [poly] Entering Phase 2: Final field stabilization and sanitization 
2026-03-25 01:23:57,226 143639 INFO cm-test-18.0 odoo.addons.numa_poly.models.poly: [poly] Entering Phase 1: MRO Injection and attribute building 
2026-03-25 01:23:57,664 143639 INFO cm-test-18.0 odoo.addons.numa_poly.models.poly: [poly] Entering Phase 2: Final field stabilization and sanitization 
2026-03-25 01:23:57,724 143639 INFO cm-test-18.0 odoo.modules.registry: module resource_mail: creating or updating database tables 
2026-03-25 01:23:57,777 143639 WARNING cm-test-18.0 odoo.addons.numa_poly.models.poly: [poly] Removing non-existent column 'flag_image' from res.lang query during boot. 
2026-03-25 01:23:57,777 143639 WARNING cm-test-18.0 odoo.addons.numa_poly.models.poly: [poly] Removing non-existent column 'dependencies_id' from ir.module.module query during boot. 
2026-03-25 01:23:57,778 143639 INFO cm-test-18.0 odoo.addons.base.models.ir_module: module resource_mail: loading translation file /home/gamarino/odoo/numa-public-odoo-18.0-numa/addons/resource_mail/i18n/es.po for language es_AR 
2026-03-25 01:23:57,778 143639 INFO cm-test-18.0 odoo.tools.translate: loading base translation file /home/gamarino/odoo/numa-public-odoo-18.0-numa/addons/resource_mail/i18n/es.po for language es_AR 
2026-03-25 01:23:57,779 143639 INFO cm-test-18.0 odoo.addons.base.models.ir_module: module resource_mail: loading translation file /home/gamarino/odoo/numa-public-odoo-18.0-numa/addons/resource_mail/i18n/es_419.po for language es_AR 
2026-03-25 01:23:57,779 143639 INFO cm-test-18.0 odoo.tools.translate: loading base translation file /home/gamarino/odoo/numa-public-odoo-18.0-numa/addons/resource_mail/i18n/es_419.po for language es_AR 
2026-03-25 01:23:57,799 143639 INFO cm-test-18.0 odoo.modules.loading: Module resource_mail loaded in 1.55s, 827 queries (+827 other) 
2026-03-25 01:23:57,799 143639 INFO cm-test-18.0 odoo.modules.loading: Loading module sales_team (51/211) 
2026-03-25 01:23:57,803 143639 INFO cm-test-18.0 odoo.addons.numa_poly.models.poly: [poly] Entering Phase 1: MRO Injection and attribute building 
2026-03-25 01:23:58,250 143639 INFO cm-test-18.0 odoo.addons.numa_poly.models.poly: [poly] Entering Phase 2: Final field stabilization and sanitization 
2026-03-25 01:23:58,400 143639 INFO cm-test-18.0 odoo.addons.numa_poly.models.poly: [poly] Entering Phase 1: MRO Injection and attribute building 
2026-03-25 01:23:58,844 143639 INFO cm-test-18.0 odoo.addons.numa_poly.models.poly: [poly] Entering Phase 2: Final field stabilization and sanitization 
2026-03-25 01:23:58,900 143639 INFO cm-test-18.0 odoo.addons.numa_poly.models.poly: [poly] Entering Phase 1: MRO Injection and attribute building 
2026-03-25 01:23:59,349 143639 INFO cm-test-18.0 odoo.addons.numa_poly.models.poly: [poly] Entering Phase 2: Final field stabilization and sanitization 
2026-03-25 01:23:59,437 143639 INFO cm-test-18.0 odoo.modules.registry: module sales_team: creating or updating database tables 
2026-03-25 01:23:59,531 143639 INFO cm-test-18.0 odoo.modules.loading: loading sales_team/security/sales_team_security.xml 
2026-03-25 01:23:59,536 143639 WARNING cm-test-18.0 odoo.addons.numa_poly.models.poly: [poly] Removing non-existent column 'implied_ids' from res.groups query during boot. 
2026-03-25 01:23:59,543 143639 WARNING cm-test-18.0 odoo.addons.numa_poly.models.poly: [poly] Removing non-existent column 'users' from res.groups query during boot. 
2026-03-25 01:23:59,554 143639 WARNING cm-test-18.0 odoo.addons.numa_poly.models.poly: [poly] Removing non-existent column 'implied_ids' from res.groups query during boot. 
2026-03-25 01:23:59,559 143639 WARNING cm-test-18.0 odoo.addons.numa_poly.models.poly: [poly] Removing non-existent column 'users' from res.groups query during boot. 
2026-03-25 01:23:59,569 143639 WARNING cm-test-18.0 odoo.addons.numa_poly.models.poly: [poly] Removing non-existent column 'implied_ids' from res.groups query during boot. 
2026-03-25 01:23:59,578 143639 WARNING cm-test-18.0 odoo.addons.numa_poly.models.poly: [poly] Removing non-existent column 'users' from res.groups query during boot. 
2026-03-25 01:23:59,589 143639 INFO cm-test-18.0 odoo.modules.loading: loading sales_team/security/ir.model.access.csv 
2026-03-25 01:23:59,590 143639 WARNING cm-test-18.0 odoo.addons.numa_poly.models.poly: [poly] Removing non-existent column 'groups_id' from res.users query during boot. 
2026-03-25 01:23:59,598 143639 WARNING cm-test-18.0 odoo.addons.numa_poly.models.poly: [poly] Removing non-existent column 'flag_image' from res.lang query during boot. 
2026-03-25 01:23:59,612 143639 INFO cm-test-18.0 odoo.modules.loading: loading sales_team/data/crm_team_data.xml 
2026-03-25 01:23:59,617 143639 INFO cm-test-18.0 odoo.modules.loading: loading sales_team/views/crm_tag_views.xml 
2026-03-25 01:23:59,630 143639 WARNING cm-test-18.0 odoo.addons.numa_poly.models.poly: [poly] Removing non-existent column 'flag_image' from res.lang query during boot. 
2026-03-25 01:23:59,632 143639 INFO cm-test-18.0 odoo.modules.loading: loading sales_team/views/crm_team_views.xml 
2026-03-25 01:23:59,664 143639 INFO cm-test-18.0 odoo.modules.loading: loading sales_team/views/crm_team_member_views.xml 
2026-03-25 01:23:59,676 143639 WARNING cm-test-18.0 odoo.addons.numa_poly.models.poly: [poly] Removing non-existent column 'groups_id' from ir.ui.view query during boot. 
2026-03-25 01:23:59,685 143639 WARNING cm-test-18.0 odoo.addons.numa_poly.models.poly: [poly] Removing non-existent column 'groups_id' from ir.ui.view query during boot. 
2026-03-25 01:23:59,694 143639 WARNING cm-test-18.0 odoo.addons.numa_poly.models.poly: [poly] Removing non-existent column 'groups_id' from ir.ui.view query during boot. 
2026-03-25 01:23:59,701 143639 INFO cm-test-18.0 odoo.modules.loading: loading sales_team/views/mail_activity_views.xml 
2026-03-25 01:23:59,707 143639 INFO cm-test-18.0 odoo.modules.loading: Module sales_team: loading demo 
2026-03-25 01:23:59,707 143639 INFO cm-test-18.0 odoo.modules.loading: loading sales_team/data/crm_team_demo.xml 
2026-03-25 01:23:59,711 143639 INFO cm-test-18.0 odoo.modules.loading: loading sales_team/data/crm_tag_demo.xml 
2026-03-25 01:23:59,718 143639 WARNING cm-test-18.0 odoo.addons.numa_poly.models.poly: [poly] Removing non-existent column 'dependencies_id' from ir.module.module query during boot. 
2026-03-25 01:23:59,719 143639 INFO cm-test-18.0 odoo.addons.base.models.ir_module: module sales_team: loading translation file /home/gamarino/odoo/numa-public-odoo-18.0-numa/addons/sales_team/i18n/es.po for language es_AR 
2026-03-25 01:23:59,719 143639 INFO cm-test-18.0 odoo.tools.translate: loading base translation file /home/gamarino/odoo/numa-public-odoo-18.0-numa/addons/sales_team/i18n/es.po for language es_AR 
2026-03-25 01:23:59,725 143639 INFO cm-test-18.0 odoo.addons.base.models.ir_module: module sales_team: loading translation file /home/gamarino/odoo/numa-public-odoo-18.0-numa/addons/sales_team/i18n/es_419.po for language es_AR 
2026-03-25 01:23:59,725 143639 INFO cm-test-18.0 odoo.tools.translate: loading base translation file /home/gamarino/odoo/numa-public-odoo-18.0-numa/addons/sales_team/i18n/es_419.po for language es_AR 
2026-03-25 01:23:59,761 143639 INFO cm-test-18.0 odoo.modules.loading: Module sales_team loaded in 1.96s, 1221 queries (+1221 other) 
2026-03-25 01:23:59,761 143639 INFO cm-test-18.0 odoo.modules.loading: Loading module web_unsplash (52/211) 
2026-03-25 01:23:59,764 143639 INFO cm-test-18.0 odoo.addons.numa_poly.models.poly: [poly] Entering Phase 1: MRO Injection and attribute building 
2026-03-25 01:24:00,226 143639 INFO cm-test-18.0 odoo.addons.numa_poly.models.poly: [poly] Entering Phase 2: Final field stabilization and sanitization 
2026-03-25 01:24:00,288 143639 INFO cm-test-18.0 odoo.addons.numa_poly.models.poly: [poly] Entering Phase 1: MRO Injection and attribute building 
2026-03-25 01:24:00,749 143639 INFO cm-test-18.0 odoo.addons.numa_poly.models.poly: [poly] Entering Phase 2: Final field stabilization and sanitization 
2026-03-25 01:24:00,804 143639 INFO cm-test-18.0 odoo.addons.numa_poly.models.poly: [poly] Entering Phase 1: MRO Injection and attribute building 
2026-03-25 01:24:01,264 143639 INFO cm-test-18.0 odoo.addons.numa_poly.models.poly: [poly] Entering Phase 2: Final field stabilization and sanitization 
2026-03-25 01:24:01,329 143639 INFO cm-test-18.0 odoo.modules.registry: module web_unsplash: creating or updating database tables 
2026-03-25 01:24:01,444 143639 INFO cm-test-18.0 odoo.modules.loading: loading web_unsplash/views/res_config_settings_view.xml 
2026-03-25 01:24:01,448 143639 WARNING cm-test-18.0 odoo.addons.numa_poly.models.poly: [poly] Removing non-existent column 'groups_id' from ir.ui.view query during boot. 
2026-03-25 01:24:01,458 143639 WARNING cm-test-18.0 odoo.addons.numa_poly.models.poly: [poly] Removing non-existent column 'flag_image' from res.lang query during boot. 
2026-03-25 01:24:01,459 143639 WARNING cm-test-18.0 odoo.addons.numa_poly.models.poly: [poly] Removing non-existent column 'dependencies_id' from ir.module.module query during boot. 
2026-03-25 01:24:01,459 143639 INFO cm-test-18.0 odoo.addons.base.models.ir_module: module web_unsplash: loading translation file /home/gamarino/odoo/numa-public-odoo-18.0-numa/addons/web_unsplash/i18n/es.po for language es_AR 
2026-03-25 01:24:01,459 143639 INFO cm-test-18.0 odoo.tools.translate: loading base translation file /home/gamarino/odoo/numa-public-odoo-18.0-numa/addons/web_unsplash/i18n/es.po for language es_AR 
2026-03-25 01:24:01,461 143639 INFO cm-test-18.0 odoo.addons.base.models.ir_module: module web_unsplash: loading translation file /home/gamarino/odoo/numa-public-odoo-18.0-numa/addons/web_unsplash/i18n/es_419.po for language es_AR 
2026-03-25 01:24:01,461 143639 INFO cm-test-18.0 odoo.tools.translate: loading base translation file /home/gamarino/odoo/numa-public-odoo-18.0-numa/addons/web_unsplash/i18n/es_419.po for language es_AR 
2026-03-25 01:24:01,485 143639 INFO cm-test-18.0 odoo.modules.loading: Module web_unsplash loaded in 1.72s, 908 queries (+908 other) 
2026-03-25 01:24:01,485 143639 INFO cm-test-18.0 odoo.modules.loading: Loading module mail_plugin (53/211) 
2026-03-25 01:24:01,489 143639 INFO cm-test-18.0 odoo.addons.numa_poly.models.poly: [poly] Entering Phase 1: MRO Injection and attribute building 
2026-03-25 01:24:01,949 143639 INFO cm-test-18.0 odoo.addons.numa_poly.models.poly: [poly] Entering Phase 2: Final field stabilization and sanitization 
2026-03-25 01:24:02,009 143639 INFO cm-test-18.0 odoo.addons.numa_poly.models.poly: [poly] Entering Phase 1: MRO Injection and attribute building 
2026-03-25 01:24:02,462 143639 INFO cm-test-18.0 odoo.addons.numa_poly.models.poly: [poly] Entering Phase 2: Final field stabilization and sanitization 
2026-03-25 01:24:02,523 143639 INFO cm-test-18.0 odoo.addons.numa_poly.models.poly: [poly] Entering Phase 1: MRO Injection and attribute building 
2026-03-25 01:24:03,007 143639 INFO cm-test-18.0 odoo.addons.numa_poly.models.poly: [poly] Entering Phase 2: Final field stabilization and sanitization 
2026-03-25 01:24:03,076 143639 INFO cm-test-18.0 odoo.modules.registry: module mail_plugin: creating or updating database tables 
2026-03-25 01:24:03,193 143639 INFO cm-test-18.0 odoo.modules.loading: loading mail_plugin/views/mail_plugin_login.xml 
2026-03-25 01:24:03,209 143639 INFO cm-test-18.0 odoo.modules.loading: loading mail_plugin/views/res_partner_iap_views.xml 
2026-03-25 01:24:03,225 143639 INFO cm-test-18.0 odoo.modules.loading: loading mail_plugin/security/ir.model.access.csv 
2026-03-25 01:24:03,232 143639 WARNING cm-test-18.0 odoo.addons.numa_poly.models.poly: [poly] Removing non-existent column 'flag_image' from res.lang query during boot. 
2026-03-25 01:24:03,238 143639 WARNING cm-test-18.0 odoo.addons.numa_poly.models.poly: [poly] Removing non-existent column 'flag_image' from res.lang query during boot. 
2026-03-25 01:24:03,239 143639 WARNING cm-test-18.0 odoo.addons.numa_poly.models.poly: [poly] Removing non-existent column 'dependencies_id' from ir.module.module query during boot. 
2026-03-25 01:24:03,240 143639 INFO cm-test-18.0 odoo.addons.base.models.ir_module: module mail_plugin: loading translation file /home/gamarino/odoo/numa-public-odoo-18.0-numa/addons/mail_plugin/i18n/es.po for language es_AR 
2026-03-25 01:24:03,240 143639 INFO cm-test-18.0 odoo.tools.translate: loading base translation file /home/gamarino/odoo/numa-public-odoo-18.0-numa/addons/mail_plugin/i18n/es.po for language es_AR 
2026-03-25 01:24:03,246 143639 INFO cm-test-18.0 odoo.addons.base.models.ir_module: module mail_plugin: loading translation file /home/gamarino/odoo/numa-public-odoo-18.0-numa/addons/mail_plugin/i18n/es_419.po for language es_AR 
2026-03-25 01:24:03,246 143639 INFO cm-test-18.0 odoo.tools.translate: loading base translation file /home/gamarino/odoo/numa-public-odoo-18.0-numa/addons/mail_plugin/i18n/es_419.po for language es_AR 
2026-03-25 01:24:03,279 143639 INFO cm-test-18.0 odoo.modules.loading: Module mail_plugin loaded in 1.79s, 982 queries (+982 other) 
2026-03-25 01:24:03,279 143639 INFO cm-test-18.0 odoo.modules.loading: Loading module muk_web_theme (54/211) 
2026-03-25 01:24:03,283 143639 INFO cm-test-18.0 odoo.addons.numa_poly.models.poly: [poly] Entering Phase 1: MRO Injection and attribute building 
2026-03-25 01:24:03,746 143639 INFO cm-test-18.0 odoo.addons.numa_poly.models.poly: [poly] Entering Phase 2: Final field stabilization and sanitization 
2026-03-25 01:24:03,807 143639 INFO cm-test-18.0 odoo.addons.numa_poly.models.poly: [poly] Entering Phase 1: MRO Injection and attribute building 
2026-03-25 01:24:04,282 143639 INFO cm-test-18.0 odoo.addons.numa_poly.models.poly: [poly] Entering Phase 2: Final field stabilization and sanitization 
2026-03-25 01:24:04,342 143639 INFO cm-test-18.0 odoo.addons.numa_poly.models.poly: [poly] Entering Phase 1: MRO Injection and attribute building 
2026-03-25 01:24:04,891 143639 INFO cm-test-18.0 odoo.addons.numa_poly.models.poly: [poly] Entering Phase 2: Final field stabilization and sanitization 
2026-03-25 01:24:04,952 143639 INFO cm-test-18.0 odoo.modules.registry: module muk_web_theme: creating or updating database tables 
2026-03-25 01:24:05,047 143639 INFO cm-test-18.0 odoo.modules.loading: loading muk_web_theme/templates/web_layout.xml 
2026-03-25 01:24:05,054 143639 WARNING cm-test-18.0 odoo.addons.numa_poly.models.poly: [poly] Removing non-existent column 'groups_id' from ir.ui.view query during boot. 
2026-03-25 01:24:05,057 143639 INFO cm-test-18.0 odoo.modules.loading: loading muk_web_theme/views/res_config_settings.xml 
2026-03-25 01:24:05,061 143639 WARNING cm-test-18.0 odoo.addons.numa_poly.models.poly: [poly] Removing non-existent column 'groups_id' from ir.ui.view query during boot. 
2026-03-25 01:24:05,073 143639 WARNING cm-test-18.0 odoo.addons.numa_poly.models.poly: [poly] Removing non-existent column 'groups_id' from ir.ui.view query during boot. 
2026-03-25 01:24:05,082 143639 WARNING cm-test-18.0 odoo.addons.numa_poly.models.poly: [poly] Removing non-existent column 'flag_image' from res.lang query during boot. 
2026-03-25 01:24:05,083 143639 WARNING cm-test-18.0 odoo.addons.numa_poly.models.poly: [poly] Removing non-existent column 'dependencies_id' from ir.module.module query during boot. 
2026-03-25 01:24:05,083 143639 INFO cm-test-18.0 odoo.addons.base.models.ir_module: module muk_web_theme: no translation for language es_AR 
2026-03-25 01:24:05,102 143639 INFO cm-test-18.0 odoo.modules.loading: Module muk_web_theme loaded in 1.82s, 909 queries (+909 other) 
2026-03-25 01:24:05,103 143639 INFO cm-test-18.0 odoo.modules.loading: Loading module numa_asynch_exec (55/211) 
2026-03-25 01:24:05,106 143639 INFO cm-test-18.0 odoo.addons.numa_poly.models.poly: [poly] Entering Phase 1: MRO Injection and attribute building 
2026-03-25 01:24:05,554 143639 INFO cm-test-18.0 odoo.addons.numa_poly.models.poly: [poly] Entering Phase 2: Final field stabilization and sanitization 
2026-03-25 01:24:05,630 143639 INFO cm-test-18.0 odoo.addons.numa_poly.models.poly: [poly] Entering Phase 1: MRO Injection and attribute building 
2026-03-25 01:24:06,152 143639 INFO cm-test-18.0 odoo.addons.numa_poly.models.poly: [poly] Entering Phase 2: Final field stabilization and sanitization 
2026-03-25 01:24:06,212 143639 INFO cm-test-18.0 odoo.addons.numa_poly.models.poly: [poly] Entering Phase 1: MRO Injection and attribute building 
2026-03-25 01:24:06,733 143639 INFO cm-test-18.0 odoo.addons.numa_poly.models.poly: [poly] Entering Phase 2: Final field stabilization and sanitization 
2026-03-25 01:24:06,849 143639 INFO cm-test-18.0 odoo.modules.registry: module numa_asynch_exec: creating or updating database tables 
2026-03-25 01:24:08,797 143639 INFO cm-test-18.0 odoo.modules.loading: loading numa_asynch_exec/security/ir.model.access.csv 
2026-03-25 01:24:08,802 143639 WARNING cm-test-18.0 odoo.addons.numa_poly.models.poly: [poly] Removing non-existent column 'flag_image' from res.lang query during boot. 
2026-03-25 01:24:08,814 143639 WARNING cm-test-18.0 odoo.addons.numa_poly.models.poly: [poly] Removing non-existent column 'flag_image' from res.lang query during boot. 
2026-03-25 01:24:08,816 143639 WARNING cm-test-18.0 odoo.addons.numa_poly.models.poly: [poly] Removing non-existent column 'dependencies_id' from ir.module.module query during boot. 
2026-03-25 01:24:08,816 143639 INFO cm-test-18.0 odoo.addons.base.models.ir_module: module numa_asynch_exec: no translation for language es_AR 
2026-03-25 01:24:08,828 143639 INFO cm-test-18.0 odoo.modules.loading: Module numa_asynch_exec loaded in 3.73s, 3049 queries (+3049 other) 
2026-03-25 01:24:08,828 143639 INFO cm-test-18.0 odoo.modules.loading: Loading module numa_background_job (56/211) 
2026-03-25 01:24:08,832 143639 INFO cm-test-18.0 odoo.addons.numa_poly.models.poly: [poly] Entering Phase 1: MRO Injection and attribute building 
2026-03-25 01:24:09,345 143639 INFO cm-test-18.0 odoo.addons.numa_poly.models.poly: [poly] Entering Phase 2: Final field stabilization and sanitization 
2026-03-25 01:24:09,415 143639 INFO cm-test-18.0 odoo.addons.numa_poly.models.poly: [poly] Entering Phase 1: MRO Injection and attribute building 
2026-03-25 01:24:10,010 143639 INFO cm-test-18.0 odoo.addons.numa_poly.models.poly: [poly] Entering Phase 2: Final field stabilization and sanitization 
2026-03-25 01:24:10,168 143639 INFO cm-test-18.0 odoo.addons.numa_poly.models.poly: [poly] Entering Phase 1: MRO Injection and attribute building 
2026-03-25 01:24:10,643 143639 INFO cm-test-18.0 odoo.addons.numa_poly.models.poly: [poly] Entering Phase 2: Final field stabilization and sanitization 
2026-03-25 01:24:10,719 143639 INFO cm-test-18.0 odoo.modules.registry: module numa_background_job: creating or updating database tables 
2026-03-25 01:24:10,773 143639 INFO cm-test-18.0 odoo.modules.loading: loading numa_background_job/security/security.xml 
2026-03-25 01:24:10,774 143639 INFO cm-test-18.0 odoo.modules.loading: loading numa_background_job/security/ir.model.access.csv 
2026-03-25 01:24:10,779 143639 WARNING cm-test-18.0 odoo.addons.numa_poly.models.poly: [poly] Removing non-existent column 'flag_image' from res.lang query during boot. 
2026-03-25 01:24:10,784 143639 INFO cm-test-18.0 odoo.modules.loading: loading numa_background_job/views/background_job_views.xml 
2026-03-25 01:24:10,807 143639 INFO cm-test-18.0 odoo.modules.loading: loading numa_background_job/data/autocleanup.xml 
2026-03-25 01:24:10,823 143639 WARNING cm-test-18.0 odoo.addons.numa_poly.models.poly: [poly] Removing non-existent column 'flag_image' from res.lang query during boot. 
2026-03-25 01:24:10,824 143639 WARNING cm-test-18.0 odoo.addons.numa_poly.models.poly: [poly] Removing non-existent column 'dependencies_id' from ir.module.module query during boot. 
2026-03-25 01:24:10,825 143639 INFO cm-test-18.0 odoo.addons.base.models.ir_module: module numa_background_job: no translation for language es_AR 
2026-03-25 01:24:10,850 143639 INFO cm-test-18.0 odoo.modules.loading: Module numa_background_job loaded in 2.02s, 958 queries (+958 other) 
2026-03-25 01:24:10,850 143639 INFO cm-test-18.0 odoo.modules.loading: Loading module numa_normalized_phone (57/211) 
2026-03-25 01:24:10,854 143639 INFO cm-test-18.0 odoo.addons.numa_poly.models.poly: [poly] Entering Phase 1: MRO Injection and attribute building 
2026-03-25 01:24:11,345 143639 INFO cm-test-18.0 odoo.addons.numa_poly.models.poly: [poly] Entering Phase 2: Final field stabilization and sanitization 
2026-03-25 01:24:11,403 143639 INFO cm-test-18.0 odoo.addons.numa_poly.models.poly: [poly] Entering Phase 1: MRO Injection and attribute building 
2026-03-25 01:24:11,888 143639 INFO cm-test-18.0 odoo.addons.numa_poly.models.poly: [poly] Entering Phase 2: Final field stabilization and sanitization 
2026-03-25 01:24:11,945 143639 INFO cm-test-18.0 odoo.addons.numa_poly.models.poly: [poly] Entering Phase 1: MRO Injection and attribute building 
2026-03-25 01:24:12,454 143639 INFO cm-test-18.0 odoo.addons.numa_poly.models.poly: [poly] Entering Phase 2: Final field stabilization and sanitization 
2026-03-25 01:24:12,526 143639 INFO cm-test-18.0 odoo.modules.registry: module numa_normalized_phone: creating or updating database tables 
2026-03-25 01:24:12,649 143639 INFO cm-test-18.0 odoo.modules.loading: loading numa_normalized_phone/security/ir.model.access.csv 
2026-03-25 01:24:12,654 143639 WARNING cm-test-18.0 odoo.addons.numa_poly.models.poly: [poly] Removing non-existent column 'flag_image' from res.lang query during boot. 
2026-03-25 01:24:12,660 143639 INFO cm-test-18.0 odoo.modules.loading: loading numa_normalized_phone/views/normalized_phone_view.xml 
2026-03-25 01:24:12,682 143639 WARNING cm-test-18.0 odoo.addons.numa_poly.models.poly: [poly] Removing non-existent column 'groups_id' from ir.ui.view query during boot. 
2026-03-25 01:24:12,690 143639 WARNING cm-test-18.0 odoo.addons.numa_poly.models.poly: [poly] Removing non-existent column 'flag_image' from res.lang query during boot. 
2026-03-25 01:24:12,691 143639 WARNING cm-test-18.0 odoo.addons.numa_poly.models.poly: [poly] Removing non-existent column 'dependencies_id' from ir.module.module query during boot. 
2026-03-25 01:24:12,692 143639 INFO cm-test-18.0 odoo.addons.base.models.ir_module: module numa_normalized_phone: no translation for language es_AR 
2026-03-25 01:24:12,713 143639 INFO cm-test-18.0 odoo.modules.loading: Module numa_normalized_phone loaded in 1.86s, 999 queries (+999 other) 
2026-03-25 01:24:12,713 143639 INFO cm-test-18.0 odoo.modules.loading: Loading module numa_product_multi_currency (58/211) 
2026-03-25 01:24:12,717 143639 INFO cm-test-18.0 odoo.addons.numa_poly.models.poly: [poly] Entering Phase 1: MRO Injection and attribute building 
2026-03-25 01:24:13,209 143639 INFO cm-test-18.0 odoo.addons.numa_poly.models.poly: [poly] Entering Phase 2: Final field stabilization and sanitization 
2026-03-25 01:24:13,270 143639 INFO cm-test-18.0 odoo.addons.numa_poly.models.poly: [poly] Entering Phase 1: MRO Injection and attribute building 
2026-03-25 01:24:13,749 143639 INFO cm-test-18.0 odoo.addons.numa_poly.models.poly: [poly] Entering Phase 2: Final field stabilization and sanitization 
2026-03-25 01:24:13,806 143639 INFO cm-test-18.0 odoo.addons.numa_poly.models.poly: [poly] Entering Phase 1: MRO Injection and attribute building 
2026-03-25 01:24:14,300 143639 INFO cm-test-18.0 odoo.addons.numa_poly.models.poly: [poly] Entering Phase 2: Final field stabilization and sanitization 
2026-03-25 01:24:14,359 143639 INFO cm-test-18.0 odoo.modules.registry: module numa_product_multi_currency: creating or updating database tables 
2026-03-25 01:24:14,369 143639 WARNING cm-test-18.0 odoo.addons.base.models.ir_model: Two fields (property_cost_currency_id, cost_currency_id) of product.template() have the same label: Cost Currency. [Modules: numa_product_multi_currency and product] 
2026-03-25 01:24:14,370 143639 WARNING cm-test-18.0 odoo.addons.base.models.ir_model: Two fields (property_cost_currency_id, cost_currency_id) of product.product() have the same label: Cost Currency. [Modules: None and None] 
2026-03-25 01:24:14,437 143639 INFO cm-test-18.0 odoo.modules.loading: loading numa_product_multi_currency/security/security.xml 
2026-03-25 01:24:14,438 143639 INFO cm-test-18.0 odoo.modules.loading: loading numa_product_multi_currency/security/ir.model.access.csv 
2026-03-25 01:24:14,440 143639 INFO cm-test-18.0 odoo.modules.loading: loading numa_product_multi_currency/views/product_template_views.xml 
2026-03-25 01:24:14,445 143639 WARNING cm-test-18.0 odoo.addons.numa_poly.models.poly: [poly] Removing non-existent column 'groups_id' from ir.ui.view query during boot. 
2026-03-25 01:24:14,453 143639 WARNING cm-test-18.0 odoo.addons.numa_poly.models.poly: [poly] Removing non-existent column 'flag_image' from res.lang query during boot. 
2026-03-25 01:24:14,453 143639 WARNING cm-test-18.0 odoo.addons.numa_poly.models.poly: [poly] Removing non-existent column 'dependencies_id' from ir.module.module query during boot. 
2026-03-25 01:24:14,454 143639 INFO cm-test-18.0 odoo.addons.base.models.ir_module: module numa_product_multi_currency: loading translation file /home/gamarino/odoo/numa-addons-18.0/numa_product_multi_currency/i18n/es_AR.po for language es_AR 
2026-03-25 01:24:14,454 143639 INFO cm-test-18.0 odoo.tools.translate: loading base translation file /home/gamarino/odoo/numa-addons-18.0/numa_product_multi_currency/i18n/es_AR.po for language es_AR 
2026-03-25 01:24:14,477 143639 INFO cm-test-18.0 odoo.modules.loading: Module numa_product_multi_currency loaded in 1.76s, 913 queries (+913 other) 
2026-03-25 01:24:14,477 143639 INFO cm-test-18.0 odoo.modules.loading: Loading module partner_autocomplete (59/211) 
2026-03-25 01:24:14,481 143639 INFO cm-test-18.0 odoo.addons.numa_poly.models.poly: [poly] Entering Phase 1: MRO Injection and attribute building 
2026-03-25 01:24:14,975 143639 INFO cm-test-18.0 odoo.addons.numa_poly.models.poly: [poly] Entering Phase 2: Final field stabilization and sanitization 
2026-03-25 01:24:15,039 143639 INFO cm-test-18.0 odoo.addons.numa_poly.models.poly: [poly] Entering Phase 1: MRO Injection and attribute building 
2026-03-25 01:24:15,530 143639 INFO cm-test-18.0 odoo.addons.numa_poly.models.poly: [poly] Entering Phase 2: Final field stabilization and sanitization 
2026-03-25 01:24:15,610 143639 INFO cm-test-18.0 odoo.addons.numa_poly.models.poly: [poly] Entering Phase 1: MRO Injection and attribute building 
2026-03-25 01:24:16,121 143639 INFO cm-test-18.0 odoo.addons.numa_poly.models.poly: [poly] Entering Phase 2: Final field stabilization and sanitization 
2026-03-25 01:24:16,202 143639 INFO cm-test-18.0 odoo.modules.registry: module partner_autocomplete: creating or updating database tables 
2026-03-25 01:24:16,472 143639 INFO cm-test-18.0 odoo.modules.loading: loading partner_autocomplete/security/ir.model.access.csv 
2026-03-25 01:24:16,479 143639 WARNING cm-test-18.0 odoo.addons.numa_poly.models.poly: [poly] Removing non-existent column 'flag_image' from res.lang query during boot. 
2026-03-25 01:24:16,487 143639 INFO cm-test-18.0 odoo.modules.loading: loading partner_autocomplete/views/res_partner_views.xml 
2026-03-25 01:24:16,493 143639 WARNING cm-test-18.0 odoo.addons.numa_poly.models.poly: [poly] Removing non-existent column 'groups_id' from ir.ui.view query during boot. 
2026-03-25 01:24:16,501 143639 WARNING cm-test-18.0 odoo.addons.numa_poly.models.poly: [poly] Removing non-existent column 'groups_id' from ir.ui.view query during boot. 
2026-03-25 01:24:16,505 143639 INFO cm-test-18.0 odoo.modules.loading: loading partner_autocomplete/views/res_company_views.xml 
2026-03-25 01:24:16,508 143639 WARNING cm-test-18.0 odoo.addons.numa_poly.models.poly: [poly] Removing non-existent column 'groups_id' from ir.ui.view query during boot. 
2026-03-25 01:24:16,513 143639 INFO cm-test-18.0 odoo.modules.loading: loading partner_autocomplete/views/res_config_settings_views.xml 
2026-03-25 01:24:16,517 143639 WARNING cm-test-18.0 odoo.addons.numa_poly.models.poly: [poly] Removing non-existent column 'groups_id' from ir.ui.view query during boot. 
2026-03-25 01:24:16,526 143639 INFO cm-test-18.0 odoo.modules.loading: loading partner_autocomplete/data/cron.xml 
2026-03-25 01:24:16,536 143639 INFO cm-test-18.0 odoo.modules.loading: loading partner_autocomplete/data/iap_service_data.xml 
2026-03-25 01:24:16,541 143639 WARNING cm-test-18.0 odoo.addons.numa_poly.models.poly: [poly] Removing non-existent column 'flag_image' from res.lang query during boot. 
2026-03-25 01:24:16,543 143639 WARNING cm-test-18.0 odoo.addons.numa_poly.models.poly: [poly] Removing non-existent column 'dependencies_id' from ir.module.module query during boot. 
2026-03-25 01:24:16,543 143639 INFO cm-test-18.0 odoo.addons.base.models.ir_module: module partner_autocomplete: loading translation file /home/gamarino/odoo/numa-public-odoo-18.0-numa/addons/partner_autocomplete/i18n/es.po for language es_AR 
2026-03-25 01:24:16,543 143639 INFO cm-test-18.0 odoo.tools.translate: loading base translation file /home/gamarino/odoo/numa-public-odoo-18.0-numa/addons/partner_autocomplete/i18n/es.po for language es_AR 
2026-03-25 01:24:16,545 143639 INFO cm-test-18.0 odoo.addons.base.models.ir_module: module partner_autocomplete: loading translation file /home/gamarino/odoo/numa-public-odoo-18.0-numa/addons/partner_autocomplete/i18n/es_419.po for language es_AR 
2026-03-25 01:24:16,545 143639 INFO cm-test-18.0 odoo.tools.translate: loading base translation file /home/gamarino/odoo/numa-public-odoo-18.0-numa/addons/partner_autocomplete/i18n/es_419.po for language es_AR 
2026-03-25 01:24:16,571 143639 INFO cm-test-18.0 odoo.modules.loading: Module partner_autocomplete loaded in 2.09s, 1059 queries (+1059 other) 
2026-03-25 01:24:16,571 143639 INFO cm-test-18.0 odoo.modules.loading: Loading module portal (60/211) 
2026-03-25 01:24:16,575 143639 INFO cm-test-18.0 odoo.addons.numa_poly.models.poly: [poly] Entering Phase 1: MRO Injection and attribute building 
2026-03-25 01:24:17,407 143639 INFO cm-test-18.0 odoo.addons.numa_poly.models.poly: [poly] Entering Phase 2: Final field stabilization and sanitization 
2026-03-25 01:24:17,497 143639 INFO cm-test-18.0 odoo.addons.numa_poly.models.poly: [poly] Entering Phase 1: MRO Injection and attribute building 
2026-03-25 01:24:18,021 143639 INFO cm-test-18.0 odoo.addons.numa_poly.models.poly: [poly] Entering Phase 2: Final field stabilization and sanitization 
2026-03-25 01:24:18,081 143639 INFO cm-test-18.0 odoo.addons.numa_poly.models.poly: [poly] Entering Phase 1: MRO Injection and attribute building 
2026-03-25 01:24:18,587 143639 INFO cm-test-18.0 odoo.addons.numa_poly.models.poly: [poly] Entering Phase 2: Final field stabilization and sanitization 
2026-03-25 01:24:18,676 143639 INFO cm-test-18.0 odoo.modules.registry: module portal: creating or updating database tables 
2026-03-25 01:24:18,789 143639 WARNING cm-test-18.0 odoo.addons.base.models.ir_model: Two fields (property_cost_currency_id, cost_currency_id) of product.template() have the same label: Cost Currency. [Modules: numa_product_multi_currency and product] 
2026-03-25 01:24:18,790 143639 WARNING cm-test-18.0 odoo.addons.base.models.ir_model: Two fields (property_cost_currency_id, cost_currency_id) of product.product() have the same label: Cost Currency. [Modules: None and None] 
2026-03-25 01:24:19,052 143639 INFO cm-test-18.0 odoo.modules.loading: loading portal/security/ir.model.access.csv 
2026-03-25 01:24:19,057 143639 WARNING cm-test-18.0 odoo.addons.numa_poly.models.poly: [poly] Removing non-existent column 'flag_image' from res.lang query during boot. 
2026-03-25 01:24:19,065 143639 INFO cm-test-18.0 odoo.modules.loading: loading portal/data/mail_template_data.xml 
2026-03-25 01:24:19,068 143639 INFO cm-test-18.0 odoo.modules.loading: loading portal/data/mail_templates.xml 
2026-03-25 01:24:19,070 143639 INFO cm-test-18.0 odoo.modules.loading: loading portal/views/mail_templates_public.xml 
2026-03-25 01:24:19,078 143639 WARNING cm-test-18.0 odoo.addons.numa_poly.models.poly: [poly] Removing non-existent column 'groups_id' from ir.ui.view query during boot. 
2026-03-25 01:24:19,081 143639 INFO cm-test-18.0 odoo.modules.loading: loading portal/views/portal_templates.xml 
2026-03-25 01:24:19,089 143639 WARNING cm-test-18.0 odoo.addons.numa_poly.models.poly: [poly] Removing non-existent column 'groups_id' from ir.ui.view query during boot. 
2026-03-25 01:24:19,099 143639 WARNING cm-test-18.0 odoo.addons.numa_poly.models.poly: [poly] Removing non-existent column 'groups_id' from ir.ui.view query during boot. 
2026-03-25 01:24:19,138 143639 WARNING cm-test-18.0 odoo.addons.numa_poly.models.poly: [poly] Removing non-existent column 'groups_id' from ir.ui.view query during boot. 
2026-03-25 01:24:19,143 143639 WARNING cm-test-18.0 odoo.addons.numa_poly.models.poly: [poly] Removing non-existent column 'groups_id' from ir.ui.view query during boot. 
2026-03-25 01:24:19,161 143639 WARNING cm-test-18.0 odoo.addons.numa_poly.models.poly: [poly] Removing non-existent column 'groups_id' from ir.ui.view query during boot. 
2026-03-25 01:24:19,217 143639 WARNING cm-test-18.0 odoo.addons.numa_poly.models.poly: [poly] Removing non-existent column 'groups_id' from ir.ui.view query during boot. 
2026-03-25 01:24:19,237 143639 INFO cm-test-18.0 odoo.modules.loading: loading portal/views/res_config_settings_views.xml 
2026-03-25 01:24:19,241 143639 WARNING cm-test-18.0 odoo.addons.numa_poly.models.poly: [poly] Removing non-existent column 'groups_id' from ir.ui.view query during boot. 
2026-03-25 01:24:19,250 143639 INFO cm-test-18.0 odoo.modules.loading: loading portal/wizard/portal_share_views.xml 
2026-03-25 01:24:19,259 143639 INFO cm-test-18.0 odoo.modules.loading: loading portal/wizard/portal_wizard_views.xml 
2026-03-25 01:24:19,271 143639 WARNING cm-test-18.0 odoo.addons.numa_poly.models.poly: [poly] Removing non-existent column 'flag_image' from res.lang query during boot. 
2026-03-25 01:24:19,273 143639 WARNING cm-test-18.0 odoo.addons.numa_poly.models.poly: [poly] Removing non-existent column 'dependencies_id' from ir.module.module query during boot. 
2026-03-25 01:24:19,273 143639 INFO cm-test-18.0 odoo.addons.base.models.ir_module: module portal: loading translation file /home/gamarino/odoo/numa-public-odoo-18.0-numa/addons/portal/i18n/es.po for language es_AR 
2026-03-25 01:24:19,273 143639 INFO cm-test-18.0 odoo.tools.translate: loading base translation file /home/gamarino/odoo/numa-public-odoo-18.0-numa/addons/portal/i18n/es.po for language es_AR 
2026-03-25 01:24:19,283 143639 INFO cm-test-18.0 odoo.addons.base.models.ir_module: module portal: loading translation file /home/gamarino/odoo/numa-public-odoo-18.0-numa/addons/portal/i18n/es_419.po for language es_AR 
2026-03-25 01:24:19,283 143639 INFO cm-test-18.0 odoo.tools.translate: loading base translation file /home/gamarino/odoo/numa-public-odoo-18.0-numa/addons/portal/i18n/es_419.po for language es_AR 
2026-03-25 01:24:19,349 143639 INFO cm-test-18.0 odoo.modules.loading: Module portal loaded in 2.78s, 1562 queries (+1562 other) 
2026-03-25 01:24:19,349 143639 INFO cm-test-18.0 odoo.modules.loading: Loading module sms (61/211) 
2026-03-25 01:24:19,353 143639 INFO cm-test-18.0 odoo.addons.numa_poly.models.poly: [poly] Entering Phase 1: MRO Injection and attribute building 
2026-03-25 01:24:19,871 143639 INFO cm-test-18.0 odoo.addons.numa_poly.models.poly: [poly] Entering Phase 2: Final field stabilization and sanitization 
2026-03-25 01:24:19,949 143639 INFO cm-test-18.0 odoo.addons.numa_poly.models.poly: [poly] Entering Phase 1: MRO Injection and attribute building 
2026-03-25 01:24:20,563 143639 INFO cm-test-18.0 odoo.addons.numa_poly.models.poly: [poly] Entering Phase 2: Final field stabilization and sanitization 
2026-03-25 01:24:20,628 143639 INFO cm-test-18.0 odoo.addons.numa_poly.models.poly: [poly] Entering Phase 1: MRO Injection and attribute building 
2026-03-25 01:24:21,187 143639 INFO cm-test-18.0 odoo.addons.numa_poly.models.poly: [poly] Entering Phase 2: Final field stabilization and sanitization 
2026-03-25 01:24:21,420 143639 INFO cm-test-18.0 odoo.modules.registry: module sms: creating or updating database tables 
2026-03-25 01:24:22,190 143639 WARNING cm-test-18.0 odoo.addons.base.models.ir_model: Two fields (property_cost_currency_id, cost_currency_id) of product.template() have the same label: Cost Currency. [Modules: numa_product_multi_currency and product] 
2026-03-25 01:24:22,191 143639 WARNING cm-test-18.0 odoo.addons.base.models.ir_model: Two fields (property_cost_currency_id, cost_currency_id) of product.product() have the same label: Cost Currency. [Modules: None and None] 
2026-03-25 01:24:23,637 143639 INFO cm-test-18.0 odoo.modules.loading: loading sms/data/iap_service_data.xml 
2026-03-25 01:24:23,642 143639 INFO cm-test-18.0 odoo.modules.loading: loading sms/data/ir_cron_data.xml 
2026-03-25 01:24:23,644 143639 INFO cm-test-18.0 odoo.modules.loading: loading sms/wizard/sms_account_code_views.xml 
2026-03-25 01:24:23,651 143639 INFO cm-test-18.0 odoo.modules.loading: loading sms/wizard/sms_account_phone_views.xml 
2026-03-25 01:24:23,657 143639 INFO cm-test-18.0 odoo.modules.loading: loading sms/wizard/sms_account_sender_views.xml 
2026-03-25 01:24:23,663 143639 INFO cm-test-18.0 odoo.modules.loading: loading sms/wizard/sms_composer_views.xml 
2026-03-25 01:24:23,672 143639 INFO cm-test-18.0 odoo.modules.loading: loading sms/wizard/sms_template_preview_views.xml 
2026-03-25 01:24:23,680 143639 INFO cm-test-18.0 odoo.modules.loading: loading sms/wizard/sms_resend_views.xml 
2026-03-25 01:24:23,691 143639 INFO cm-test-18.0 odoo.modules.loading: loading sms/wizard/sms_template_reset_views.xml 
2026-03-25 01:24:23,701 143639 INFO cm-test-18.0 odoo.modules.loading: loading sms/views/ir_actions_server_views.xml 
2026-03-25 01:24:23,706 143639 WARNING cm-test-18.0 odoo.addons.numa_poly.models.poly: [poly] Removing non-existent column 'groups_id' from ir.ui.view query during boot. 
2026-03-25 01:24:23,711 143639 INFO cm-test-18.0 odoo.modules.loading: loading sms/views/mail_notification_views.xml 
2026-03-25 01:24:23,715 143639 WARNING cm-test-18.0 odoo.addons.numa_poly.models.poly: [poly] Removing non-existent column 'groups_id' from ir.ui.view query during boot. 
2026-03-25 01:24:23,721 143639 WARNING cm-test-18.0 odoo.addons.numa_poly.models.poly: [poly] Removing non-existent column 'groups_id' from ir.ui.view query during boot. 
2026-03-25 01:24:23,725 143639 INFO cm-test-18.0 odoo.modules.loading: loading sms/views/res_config_settings_views.xml 
2026-03-25 01:24:23,730 143639 WARNING cm-test-18.0 odoo.addons.numa_poly.models.poly: [poly] Removing non-existent column 'groups_id' from ir.ui.view query during boot. 
2026-03-25 01:24:23,744 143639 INFO cm-test-18.0 odoo.modules.loading: loading sms/views/res_partner_views.xml 
2026-03-25 01:24:23,748 143639 WARNING cm-test-18.0 odoo.addons.numa_poly.models.poly: [poly] Removing non-existent column 'groups_id' from ir.ui.view query during boot. 
2026-03-25 01:24:23,762 143639 WARNING cm-test-18.0 odoo.addons.numa_poly.models.poly: [poly] Removing non-existent column 'groups_id' from ir.ui.view query during boot. 
2026-03-25 01:24:23,768 143639 INFO cm-test-18.0 odoo.modules.loading: loading sms/views/iap_account_views.xml 
2026-03-25 01:24:23,773 143639 WARNING cm-test-18.0 odoo.addons.numa_poly.models.poly: [poly] Removing non-existent column 'groups_id' from ir.ui.view query during boot. 
2026-03-25 01:24:23,779 143639 INFO cm-test-18.0 odoo.modules.loading: loading sms/views/sms_sms_views.xml 
2026-03-25 01:24:23,806 143639 INFO cm-test-18.0 odoo.modules.loading: loading sms/views/sms_template_views.xml 
2026-03-25 01:24:23,827 143639 INFO cm-test-18.0 odoo.modules.loading: loading sms/security/ir.model.access.csv 
2026-03-25 01:24:23,845 143639 WARNING cm-test-18.0 odoo.addons.numa_poly.models.poly: [poly] Removing non-existent column 'flag_image' from res.lang query during boot. 
2026-03-25 01:24:23,872 143639 INFO cm-test-18.0 odoo.modules.loading: loading sms/security/sms_security.xml 
2026-03-25 01:24:23,893 143639 INFO cm-test-18.0 odoo.modules.loading: Module sms: loading demo 
2026-03-25 01:24:23,894 143639 INFO cm-test-18.0 odoo.modules.loading: loading sms/data/sms_demo.xml 
2026-03-25 01:24:23,897 143639 INFO cm-test-18.0 odoo.modules.loading: loading sms/data/mail_demo.xml 
2026-03-25 01:24:23,908 143639 WARNING cm-test-18.0 odoo.addons.numa_poly.models.poly: [poly] Removing non-existent column 'flag_image' from res.lang query during boot. 
2026-03-25 01:24:23,909 143639 WARNING cm-test-18.0 odoo.addons.numa_poly.models.poly: [poly] Removing non-existent column 'dependencies_id' from ir.module.module query during boot. 
2026-03-25 01:24:23,910 143639 INFO cm-test-18.0 odoo.addons.base.models.ir_module: module sms: loading translation file /home/gamarino/odoo/numa-public-odoo-18.0-numa/addons/sms/i18n/es.po for language es_AR 
2026-03-25 01:24:23,910 143639 INFO cm-test-18.0 odoo.tools.translate: loading base translation file /home/gamarino/odoo/numa-public-odoo-18.0-numa/addons/sms/i18n/es.po for language es_AR 
2026-03-25 01:24:23,924 143639 INFO cm-test-18.0 odoo.addons.base.models.ir_module: module sms: loading translation file /home/gamarino/odoo/numa-public-odoo-18.0-numa/addons/sms/i18n/es_419.po for language es_AR 
2026-03-25 01:24:23,924 143639 INFO cm-test-18.0 odoo.tools.translate: loading base translation file /home/gamarino/odoo/numa-public-odoo-18.0-numa/addons/sms/i18n/es_419.po for language es_AR 
2026-03-25 01:24:23,990 143639 INFO cm-test-18.0 odoo.modules.loading: Module sms loaded in 4.64s, 3627 queries (+3627 other) 
2026-03-25 01:24:23,991 143639 INFO cm-test-18.0 odoo.modules.loading: Loading module snailmail (62/211) 
2026-03-25 01:24:23,995 143639 INFO cm-test-18.0 odoo.addons.numa_poly.models.poly: [poly] Entering Phase 1: MRO Injection and attribute building 
2026-03-25 01:24:24,690 143639 INFO cm-test-18.0 odoo.addons.numa_poly.models.poly: [poly] Entering Phase 2: Final field stabilization and sanitization 
2026-03-25 01:24:24,771 143639 INFO cm-test-18.0 odoo.addons.numa_poly.models.poly: [poly] Entering Phase 1: MRO Injection and attribute building 
2026-03-25 01:24:25,470 143639 INFO cm-test-18.0 odoo.addons.numa_poly.models.poly: [poly] Entering Phase 2: Final field stabilization and sanitization 
2026-03-25 01:24:25,531 143639 INFO cm-test-18.0 odoo.addons.numa_poly.models.poly: [poly] Entering Phase 1: MRO Injection and attribute building 
2026-03-25 01:24:26,130 143639 INFO cm-test-18.0 odoo.addons.numa_poly.models.poly: [poly] Entering Phase 2: Final field stabilization and sanitization 
2026-03-25 01:24:26,268 143639 INFO cm-test-18.0 odoo.modules.registry: module snailmail: creating or updating database tables 
2026-03-25 01:24:26,388 143639 WARNING cm-test-18.0 odoo.addons.base.models.ir_model: Two fields (property_cost_currency_id, cost_currency_id) of product.template() have the same label: Cost Currency. [Modules: numa_product_multi_currency and product] 
2026-03-25 01:24:26,388 143639 WARNING cm-test-18.0 odoo.addons.base.models.ir_model: Two fields (property_cost_currency_id, cost_currency_id) of product.product() have the same label: Cost Currency. [Modules: None and None] 
2026-03-25 01:24:26,697 143639 INFO cm-test-18.0 odoo.modules.loading: loading snailmail/data/iap_service_data.xml 
2026-03-25 01:24:26,701 143639 INFO cm-test-18.0 odoo.modules.loading: loading snailmail/data/snailmail_data.xml 
2026-03-25 01:24:26,711 143639 INFO cm-test-18.0 odoo.modules.loading: loading snailmail/views/report_assets.xml 
2026-03-25 01:24:26,717 143639 WARNING cm-test-18.0 odoo.addons.numa_poly.models.poly: [poly] Removing non-existent column 'groups_id' from ir.ui.view query during boot. 
2026-03-25 01:24:26,724 143639 WARNING cm-test-18.0 odoo.addons.numa_poly.models.poly: [poly] Removing non-existent column 'groups_id' from ir.ui.view query during boot. 
2026-03-25 01:24:26,727 143639 INFO cm-test-18.0 odoo.modules.loading: loading snailmail/views/snailmail_views.xml 
2026-03-25 01:24:26,744 143639 INFO cm-test-18.0 odoo.modules.loading: loading snailmail/wizard/snailmail_letter_format_error_views.xml 
2026-03-25 01:24:26,753 143639 INFO cm-test-18.0 odoo.modules.loading: loading snailmail/wizard/snailmail_letter_missing_required_fields_views.xml 
2026-03-25 01:24:26,761 143639 INFO cm-test-18.0 odoo.modules.loading: loading snailmail/security/ir.model.access.csv 
2026-03-25 01:24:26,770 143639 WARNING cm-test-18.0 odoo.addons.numa_poly.models.poly: [poly] Removing non-existent column 'flag_image' from res.lang query during boot. 
2026-03-25 01:24:26,781 143639 WARNING cm-test-18.0 odoo.addons.numa_poly.models.poly: [poly] Removing non-existent column 'flag_image' from res.lang query during boot. 
2026-03-25 01:24:26,782 143639 WARNING cm-test-18.0 odoo.addons.numa_poly.models.poly: [poly] Removing non-existent column 'dependencies_id' from ir.module.module query during boot. 
2026-03-25 01:24:26,783 143639 INFO cm-test-18.0 odoo.addons.base.models.ir_module: module snailmail: loading translation file /home/gamarino/odoo/numa-public-odoo-18.0-numa/addons/snailmail/i18n/es.po for language es_AR 
2026-03-25 01:24:26,783 143639 INFO cm-test-18.0 odoo.tools.translate: loading base translation file /home/gamarino/odoo/numa-public-odoo-18.0-numa/addons/snailmail/i18n/es.po for language es_AR 
2026-03-25 01:24:26,788 143639 INFO cm-test-18.0 odoo.addons.base.models.ir_module: module snailmail: loading translation file /home/gamarino/odoo/numa-public-odoo-18.0-numa/addons/snailmail/i18n/es_419.po for language es_AR 
2026-03-25 01:24:26,789 143639 INFO cm-test-18.0 odoo.tools.translate: loading base translation file /home/gamarino/odoo/numa-public-odoo-18.0-numa/addons/snailmail/i18n/es_419.po for language es_AR 
2026-03-25 01:24:26,829 143639 INFO cm-test-18.0 odoo.modules.loading: Module snailmail loaded in 2.84s, 1399 queries (+1399 other) 
2026-03-25 01:24:26,829 143639 INFO cm-test-18.0 odoo.modules.loading: Loading module auth_totp_portal (63/211) 
2026-03-25 01:24:26,834 143639 INFO cm-test-18.0 odoo.addons.numa_poly.models.poly: [poly] Entering Phase 1: MRO Injection and attribute building 
2026-03-25 01:24:27,747 143639 INFO cm-test-18.0 odoo.addons.numa_poly.models.poly: [poly] Entering Phase 2: Final field stabilization and sanitization 
2026-03-25 01:24:27,901 143639 INFO cm-test-18.0 odoo.addons.numa_poly.models.poly: [poly] Entering Phase 1: MRO Injection and attribute building 
2026-03-25 01:24:28,747 143639 INFO cm-test-18.0 odoo.addons.numa_poly.models.poly: [poly] Entering Phase 2: Final field stabilization and sanitization 
2026-03-25 01:24:28,818 143639 INFO cm-test-18.0 odoo.addons.numa_poly.models.poly: [poly] Entering Phase 1: MRO Injection and attribute building 
2026-03-25 01:24:29,416 143639 INFO cm-test-18.0 odoo.addons.numa_poly.models.poly: [poly] Entering Phase 2: Final field stabilization and sanitization 
2026-03-25 01:24:29,491 143639 INFO cm-test-18.0 odoo.modules.registry: module auth_totp_portal: creating or updating database tables 
2026-03-25 01:24:29,667 143639 INFO cm-test-18.0 odoo.modules.loading: loading auth_totp_portal/security/security.xml 
2026-03-25 01:24:29,672 143639 INFO cm-test-18.0 odoo.modules.loading: loading auth_totp_portal/views/templates.xml 
2026-03-25 01:24:29,678 143639 WARNING cm-test-18.0 odoo.addons.numa_poly.models.poly: [poly] Removing non-existent column 'groups_id' from ir.ui.view query during boot. 
2026-03-25 01:24:29,684 143639 WARNING cm-test-18.0 odoo.addons.numa_poly.models.poly: [poly] Removing non-existent column 'flag_image' from res.lang query during boot. 
2026-03-25 01:24:29,685 143639 WARNING cm-test-18.0 odoo.addons.numa_poly.models.poly: [poly] Removing non-existent column 'dependencies_id' from ir.module.module query during boot. 
2026-03-25 01:24:29,686 143639 INFO cm-test-18.0 odoo.addons.base.models.ir_module: module auth_totp_portal: loading translation file /home/gamarino/odoo/numa-public-odoo-18.0-numa/addons/auth_totp_portal/i18n/es.po for language es_AR 
2026-03-25 01:24:29,686 143639 INFO cm-test-18.0 odoo.tools.translate: loading base translation file /home/gamarino/odoo/numa-public-odoo-18.0-numa/addons/auth_totp_portal/i18n/es.po for language es_AR 
2026-03-25 01:24:29,687 143639 INFO cm-test-18.0 odoo.addons.base.models.ir_module: module auth_totp_portal: loading translation file /home/gamarino/odoo/numa-public-odoo-18.0-numa/addons/auth_totp_portal/i18n/es_419.po for language es_AR 
2026-03-25 01:24:29,687 143639 INFO cm-test-18.0 odoo.tools.translate: loading base translation file /home/gamarino/odoo/numa-public-odoo-18.0-numa/addons/auth_totp_portal/i18n/es_419.po for language es_AR 
2026-03-25 01:24:29,702 143639 INFO cm-test-18.0 odoo.modules.loading: Module auth_totp_portal loaded in 2.87s, 941 queries (+941 other) 
2026-03-25 01:24:29,703 143639 INFO cm-test-18.0 odoo.modules.loading: Loading module calendar_sms (64/211) 
2026-03-25 01:24:29,707 143639 INFO cm-test-18.0 odoo.addons.numa_poly.models.poly: [poly] Entering Phase 1: MRO Injection and attribute building 
2026-03-25 01:24:30,297 143639 INFO cm-test-18.0 odoo.addons.numa_poly.models.poly: [poly] Entering Phase 2: Final field stabilization and sanitization 
2026-03-25 01:24:30,365 143639 INFO cm-test-18.0 odoo.addons.numa_poly.models.poly: [poly] Entering Phase 1: MRO Injection and attribute building 
2026-03-25 01:24:30,954 143639 INFO cm-test-18.0 odoo.addons.numa_poly.models.poly: [poly] Entering Phase 2: Final field stabilization and sanitization 
2026-03-25 01:24:31,026 143639 INFO cm-test-18.0 odoo.addons.numa_poly.models.poly: [poly] Entering Phase 1: MRO Injection and attribute building 
2026-03-25 01:24:31,664 143639 INFO cm-test-18.0 odoo.addons.numa_poly.models.poly: [poly] Entering Phase 2: Final field stabilization and sanitization 
2026-03-25 01:24:31,753 143639 INFO cm-test-18.0 odoo.modules.registry: module calendar_sms: creating or updating database tables 
2026-03-25 01:24:31,846 143639 INFO cm-test-18.0 odoo.modules.loading: loading calendar_sms/data/sms_data.xml 
2026-03-25 01:24:31,849 143639 INFO cm-test-18.0 odoo.modules.loading: loading calendar_sms/views/calendar_views.xml 
2026-03-25 01:24:31,856 143639 WARNING cm-test-18.0 odoo.addons.numa_poly.models.poly: [poly] Removing non-existent column 'groups_id' from ir.ui.view query during boot. 
2026-03-25 01:24:31,866 143639 WARNING cm-test-18.0 odoo.addons.numa_poly.models.poly: [poly] Removing non-existent column 'groups_id' from ir.ui.view query during boot. 
2026-03-25 01:24:31,877 143639 WARNING cm-test-18.0 odoo.addons.numa_poly.models.poly: [poly] Removing non-existent column 'groups_id' from ir.ui.view query during boot. 
2026-03-25 01:24:31,886 143639 WARNING cm-test-18.0 odoo.addons.numa_poly.models.poly: [poly] Removing non-existent column 'flag_image' from res.lang query during boot. 
2026-03-25 01:24:31,887 143639 WARNING cm-test-18.0 odoo.addons.numa_poly.models.poly: [poly] Removing non-existent column 'dependencies_id' from ir.module.module query during boot. 
2026-03-25 01:24:31,888 143639 INFO cm-test-18.0 odoo.addons.base.models.ir_module: module calendar_sms: loading translation file /home/gamarino/odoo/numa-public-odoo-18.0-numa/addons/calendar_sms/i18n/es.po for language es_AR 
2026-03-25 01:24:31,888 143639 INFO cm-test-18.0 odoo.tools.translate: loading base translation file /home/gamarino/odoo/numa-public-odoo-18.0-numa/addons/calendar_sms/i18n/es.po for language es_AR 
2026-03-25 01:24:31,891 143639 INFO cm-test-18.0 odoo.addons.base.models.ir_module: module calendar_sms: loading translation file /home/gamarino/odoo/numa-public-odoo-18.0-numa/addons/calendar_sms/i18n/es_419.po for language es_AR 
2026-03-25 01:24:31,891 143639 INFO cm-test-18.0 odoo.tools.translate: loading base translation file /home/gamarino/odoo/numa-public-odoo-18.0-numa/addons/calendar_sms/i18n/es_419.po for language es_AR 
2026-03-25 01:24:31,911 143639 INFO cm-test-18.0 odoo.modules.loading: Module calendar_sms loaded in 2.21s, 964 queries (+964 other) 
2026-03-25 01:24:31,912 143639 INFO cm-test-18.0 odoo.modules.loading: Loading module digest (65/211) 
2026-03-25 01:24:31,916 143639 INFO cm-test-18.0 odoo.addons.numa_poly.models.poly: [poly] Entering Phase 1: MRO Injection and attribute building 
2026-03-25 01:24:32,541 143639 INFO cm-test-18.0 odoo.addons.numa_poly.models.poly: [poly] Entering Phase 2: Final field stabilization and sanitization 
2026-03-25 01:24:32,604 143639 INFO cm-test-18.0 odoo.addons.numa_poly.models.poly: [poly] Entering Phase 1: MRO Injection and attribute building 
2026-03-25 01:24:33,201 143639 INFO cm-test-18.0 odoo.addons.numa_poly.models.poly: [poly] Entering Phase 2: Final field stabilization and sanitization 
2026-03-25 01:24:33,270 143639 INFO cm-test-18.0 odoo.addons.numa_poly.models.poly: [poly] Entering Phase 1: MRO Injection and attribute building 
2026-03-25 01:24:33,887 143639 INFO cm-test-18.0 odoo.addons.numa_poly.models.poly: [poly] Entering Phase 2: Final field stabilization and sanitization 
2026-03-25 01:24:33,980 143639 INFO cm-test-18.0 odoo.modules.registry: module digest: creating or updating database tables 
2026-03-25 01:24:34,091 143639 INFO cm-test-18.0 odoo.modules.loading: loading digest/security/ir.model.access.csv 
2026-03-25 01:24:34,097 143639 WARNING cm-test-18.0 odoo.addons.numa_poly.models.poly: [poly] Removing non-existent column 'flag_image' from res.lang query during boot. 
2026-03-25 01:24:34,106 143639 INFO cm-test-18.0 odoo.modules.loading: loading digest/data/digest_data.xml 
2026-03-25 01:24:34,111 143639 INFO cm-test-18.0 odoo.modules.loading: loading digest/data/digest_tips_data.xml 
2026-03-25 01:24:34,117 143639 WARNING cm-test-18.0 odoo.addons.numa_poly.models.poly: [poly] Removing non-existent column 'flag_image' from res.lang query during boot. 
2026-03-25 01:24:34,130 143639 INFO cm-test-18.0 odoo.modules.loading: loading digest/data/ir_cron_data.xml 
2026-03-25 01:24:34,144 143639 INFO cm-test-18.0 odoo.modules.loading: loading digest/data/res_config_settings_data.xml 
2026-03-25 01:24:34,147 143639 INFO cm-test-18.0 odoo.modules.loading: loading digest/views/digest_views.xml 
2026-03-25 01:24:34,193 143639 INFO cm-test-18.0 odoo.modules.loading: loading digest/views/digest_templates.xml 
2026-03-25 01:24:34,201 143639 INFO cm-test-18.0 odoo.modules.loading: loading digest/views/res_config_settings_views.xml 
2026-03-25 01:24:34,206 143639 WARNING cm-test-18.0 odoo.addons.numa_poly.models.poly: [poly] Removing non-existent column 'groups_id' from ir.ui.view query during boot. 
2026-03-25 01:24:34,219 143639 WARNING cm-test-18.0 odoo.addons.numa_poly.models.poly: [poly] Removing non-existent column 'dependencies_id' from ir.module.module query during boot. 
2026-03-25 01:24:34,219 143639 INFO cm-test-18.0 odoo.addons.base.models.ir_module: module digest: loading translation file /home/gamarino/odoo/numa-public-odoo-18.0-numa/addons/digest/i18n/es.po for language es_AR 
2026-03-25 01:24:34,219 143639 INFO cm-test-18.0 odoo.tools.translate: loading base translation file /home/gamarino/odoo/numa-public-odoo-18.0-numa/addons/digest/i18n/es.po for language es_AR 
2026-03-25 01:24:34,224 143639 INFO cm-test-18.0 odoo.addons.base.models.ir_module: module digest: loading translation file /home/gamarino/odoo/numa-public-odoo-18.0-numa/addons/digest/i18n/es_419.po for language es_AR 
2026-03-25 01:24:34,225 143639 INFO cm-test-18.0 odoo.tools.translate: loading base translation file /home/gamarino/odoo/numa-public-odoo-18.0-numa/addons/digest/i18n/es_419.po for language es_AR 
2026-03-25 01:24:34,278 143639 INFO cm-test-18.0 odoo.modules.loading: Module digest loaded in 2.37s, 1159 queries (+1159 other) 
2026-03-25 01:24:34,278 143639 INFO cm-test-18.0 odoo.modules.loading: Loading module numa_ai (66/211) 
2026-03-25 01:24:34,283 143639 INFO cm-test-18.0 odoo.addons.numa_poly.models.poly: [poly] Entering Phase 1: MRO Injection and attribute building 
2026-03-25 01:24:34,898 143639 INFO cm-test-18.0 odoo.addons.numa_poly.models.poly: [poly] Entering Phase 2: Final field stabilization and sanitization 
2026-03-25 01:24:34,999 143639 INFO cm-test-18.0 odoo.addons.numa_poly.models.poly: [poly] Entering Phase 1: MRO Injection and attribute building 
2026-03-25 01:24:35,756 143639 INFO cm-test-18.0 odoo.addons.numa_poly.models.poly: [poly] Entering Phase 2: Final field stabilization and sanitization 
2026-03-25 01:24:35,847 143639 INFO cm-test-18.0 odoo.addons.numa_poly.models.poly: [poly] Entering Phase 1: MRO Injection and attribute building 
2026-03-25 01:24:36,682 143639 INFO cm-test-18.0 odoo.addons.numa_poly.models.poly: [poly] Entering Phase 2: Final field stabilization and sanitization 
2026-03-25 01:24:37,425 143639 INFO cm-test-18.0 odoo.modules.registry: module numa_ai: creating or updating database tables 
2026-03-25 01:24:37,960 143639 INFO cm-test-18.0 odoo.modules.loading: loading numa_ai/security/ir.model.access.csv 
2026-03-25 01:24:37,965 143639 WARNING cm-test-18.0 odoo.addons.numa_poly.models.poly: [poly] Removing non-existent column 'flag_image' from res.lang query during boot. 
2026-03-25 01:24:38,019 143639 INFO cm-test-18.0 odoo.modules.loading: loading numa_ai/security/security.xml 
2026-03-25 01:24:38,035 143639 INFO cm-test-18.0 odoo.modules.loading: loading numa_ai/views/res_config_settings_views.xml 
2026-03-25 01:24:38,040 143639 WARNING cm-test-18.0 odoo.addons.numa_poly.models.poly: [poly] Removing non-existent column 'groups_id' from ir.ui.view query during boot. 
2026-03-25 01:24:38,064 143639 INFO cm-test-18.0 odoo.modules.loading: loading numa_ai/views/numa_ai_agent_views.xml 
2026-03-25 01:24:38,106 143639 INFO cm-test-18.0 odoo.modules.loading: loading numa_ai/views/numa_ai_mcp_server_views.xml 
2026-03-25 01:24:38,119 143639 WARNING cm-test-18.0 odoo.addons.numa_poly.models.poly: [poly] Removing non-existent column 'flag_image' from res.lang query during boot. 
2026-03-25 01:24:38,126 143639 INFO cm-test-18.0 odoo.modules.loading: loading numa_ai/views/numa_ai_agent_log_views.xml 
2026-03-25 01:24:38,145 143639 INFO cm-test-18.0 odoo.modules.loading: loading numa_ai/views/numa_ai_topic_views.xml 
2026-03-25 01:24:38,162 143639 INFO cm-test-18.0 odoo.modules.loading: loading numa_ai/views/numa_ai_source_views.xml 
2026-03-25 01:24:38,178 143639 INFO cm-test-18.0 odoo.modules.loading: loading numa_ai/views/numa_ai_embedding_views.xml 
2026-03-25 01:24:38,192 143639 INFO cm-test-18.0 odoo.modules.loading: loading numa_ai/views/numa_ai_agent_test_wizard_views.xml 
2026-03-25 01:24:38,198 143639 INFO cm-test-18.0 odoo.modules.loading: loading numa_ai/views/numa_ai_menus.xml 
2026-03-25 01:24:38,208 143639 INFO cm-test-18.0 odoo.modules.loading: loading numa_ai/views/numa_ai_client_action.xml 
2026-03-25 01:24:38,213 143639 INFO cm-test-18.0 odoo.modules.loading: loading numa_ai/views/numa_ai_dashboard_views.xml 
2026-03-25 01:24:38,225 143639 INFO cm-test-18.0 odoo.modules.loading: loading numa_ai/views/numa_ai_monitor_views.xml 
2026-03-25 01:24:38,241 143639 INFO cm-test-18.0 odoo.modules.loading: loading numa_ai/views/numa_ai_memory_context_views.xml 
2026-03-25 01:24:38,258 143639 INFO cm-test-18.0 odoo.modules.loading: loading numa_ai/views/numa_ai_memory_views.xml 
2026-03-25 01:24:38,277 143639 INFO cm-test-18.0 odoo.modules.loading: loading numa_ai/views/numa_ai_task_views.xml 
2026-03-25 01:24:38,299 143639 INFO cm-test-18.0 odoo.modules.loading: loading numa_ai/views/numa_ai_llm_log_views.xml 
2026-03-25 01:24:38,319 143639 INFO cm-test-18.0 odoo.modules.loading: loading numa_ai/views/numa_ai_observer_views.xml 
2026-03-25 01:24:38,349 143639 INFO cm-test-18.0 odoo.modules.loading: loading numa_ai/views/ir_actions_server_views.xml 
2026-03-25 01:24:38,353 143639 WARNING cm-test-18.0 odoo.addons.numa_poly.models.poly: [poly] Removing non-existent column 'groups_id' from ir.ui.view query during boot. 
2026-03-25 01:24:38,359 143639 INFO cm-test-18.0 odoo.modules.loading: loading numa_ai/views/numa_ai_agent_goal_views.xml 
2026-03-25 01:24:38,375 143639 INFO cm-test-18.0 odoo.modules.loading: loading numa_ai/data/numa_ai_help_agent_data.xml 
2026-03-25 01:24:38,378 143639 INFO cm-test-18.0 odoo.modules.loading: loading numa_ai/data/numa_ai_help_knowledge.xml 
2026-03-25 01:24:38,393 143639 INFO cm-test-18.0 odoo.modules.loading: loading numa_ai/data/init_system_prompt.xml 
2026-03-25 01:24:38,395 143639 INFO cm-test-18.0 odoo.modules.loading: loading numa_ai/data/ir_cron_data.xml 
2026-03-25 01:24:38,400 143639 INFO cm-test-18.0 odoo.modules.loading: loading numa_ai/data/topic_natural_language.xml 
2026-03-25 01:24:38,402 143639 INFO cm-test-18.0 odoo.modules.loading: loading numa_ai/data/ai_bot_default.xml 
2026-03-25 01:24:38,407 143639 WARNING cm-test-18.0 odoo.addons.numa_poly.models.poly: [poly] Removing non-existent column 'dependencies_id' from ir.module.module query during boot. 
2026-03-25 01:24:38,407 143639 INFO cm-test-18.0 odoo.addons.base.models.ir_module: module numa_ai: loading translation file /home/gamarino/odoo/numa-addons-18.0/numa_ai/i18n/es.po for language es_AR 
2026-03-25 01:24:38,407 143639 INFO cm-test-18.0 odoo.tools.translate: loading base translation file /home/gamarino/odoo/numa-addons-18.0/numa_ai/i18n/es.po for language es_AR 
2026-03-25 01:24:38,494 143639 INFO cm-test-18.0 odoo.modules.loading: Module numa_ai loaded in 4.22s, 2471 queries (+2471 other) 
2026-03-25 01:24:38,494 143639 INFO cm-test-18.0 odoo.modules.loading: Loading module numa_normalized_email (67/211) 
2026-03-25 01:24:38,499 143639 INFO cm-test-18.0 odoo.addons.numa_poly.models.poly: [poly] Entering Phase 1: MRO Injection and attribute building 
2026-03-25 01:24:39,213 143639 INFO cm-test-18.0 odoo.addons.numa_poly.models.poly: [poly] Entering Phase 2: Final field stabilization and sanitization 
2026-03-25 01:24:39,320 143639 INFO cm-test-18.0 odoo.addons.numa_poly.models.poly: [poly] Entering Phase 1: MRO Injection and attribute building 
2026-03-25 01:24:40,114 143639 INFO cm-test-18.0 odoo.addons.numa_poly.models.poly: [poly] Entering Phase 2: Final field stabilization and sanitization 
2026-03-25 01:24:40,204 143639 INFO cm-test-18.0 odoo.addons.numa_poly.models.poly: [poly] Entering Phase 1: MRO Injection and attribute building 
2026-03-25 01:24:40,986 143639 INFO cm-test-18.0 odoo.addons.numa_poly.models.poly: [poly] Entering Phase 2: Final field stabilization and sanitization 
2026-03-25 01:24:41,073 143639 INFO cm-test-18.0 odoo.modules.registry: module numa_normalized_email: creating or updating database tables 
2026-03-25 01:24:41,210 143639 INFO cm-test-18.0 odoo.modules.loading: loading numa_normalized_email/security/ir.model.access.csv 
2026-03-25 01:24:41,215 143639 WARNING cm-test-18.0 odoo.addons.numa_poly.models.poly: [poly] Removing non-existent column 'flag_image' from res.lang query during boot. 
2026-03-25 01:24:41,221 143639 INFO cm-test-18.0 odoo.modules.loading: loading numa_normalized_email/views/normalized_email_view.xml 
2026-03-25 01:24:41,243 143639 WARNING cm-test-18.0 odoo.addons.numa_poly.models.poly: [poly] Removing non-existent column 'groups_id' from ir.ui.view query during boot. 
2026-03-25 01:24:41,252 143639 WARNING cm-test-18.0 odoo.addons.numa_poly.models.poly: [poly] Removing non-existent column 'flag_image' from res.lang query during boot. 
2026-03-25 01:24:41,253 143639 WARNING cm-test-18.0 odoo.addons.numa_poly.models.poly: [poly] Removing non-existent column 'dependencies_id' from ir.module.module query during boot. 
2026-03-25 01:24:41,254 143639 INFO cm-test-18.0 odoo.addons.base.models.ir_module: module numa_normalized_email: no translation for language es_AR 
2026-03-25 01:24:41,280 143639 INFO cm-test-18.0 odoo.modules.loading: Module numa_normalized_email loaded in 2.79s, 1227 queries (+1227 other) 
2026-03-25 01:24:41,280 143639 INFO cm-test-18.0 odoo.modules.loading: Loading module numa_normalized_social (68/211) 
2026-03-25 01:24:41,286 143639 INFO cm-test-18.0 odoo.addons.numa_poly.models.poly: [poly] Entering Phase 1: MRO Injection and attribute building 
2026-03-25 01:24:42,001 143639 INFO cm-test-18.0 odoo.addons.numa_poly.models.poly: [poly] Entering Phase 2: Final field stabilization and sanitization 
2026-03-25 01:24:42,080 143639 INFO cm-test-18.0 odoo.addons.numa_poly.models.poly: [poly] Entering Phase 1: MRO Injection and attribute building 
2026-03-25 01:24:43,186 143639 INFO cm-test-18.0 odoo.addons.numa_poly.models.poly: [poly] Entering Phase 2: Final field stabilization and sanitization 
2026-03-25 01:24:43,279 143639 INFO cm-test-18.0 odoo.addons.numa_poly.models.poly: [poly] Entering Phase 1: MRO Injection and attribute building 
2026-03-25 01:24:44,553 143639 INFO cm-test-18.0 odoo.addons.numa_poly.models.poly: [poly] Entering Phase 2: Final field stabilization and sanitization 
2026-03-25 01:24:44,679 143639 INFO cm-test-18.0 odoo.modules.registry: module numa_normalized_social: creating or updating database tables 
2026-03-25 01:24:44,847 143639 INFO cm-test-18.0 odoo.modules.loading: loading numa_normalized_social/security/ir.model.access.csv 
2026-03-25 01:24:44,854 143639 WARNING cm-test-18.0 odoo.addons.numa_poly.models.poly: [poly] Removing non-existent column 'flag_image' from res.lang query during boot. 
2026-03-25 01:24:44,862 143639 INFO cm-test-18.0 odoo.modules.loading: loading numa_normalized_social/views/normalized_social_view.xml 
2026-03-25 01:24:44,890 143639 WARNING cm-test-18.0 odoo.addons.numa_poly.models.poly: [poly] Removing non-existent column 'groups_id' from ir.ui.view query during boot. 
2026-03-25 01:24:44,905 143639 WARNING cm-test-18.0 odoo.addons.numa_poly.models.poly: [poly] Removing non-existent column 'flag_image' from res.lang query during boot. 
2026-03-25 01:24:44,907 143639 WARNING cm-test-18.0 odoo.addons.numa_poly.models.poly: [poly] Removing non-existent column 'dependencies_id' from ir.module.module query during boot. 
2026-03-25 01:24:44,908 143639 INFO cm-test-18.0 odoo.addons.base.models.ir_module: module numa_normalized_social: no translation for language es_AR 
2026-03-25 01:24:44,931 143639 INFO cm-test-18.0 odoo.modules.loading: Module numa_normalized_social loaded in 3.65s, 1238 queries (+1238 other) 
2026-03-25 01:24:44,931 143639 INFO cm-test-18.0 odoo.modules.loading: Loading module payment (69/211) 
2026-03-25 01:24:44,938 143639 INFO cm-test-18.0 odoo.addons.numa_poly.models.poly: [poly] Entering Phase 1: MRO Injection and attribute building 
2026-03-25 01:24:46,027 143639 INFO cm-test-18.0 odoo.addons.numa_poly.models.poly: [poly] Entering Phase 2: Final field stabilization and sanitization 
2026-03-25 01:24:46,182 143639 INFO cm-test-18.0 odoo.addons.numa_poly.models.poly: [poly] Entering Phase 1: MRO Injection and attribute building 
2026-03-25 01:24:47,495 143639 INFO cm-test-18.0 odoo.addons.numa_poly.models.poly: [poly] Entering Phase 2: Final field stabilization and sanitization 
2026-03-25 01:24:47,626 143639 INFO cm-test-18.0 odoo.addons.numa_poly.models.poly: [poly] Entering Phase 1: MRO Injection and attribute building 
2026-03-25 01:24:49,130 143639 INFO cm-test-18.0 odoo.addons.numa_poly.models.poly: [poly] Entering Phase 2: Final field stabilization and sanitization 
2026-03-25 01:24:49,696 143639 INFO cm-test-18.0 odoo.modules.registry: module payment: creating or updating database tables 
2026-03-25 01:24:50,161 143639 INFO cm-test-18.0 odoo.modules.loading: loading payment/data/ir_actions_server_data.xml 
2026-03-25 01:24:50,168 143639 INFO cm-test-18.0 odoo.modules.loading: loading payment/data/onboarding_data.xml 
2026-03-25 01:24:50,172 143639 INFO cm-test-18.0 odoo.modules.loading: loading payment/data/payment_method_data.xml 
2026-03-25 01:24:50,303 143639 INFO cm-test-18.0 odoo.modules.loading: loading payment/data/payment_provider_data.xml 
2026-03-25 01:24:50,318 143639 INFO cm-test-18.0 odoo.modules.loading: loading payment/data/payment_cron.xml 
2026-03-25 01:24:50,339 143639 INFO cm-test-18.0 odoo.modules.loading: loading payment/views/express_checkout_templates.xml 
2026-03-25 01:24:50,350 143639 INFO cm-test-18.0 odoo.modules.loading: loading payment/views/payment_form_templates.xml 
2026-03-25 01:24:50,451 143639 INFO cm-test-18.0 odoo.modules.loading: loading payment/views/portal_templates.xml 
2026-03-25 01:24:50,529 143639 WARNING cm-test-18.0 odoo.addons.numa_poly.models.poly: [poly] Removing non-existent column 'groups_id' from ir.ui.view query during boot. 
2026-03-25 01:24:50,538 143639 INFO cm-test-18.0 odoo.modules.loading: loading payment/views/payment_provider_views.xml 
2026-03-25 01:24:50,571 143639 WARNING cm-test-18.0 odoo.addons.numa_poly.models.poly: [poly] Removing non-existent column 'flag_image' from res.lang query during boot. 
2026-03-25 01:24:50,575 143639 INFO cm-test-18.0 odoo.modules.loading: loading payment/views/payment_method_views.xml 
2026-03-25 01:24:50,609 143639 INFO cm-test-18.0 odoo.modules.loading: loading payment/views/payment_transaction_views.xml 
2026-03-25 01:24:50,644 143639 INFO cm-test-18.0 odoo.modules.loading: loading payment/views/payment_token_views.xml 
2026-03-25 01:24:50,663 143639 INFO cm-test-18.0 odoo.modules.loading: loading payment/views/res_partner_views.xml 
2026-03-25 01:24:50,668 143639 WARNING cm-test-18.0 odoo.addons.numa_poly.models.poly: [poly] Removing non-existent column 'groups_id' from ir.ui.view query during boot. 
2026-03-25 01:24:50,677 143639 INFO cm-test-18.0 odoo.modules.loading: loading payment/security/ir.model.access.csv 
2026-03-25 01:24:50,725 143639 INFO cm-test-18.0 odoo.modules.loading: loading payment/security/payment_security.xml 
2026-03-25 01:24:50,733 143639 INFO cm-test-18.0 odoo.modules.loading: loading payment/wizards/payment_capture_wizard_views.xml 
2026-03-25 01:24:50,742 143639 INFO cm-test-18.0 odoo.modules.loading: loading payment/wizards/payment_link_wizard_views.xml 
2026-03-25 01:24:50,751 143639 INFO cm-test-18.0 odoo.modules.loading: loading payment/wizards/payment_onboarding_views.xml 
2026-03-25 01:24:50,760 143639 WARNING cm-test-18.0 odoo.addons.numa_poly.models.poly: [poly] Removing non-existent column 'flag_image' from res.lang query during boot. 
2026-03-25 01:24:50,761 143639 WARNING cm-test-18.0 odoo.addons.numa_poly.models.poly: [poly] Removing non-existent column 'dependencies_id' from ir.module.module query during boot. 
2026-03-25 01:24:50,762 143639 INFO cm-test-18.0 odoo.addons.base.models.ir_module: module payment: loading translation file /home/gamarino/odoo/numa-public-odoo-18.0-numa/addons/payment/i18n/es.po for language es_AR 
2026-03-25 01:24:50,762 143639 INFO cm-test-18.0 odoo.tools.translate: loading base translation file /home/gamarino/odoo/numa-public-odoo-18.0-numa/addons/payment/i18n/es.po for language es_AR 
2026-03-25 01:24:50,807 143639 INFO cm-test-18.0 odoo.addons.base.models.ir_module: module payment: loading translation file /home/gamarino/odoo/numa-public-odoo-18.0-numa/addons/payment/i18n/es_419.po for language es_AR 
2026-03-25 01:24:50,807 143639 INFO cm-test-18.0 odoo.tools.translate: loading base translation file /home/gamarino/odoo/numa-public-odoo-18.0-numa/addons/payment/i18n/es_419.po for language es_AR 
2026-03-25 01:24:50,982 143639 INFO cm-test-18.0 odoo.modules.loading: Module payment loaded in 6.05s, 2287 queries (+2287 other) 
2026-03-25 01:24:50,982 143639 INFO cm-test-18.0 odoo.modules.loading: Loading module portal_rating (70/211) 
2026-03-25 01:24:50,989 143639 INFO cm-test-18.0 odoo.addons.numa_poly.models.poly: [poly] Entering Phase 1: MRO Injection and attribute building 
2026-03-25 01:24:52,400 143639 INFO cm-test-18.0 odoo.addons.numa_poly.models.poly: [poly] Entering Phase 2: Final field stabilization and sanitization 
2026-03-25 01:24:52,506 143639 INFO cm-test-18.0 odoo.addons.numa_poly.models.poly: [poly] Entering Phase 1: MRO Injection and attribute building 
2026-03-25 01:24:53,621 143639 INFO cm-test-18.0 odoo.addons.numa_poly.models.poly: [poly] Entering Phase 2: Final field stabilization and sanitization 
2026-03-25 01:24:53,712 143639 INFO cm-test-18.0 odoo.addons.numa_poly.models.poly: [poly] Entering Phase 1: MRO Injection and attribute building 
2026-03-25 01:24:54,911 143639 INFO cm-test-18.0 odoo.addons.numa_poly.models.poly: [poly] Entering Phase 2: Final field stabilization and sanitization 
2026-03-25 01:24:55,026 143639 INFO cm-test-18.0 odoo.modules.registry: module portal_rating: creating or updating database tables 
2026-03-25 01:24:55,149 143639 WARNING cm-test-18.0 odoo.addons.base.models.ir_model: Two fields (property_cost_currency_id, cost_currency_id) of product.template() have the same label: Cost Currency. [Modules: numa_product_multi_currency and product] 
2026-03-25 01:24:55,149 143639 WARNING cm-test-18.0 odoo.addons.base.models.ir_model: Two fields (property_cost_currency_id, cost_currency_id) of product.product() have the same label: Cost Currency. [Modules: None and None] 
2026-03-25 01:24:55,466 143639 INFO cm-test-18.0 odoo.modules.loading: loading portal_rating/views/rating_rating_views.xml 
2026-03-25 01:24:55,473 143639 WARNING cm-test-18.0 odoo.addons.numa_poly.models.poly: [poly] Removing non-existent column 'groups_id' from ir.ui.view query during boot. 
2026-03-25 01:24:55,477 143639 INFO cm-test-18.0 odoo.modules.loading: loading portal_rating/views/portal_templates.xml 
2026-03-25 01:24:55,483 143639 WARNING cm-test-18.0 odoo.addons.numa_poly.models.poly: [poly] Removing non-existent column 'groups_id' from ir.ui.view query during boot. 
2026-03-25 01:24:55,487 143639 INFO cm-test-18.0 odoo.modules.loading: loading portal_rating/views/rating_templates.xml 
2026-03-25 01:24:55,506 143639 WARNING cm-test-18.0 odoo.addons.numa_poly.models.poly: [poly] Removing non-existent column 'flag_image' from res.lang query during boot. 
2026-03-25 01:24:55,507 143639 WARNING cm-test-18.0 odoo.addons.numa_poly.models.poly: [poly] Removing non-existent column 'dependencies_id' from ir.module.module query during boot. 
2026-03-25 01:24:55,507 143639 INFO cm-test-18.0 odoo.addons.base.models.ir_module: module portal_rating: loading translation file /home/gamarino/odoo/numa-public-odoo-18.0-numa/addons/portal_rating/i18n/es.po for language es_AR 
2026-03-25 01:24:55,507 143639 INFO cm-test-18.0 odoo.tools.translate: loading base translation file /home/gamarino/odoo/numa-public-odoo-18.0-numa/addons/portal_rating/i18n/es.po for language es_AR 
2026-03-25 01:24:55,510 143639 INFO cm-test-18.0 odoo.addons.base.models.ir_module: module portal_rating: loading translation file /home/gamarino/odoo/numa-public-odoo-18.0-numa/addons/portal_rating/i18n/es_419.po for language es_AR 
2026-03-25 01:24:55,510 143639 INFO cm-test-18.0 odoo.tools.translate: loading base translation file /home/gamarino/odoo/numa-public-odoo-18.0-numa/addons/portal_rating/i18n/es_419.po for language es_AR 
2026-03-25 01:24:55,539 143639 INFO cm-test-18.0 odoo.modules.loading: Module portal_rating loaded in 4.56s, 1470 queries (+1470 other) 
2026-03-25 01:24:55,539 143639 INFO cm-test-18.0 odoo.modules.loading: Loading module spreadsheet (71/211) 
2026-03-25 01:24:55,545 143639 INFO cm-test-18.0 odoo.addons.numa_poly.models.poly: [poly] Entering Phase 1: MRO Injection and attribute building 
2026-03-25 01:24:56,602 143639 INFO cm-test-18.0 odoo.addons.numa_poly.models.poly: [poly] Entering Phase 2: Final field stabilization and sanitization 
2026-03-25 01:24:56,694 143639 INFO cm-test-18.0 odoo.addons.numa_poly.models.poly: [poly] Entering Phase 1: MRO Injection and attribute building 
2026-03-25 01:24:57,586 143639 INFO cm-test-18.0 odoo.addons.numa_poly.models.poly: [poly] Entering Phase 2: Final field stabilization and sanitization 
2026-03-25 01:24:57,687 143639 INFO cm-test-18.0 odoo.addons.numa_poly.models.poly: [poly] Entering Phase 1: MRO Injection and attribute building 
2026-03-25 01:24:58,690 143639 INFO cm-test-18.0 odoo.addons.numa_poly.models.poly: [poly] Entering Phase 2: Final field stabilization and sanitization 
2026-03-25 01:24:58,785 143639 INFO cm-test-18.0 odoo.modules.registry: module spreadsheet: creating or updating database tables 
2026-03-25 01:24:58,995 143639 INFO cm-test-18.0 odoo.modules.loading: loading spreadsheet/views/public_readonly_spreadsheet_templates.xml 
2026-03-25 01:24:59,008 143639 WARNING cm-test-18.0 odoo.addons.numa_poly.models.poly: [poly] Removing non-existent column 'flag_image' from res.lang query during boot. 
2026-03-25 01:24:59,009 143639 WARNING cm-test-18.0 odoo.addons.numa_poly.models.poly: [poly] Removing non-existent column 'dependencies_id' from ir.module.module query during boot. 
2026-03-25 01:24:59,009 143639 INFO cm-test-18.0 odoo.addons.base.models.ir_module: module spreadsheet: loading translation file /home/gamarino/odoo/numa-public-odoo-18.0-numa/addons/spreadsheet/i18n/es.po for language es_AR 
2026-03-25 01:24:59,009 143639 INFO cm-test-18.0 odoo.tools.translate: loading base translation file /home/gamarino/odoo/numa-public-odoo-18.0-numa/addons/spreadsheet/i18n/es.po for language es_AR 
2026-03-25 01:24:59,080 143639 INFO cm-test-18.0 odoo.addons.base.models.ir_module: module spreadsheet: loading translation file /home/gamarino/odoo/numa-public-odoo-18.0-numa/addons/spreadsheet/i18n/es_419.po for language es_AR 
2026-03-25 01:24:59,080 143639 INFO cm-test-18.0 odoo.tools.translate: loading base translation file /home/gamarino/odoo/numa-public-odoo-18.0-numa/addons/spreadsheet/i18n/es_419.po for language es_AR 
2026-03-25 01:24:59,175 143639 INFO cm-test-18.0 odoo.modules.loading: Module spreadsheet loaded in 3.64s, 1194 queries (+1194 other) 
2026-03-25 01:24:59,175 143639 INFO cm-test-18.0 odoo.modules.loading: Loading module account (72/211) 
2026-03-25 01:24:59,180 143639 INFO cm-test-18.0 odoo.addons.numa_poly.models.poly: [poly] Entering Phase 1: MRO Injection and attribute building 
2026-03-25 01:24:59,970 143639 INFO cm-test-18.0 odoo.addons.numa_poly.models.poly: [poly] Entering Phase 2: Final field stabilization and sanitization 
2026-03-25 01:25:00,142 143639 INFO cm-test-18.0 odoo.addons.numa_poly.models.poly: [poly] Entering Phase 1: MRO Injection and attribute building 
2026-03-25 01:25:01,354 143639 INFO cm-test-18.0 odoo.addons.numa_poly.models.poly: [poly] Entering Phase 2: Final field stabilization and sanitization 
2026-03-25 01:25:01,486 143639 INFO cm-test-18.0 odoo.addons.numa_poly.models.poly: [poly] Entering Phase 1: MRO Injection and attribute building 
2026-03-25 01:25:03,052 143639 INFO cm-test-18.0 odoo.addons.numa_poly.models.poly: [poly] Entering Phase 2: Final field stabilization and sanitization 
2026-03-25 01:25:04,649 143639 INFO cm-test-18.0 odoo.modules.registry: module account: creating or updating database tables 
2026-03-25 01:25:05,124 143639 WARNING cm-test-18.0 odoo.addons.base.models.ir_model: Two fields (property_cost_currency_id, cost_currency_id) of product.template() have the same label: Cost Currency. [Modules: numa_product_multi_currency and product] 
2026-03-25 01:25:05,124 143639 WARNING cm-test-18.0 odoo.addons.base.models.ir_model: Two fields (property_cost_currency_id, cost_currency_id) of product.product() have the same label: Cost Currency. [Modules: None and None] 
2026-03-25 01:25:05,749 143639 INFO cm-test-18.0 odoo.modules.loading: loading account/security/account_security.xml 
2026-03-25 01:25:05,760 143639 WARNING cm-test-18.0 odoo.addons.numa_poly.models.poly: [poly] Removing non-existent column 'implied_ids' from res.groups query during boot. 
2026-03-25 01:25:05,767 143639 WARNING cm-test-18.0 odoo.addons.numa_poly.models.poly: [poly] Removing non-existent column 'users' from res.groups query during boot. 
2026-03-25 01:25:05,779 143639 WARNING cm-test-18.0 odoo.addons.numa_poly.models.poly: [poly] Removing non-existent column 'implied_ids' from res.groups query during boot. 
2026-03-25 01:25:05,784 143639 WARNING cm-test-18.0 odoo.addons.numa_poly.models.poly: [poly] Removing non-existent column 'users' from res.groups query during boot. 
2026-03-25 01:25:05,796 143639 WARNING cm-test-18.0 odoo.addons.numa_poly.models.poly: [poly] Removing non-existent column 'implied_ids' from res.groups query during boot. 
2026-03-25 01:25:05,801 143639 WARNING cm-test-18.0 odoo.addons.numa_poly.models.poly: [poly] Removing non-existent column 'users' from res.groups query during boot. 
2026-03-25 01:25:05,812 143639 WARNING cm-test-18.0 odoo.addons.numa_poly.models.poly: [poly] Removing non-existent column 'implied_ids' from res.groups query during boot. 
2026-03-25 01:25:05,818 143639 WARNING cm-test-18.0 odoo.addons.numa_poly.models.poly: [poly] Removing non-existent column 'users' from res.groups query during boot. 
2026-03-25 01:25:05,829 143639 WARNING cm-test-18.0 odoo.addons.numa_poly.models.poly: [poly] Removing non-existent column 'implied_ids' from res.groups query during boot. 
2026-03-25 01:25:05,837 143639 WARNING cm-test-18.0 odoo.addons.numa_poly.models.poly: [poly] Removing non-existent column 'users' from res.groups query during boot. 
2026-03-25 01:25:05,849 143639 WARNING cm-test-18.0 odoo.addons.numa_poly.models.poly: [poly] Removing non-existent column 'groups_id' from res.users query during boot. 
2026-03-25 01:25:05,886 143639 WARNING cm-test-18.0 odoo.addons.numa_poly.models.poly: [poly] Removing non-existent column 'users' from res.groups query during boot. 
2026-03-25 01:25:05,901 143639 INFO cm-test-18.0 odoo.modules.loading: loading account/security/ir.model.access.csv 
2026-03-25 01:25:05,902 143639 WARNING cm-test-18.0 odoo.addons.numa_poly.models.poly: [poly] Removing non-existent column 'groups_id' from res.users query during boot. 
2026-03-25 01:25:05,920 143639 WARNING cm-test-18.0 odoo.addons.numa_poly.models.poly: [poly] Removing non-existent column 'flag_image' from res.lang query during boot. 
2026-03-25 01:25:06,071 143639 INFO cm-test-18.0 odoo.modules.loading: loading account/data/account_data.xml 
2026-03-25 01:25:06,086 143639 INFO cm-test-18.0 odoo.modules.loading: loading account/data/digest_data.xml 
2026-03-25 01:25:06,094 143639 WARNING cm-test-18.0 odoo.addons.numa_poly.models.poly: [poly] Removing non-existent column 'flag_image' from res.lang query during boot. 
2026-03-25 01:25:06,099 143639 INFO cm-test-18.0 odoo.modules.loading: loading account/views/account_report.xml 
2026-03-25 01:25:06,116 143639 INFO cm-test-18.0 odoo.modules.loading: loading account/data/mail_template_data.xml 
2026-03-25 01:25:06,121 143639 INFO cm-test-18.0 odoo.modules.loading: loading account/data/onboarding_data.xml 
2026-03-25 01:25:06,128 143639 INFO cm-test-18.0 odoo.modules.loading: loading account/data/account_tour.xml 
2026-03-25 01:25:06,133 143639 INFO cm-test-18.0 odoo.modules.loading: loading account/data/ir_sequence.xml 
2026-03-25 01:25:06,136 143639 INFO cm-test-18.0 odoo.modules.loading: loading account/views/account_payment_view.xml 
2026-03-25 01:25:06,150 143639 WARNING cm-test-18.0 odoo.addons.numa_poly.models.poly: [poly] Removing non-existent column 'groups_id' from ir.ui.view query during boot. 
2026-03-25 01:25:06,157 143639 WARNING cm-test-18.0 odoo.addons.numa_poly.models.poly: [poly] Removing non-existent column 'groups_id' from ir.ui.view query during boot. 
2026-03-25 01:25:06,204 143639 INFO cm-test-18.0 odoo.modules.loading: loading account/wizard/account_automatic_entry_wizard_views.xml 
2026-03-25 01:25:06,214 143639 INFO cm-test-18.0 odoo.modules.loading: loading account/wizard/account_autopost_bills_wizard.xml 
2026-03-25 01:25:06,220 143639 INFO cm-test-18.0 odoo.modules.loading: loading account/wizard/account_unreconcile_view.xml 
2026-03-25 01:25:06,226 143639 INFO cm-test-18.0 odoo.modules.loading: loading account/wizard/account_move_reversal_view.xml 
2026-03-25 01:25:06,237 143639 INFO cm-test-18.0 odoo.modules.loading: loading account/wizard/account_resequence_views.xml 
2026-03-25 01:25:06,245 143639 INFO cm-test-18.0 odoo.modules.loading: loading account/wizard/account_payment_register_views.xml 
2026-03-25 01:25:06,254 143639 INFO cm-test-18.0 odoo.modules.loading: loading account/views/account_move_views.xml 
2026-03-25 01:25:06,273 143639 WARNING cm-test-18.0 odoo.addons.numa_poly.models.poly: [poly] Removing non-existent column 'groups_id' from ir.ui.view query during boot. 
2026-03-25 01:25:06,306 143639 WARNING cm-test-18.0 odoo.addons.numa_poly.models.poly: [poly] Removing non-existent column 'groups_id' from ir.ui.view query during boot. 
2026-03-25 01:25:06,329 143639 WARNING cm-test-18.0 odoo.addons.numa_poly.models.poly: [poly] Removing non-existent column 'groups_id' from ir.ui.view query during boot. 
2026-03-25 01:25:06,355 143639 WARNING cm-test-18.0 odoo.addons.numa_poly.models.poly: [poly] Removing non-existent column 'groups_id' from ir.ui.view query during boot. 
2026-03-25 01:25:06,376 143639 WARNING cm-test-18.0 odoo.addons.numa_poly.models.poly: [poly] Removing non-existent column 'groups_id' from ir.ui.view query during boot. 
2026-03-25 01:25:06,398 143639 WARNING cm-test-18.0 odoo.addons.numa_poly.models.poly: [poly] Removing non-existent column 'groups_id' from ir.ui.view query during boot. 
2026-03-25 01:25:06,420 143639 WARNING cm-test-18.0 odoo.addons.numa_poly.models.poly: [poly] Removing non-existent column 'groups_id' from ir.ui.view query during boot. 
2026-03-25 01:25:06,475 143639 WARNING cm-test-18.0 odoo.addons.numa_poly.models.poly: [poly] Removing non-existent column 'groups_id' from ir.ui.view query during boot. 
2026-03-25 01:25:06,491 143639 WARNING cm-test-18.0 odoo.addons.numa_poly.models.poly: [poly] Removing non-existent column 'groups_id' from ir.ui.view query during boot. 
2026-03-25 01:25:06,511 143639 WARNING cm-test-18.0 odoo.addons.numa_poly.models.poly: [poly] Removing non-existent column 'groups_id' from ir.ui.view query during boot. 
2026-03-25 01:25:06,521 143639 WARNING cm-test-18.0 odoo.addons.numa_poly.models.poly: [poly] Removing non-existent column 'groups_id' from ir.ui.view query during boot. 
2026-03-25 01:25:06,532 143639 WARNING cm-test-18.0 odoo.addons.numa_poly.models.poly: [poly] Removing non-existent column 'groups_id' from ir.ui.view query during boot. 
2026-03-25 01:25:06,543 143639 WARNING cm-test-18.0 odoo.addons.numa_poly.models.poly: [poly] Removing non-existent column 'groups_id' from ir.ui.view query during boot. 
2026-03-25 01:25:06,556 143639 WARNING cm-test-18.0 odoo.addons.numa_poly.models.poly: [poly] Removing non-existent column 'groups_id' from ir.ui.view query during boot. 
2026-03-25 01:25:06,567 143639 WARNING cm-test-18.0 odoo.addons.numa_poly.models.poly: [poly] Removing non-existent column 'groups_id' from ir.ui.view query during boot. 
2026-03-25 01:25:06,611 143639 WARNING cm-test-18.0 odoo.addons.numa_poly.models.poly: [poly] Removing non-existent column 'groups_id' from ir.ui.view query during boot. 
2026-03-25 01:25:06,617 143639 WARNING cm-test-18.0 odoo.addons.numa_poly.models.poly: [poly] Removing non-existent column 'groups_id' from ir.ui.view query during boot. 
2026-03-25 01:25:06,706 143639 INFO cm-test-18.0 odoo.modules.loading: loading account/wizard/setup_wizards_view.xml 
2026-03-25 01:25:06,720 143639 INFO cm-test-18.0 odoo.modules.loading: loading account/views/account_account_views.xml 
2026-03-25 01:25:06,748 143639 INFO cm-test-18.0 odoo.modules.loading: loading account/views/account_group_views.xml 
2026-03-25 01:25:06,761 143639 INFO cm-test-18.0 odoo.modules.loading: loading account/views/account_journal_views.xml 
2026-03-25 01:25:06,803 143639 INFO cm-test-18.0 odoo.models.unlink: User #1 deleted ir.actions.act_window.view records with IDs: [9586, 9587, 9588] 
2026-03-25 01:25:06,805 143639 INFO cm-test-18.0 odoo.models.unlink: User #1 deleted ir.poly_base records with IDs: [9586, 9587, 9588] 
2026-03-25 01:25:06,819 143639 WARNING cm-test-18.0 odoo.addons.numa_poly.models.poly: [poly] Removing non-existent column 'flag_image' from res.lang query during boot. 
2026-03-25 01:25:06,821 143639 INFO cm-test-18.0 odoo.modules.loading: loading account/views/account_account_tag_views.xml 
2026-03-25 01:25:06,833 143639 INFO cm-test-18.0 odoo.modules.loading: loading account/views/account_bank_statement_views.xml 
2026-03-25 01:25:06,861 143639 INFO cm-test-18.0 odoo.modules.loading: loading account/views/account_reconcile_model_views.xml 
2026-03-25 01:25:06,886 143639 INFO cm-test-18.0 odoo.modules.loading: loading account/views/account_tax_views.xml 
2026-03-25 01:25:06,895 143639 WARNING cm-test-18.0 odoo.addons.numa_poly.models.poly: [poly] Removing non-existent column 'groups_id' from ir.ui.view query during boot. 
2026-03-25 01:25:06,942 143639 INFO cm-test-18.0 odoo.modules.loading: loading account/views/account_full_reconcile_views.xml 
2026-03-25 01:25:06,948 143639 INFO cm-test-18.0 odoo.modules.loading: loading account/views/account_payment_term_views.xml 
2026-03-25 01:25:06,980 143639 INFO cm-test-18.0 odoo.modules.loading: loading account/views/account_payment_method.xml 
2026-03-25 01:25:06,989 143639 INFO cm-test-18.0 odoo.modules.loading: loading account/views/res_partner_bank_views.xml 
2026-03-25 01:25:06,995 143639 WARNING cm-test-18.0 odoo.addons.numa_poly.models.poly: [poly] Removing non-existent column 'groups_id' from ir.ui.view query during boot. 
2026-03-25 01:25:07,007 143639 WARNING cm-test-18.0 odoo.addons.numa_poly.models.poly: [poly] Removing non-existent column 'groups_id' from ir.ui.view query during boot. 
2026-03-25 01:25:07,021 143639 INFO cm-test-18.0 odoo.modules.loading: loading account/views/report_statement.xml 
2026-03-25 01:25:07,027 143639 WARNING cm-test-18.0 odoo.addons.numa_poly.models.poly: [poly] Removing non-existent column 'groups_id' from ir.ui.view query during boot. 
2026-03-25 01:25:07,038 143639 INFO cm-test-18.0 odoo.modules.loading: loading account/views/terms_template.xml 
2026-03-25 01:25:07,061 143639 INFO cm-test-18.0 odoo.modules.loading: loading account/wizard/account_validate_move_view.xml 
2026-03-25 01:25:07,073 143639 INFO cm-test-18.0 odoo.modules.loading: loading account/views/res_company_views.xml 
2026-03-25 01:25:07,079 143639 WARNING cm-test-18.0 odoo.addons.numa_poly.models.poly: [poly] Removing non-existent column 'groups_id' from ir.ui.view query during boot. 
2026-03-25 01:25:07,103 143639 INFO cm-test-18.0 odoo.modules.loading: loading account/views/product_view.xml 
2026-03-25 01:25:07,122 143639 WARNING cm-test-18.0 odoo.addons.numa_poly.models.poly: [poly] Removing non-existent column 'groups_id' from ir.ui.view query during boot. 
2026-03-25 01:25:07,133 143639 WARNING cm-test-18.0 odoo.addons.numa_poly.models.poly: [poly] Removing non-existent column 'groups_id' from ir.ui.view query during boot. 
2026-03-25 01:25:07,141 143639 INFO cm-test-18.0 odoo.modules.loading: loading account/views/account_analytic_plan_views.xml 
2026-03-25 01:25:07,146 143639 WARNING cm-test-18.0 odoo.addons.numa_poly.models.poly: [poly] Removing non-existent column 'groups_id' from ir.ui.view query during boot. 
2026-03-25 01:25:07,149 143639 INFO cm-test-18.0 odoo.modules.loading: loading account/views/account_analytic_account_views.xml 
2026-03-25 01:25:07,154 143639 WARNING cm-test-18.0 odoo.addons.numa_poly.models.poly: [poly] Removing non-existent column 'groups_id' from ir.ui.view query during boot. 
2026-03-25 01:25:07,161 143639 WARNING cm-test-18.0 odoo.addons.numa_poly.models.poly: [poly] Removing non-existent column 'groups_id' from ir.ui.view query during boot. 
2026-03-25 01:25:07,166 143639 INFO cm-test-18.0 odoo.modules.loading: loading account/views/account_analytic_distribution_model_views.xml 
2026-03-25 01:25:07,170 143639 WARNING cm-test-18.0 odoo.addons.numa_poly.models.poly: [poly] Removing non-existent column 'groups_id' from ir.ui.view query during boot. 
2026-03-25 01:25:07,178 143639 WARNING cm-test-18.0 odoo.addons.numa_poly.models.poly: [poly] Removing non-existent column 'groups_id' from ir.ui.view query during boot. 
2026-03-25 01:25:07,183 143639 INFO cm-test-18.0 odoo.modules.loading: loading account/views/account_analytic_line_views.xml 
2026-03-25 01:25:07,189 143639 WARNING cm-test-18.0 odoo.addons.numa_poly.models.poly: [poly] Removing non-existent column 'groups_id' from ir.ui.view query during boot. 
2026-03-25 01:25:07,196 143639 WARNING cm-test-18.0 odoo.addons.numa_poly.models.poly: [poly] Removing non-existent column 'groups_id' from ir.ui.view query during boot. 
2026-03-25 01:25:07,204 143639 WARNING cm-test-18.0 odoo.addons.numa_poly.models.poly: [poly] Removing non-existent column 'groups_id' from ir.ui.view query during boot. 
2026-03-25 01:25:07,211 143639 WARNING cm-test-18.0 odoo.addons.numa_poly.models.poly: [poly] Removing non-existent column 'groups_id' from ir.ui.view query during boot. 
2026-03-25 01:25:07,224 143639 INFO cm-test-18.0 odoo.modules.loading: loading account/views/report_invoice.xml 
2026-03-25 01:25:07,251 143639 WARNING cm-test-18.0 odoo.addons.numa_poly.models.poly: [poly] Removing non-existent column 'groups_id' from ir.ui.view query during boot. 
2026-03-25 01:25:07,284 143639 INFO cm-test-18.0 odoo.modules.loading: loading account/report/account_invoice_report_view.xml 
2026-03-25 01:25:07,330 143639 INFO cm-test-18.0 odoo.modules.loading: loading account/views/account_cash_rounding_view.xml 
2026-03-25 01:25:07,347 143639 INFO cm-test-18.0 odoo.modules.loading: loading account/views/ir_actions_views.xml 
2026-03-25 01:25:07,351 143639 WARNING cm-test-18.0 odoo.addons.numa_poly.models.poly: [poly] Removing non-existent column 'groups_id' from ir.ui.view query during boot. 
2026-03-25 01:25:07,357 143639 INFO cm-test-18.0 odoo.modules.loading: loading account/views/ir_module_views.xml 
2026-03-25 01:25:07,361 143639 WARNING cm-test-18.0 odoo.addons.numa_poly.models.poly: [poly] Removing non-existent column 'groups_id' from ir.ui.view query during boot. 
2026-03-25 01:25:07,366 143639 INFO cm-test-18.0 odoo.modules.loading: loading account/views/base_document_layout_views.xml 
2026-03-25 01:25:07,370 143639 WARNING cm-test-18.0 odoo.addons.numa_poly.models.poly: [poly] Removing non-existent column 'groups_id' from ir.ui.view query during boot. 
2026-03-25 01:25:07,379 143639 INFO cm-test-18.0 odoo.modules.loading: loading account/views/res_config_settings_views.xml 
2026-03-25 01:25:07,388 143639 WARNING cm-test-18.0 odoo.addons.numa_poly.models.poly: [poly] Removing non-existent column 'groups_id' from ir.ui.view query during boot. 
2026-03-25 01:25:07,407 143639 WARNING cm-test-18.0 odoo.addons.numa_poly.models.poly: [poly] Removing non-existent column 'groups_id' from ir.ui.view query during boot. 
2026-03-25 01:25:07,416 143639 INFO cm-test-18.0 odoo.modules.loading: loading account/views/partner_view.xml 
2026-03-25 01:25:07,439 143639 WARNING cm-test-18.0 odoo.addons.numa_poly.models.poly: [poly] Removing non-existent column 'groups_id' from ir.ui.view query during boot. 
2026-03-25 01:25:07,454 143639 WARNING cm-test-18.0 odoo.addons.numa_poly.models.poly: [poly] Removing non-existent column 'groups_id' from ir.ui.view query during boot. 
2026-03-25 01:25:07,464 143639 WARNING cm-test-18.0 odoo.addons.numa_poly.models.poly: [poly] Removing non-existent column 'groups_id' from ir.ui.view query during boot. 
2026-03-25 01:25:07,472 143639 WARNING cm-test-18.0 odoo.addons.numa_poly.models.poly: [poly] Removing non-existent column 'groups_id' from ir.ui.view query during boot. 
2026-03-25 01:25:07,491 143639 INFO cm-test-18.0 odoo.modules.loading: loading account/views/account_journal_dashboard_view.xml 
2026-03-25 01:25:07,508 143639 INFO cm-test-18.0 odoo.modules.loading: loading account/views/account_portal_templates.xml 
2026-03-25 01:25:07,514 143639 WARNING cm-test-18.0 odoo.addons.numa_poly.models.poly: [poly] Removing non-existent column 'groups_id' from ir.ui.view query during boot. 
2026-03-25 01:25:07,522 143639 WARNING cm-test-18.0 odoo.addons.numa_poly.models.poly: [poly] Removing non-existent column 'groups_id' from ir.ui.view query during boot. 
2026-03-25 01:25:07,538 143639 WARNING cm-test-18.0 odoo.addons.numa_poly.models.poly: [poly] Removing non-existent column 'groups_id' from ir.ui.view query during boot. 
2026-03-25 01:25:07,562 143639 WARNING cm-test-18.0 odoo.addons.numa_poly.models.poly: [poly] Removing non-existent column 'groups_id' from ir.ui.view query during boot. 
2026-03-25 01:25:07,567 143639 INFO cm-test-18.0 odoo.modules.loading: loading account/views/report_payment_receipt_templates.xml 
2026-03-25 01:25:07,581 143639 INFO cm-test-18.0 odoo.modules.loading: loading account/data/service_cron.xml 
2026-03-25 01:25:07,599 143639 INFO cm-test-18.0 odoo.modules.loading: loading account/views/account_incoterms_view.xml 
2026-03-25 01:25:07,617 143639 INFO cm-test-18.0 odoo.modules.loading: loading account/data/account_incoterms_data.xml 
2026-03-25 01:25:07,627 143639 INFO cm-test-18.0 odoo.modules.loading: loading account/views/digest_views.xml 
2026-03-25 01:25:07,632 143639 WARNING cm-test-18.0 odoo.addons.numa_poly.models.poly: [poly] Removing non-existent column 'groups_id' from ir.ui.view query during boot. 
2026-03-25 01:25:07,636 143639 INFO cm-test-18.0 odoo.modules.loading: loading account/wizard/account_move_send_wizard.xml 
2026-03-25 01:25:07,642 143639 INFO cm-test-18.0 odoo.modules.loading: loading account/wizard/account_move_send_batch_wizard.xml 
2026-03-25 01:25:07,648 143639 INFO cm-test-18.0 odoo.modules.loading: loading account/report/account_hash_integrity_templates.xml 
2026-03-25 01:25:07,656 143639 INFO cm-test-18.0 odoo.modules.loading: loading account/views/res_currency.xml 
2026-03-25 01:25:07,660 143639 WARNING cm-test-18.0 odoo.addons.numa_poly.models.poly: [poly] Removing non-existent column 'groups_id' from ir.ui.view query during boot. 
2026-03-25 01:25:07,665 143639 INFO cm-test-18.0 odoo.modules.loading: loading account/views/account_menuitem.xml 
2026-03-25 01:25:07,868 143639 INFO cm-test-18.0 odoo.modules.loading: loading account/wizard/account_secure_entries_wizard.xml 
2026-03-25 01:25:07,883 143639 INFO cm-test-18.0 odoo.modules.loading: loading account/views/mail_message_views.xml 
2026-03-25 01:25:07,887 143639 WARNING cm-test-18.0 odoo.addons.numa_poly.models.poly: [poly] Removing non-existent column 'groups_id' from ir.ui.view query during boot. 
2026-03-25 01:25:07,891 143639 WARNING cm-test-18.0 odoo.addons.numa_poly.models.poly: [poly] Removing non-existent column 'groups_id' from ir.ui.view query during boot. 
2026-03-25 01:25:07,902 143639 INFO cm-test-18.0 odoo.modules.loading: loading account/wizard/accrued_orders.xml 
2026-03-25 01:25:07,909 143639 INFO cm-test-18.0 odoo.modules.loading: loading account/views/bill_preview_template.xml 
2026-03-25 01:25:07,918 143639 INFO cm-test-18.0 odoo.modules.loading: loading account/data/account_reports_data.xml 
2026-03-25 01:25:07,967 143639 INFO cm-test-18.0 odoo.modules.loading: loading account/views/uom_uom_views.xml 
2026-03-25 01:25:07,971 143639 WARNING cm-test-18.0 odoo.addons.numa_poly.models.poly: [poly] Removing non-existent column 'groups_id' from ir.ui.view query during boot. 
2026-03-25 01:25:07,976 143639 INFO cm-test-18.0 odoo.modules.loading: loading account/views/product_views.xml 
2026-03-25 01:25:07,980 143639 WARNING cm-test-18.0 odoo.addons.numa_poly.models.poly: [poly] Removing non-existent column 'groups_id' from ir.ui.view query during boot. 
2026-03-25 01:25:07,986 143639 WARNING cm-test-18.0 odoo.addons.numa_poly.models.poly: [poly] Removing non-existent column 'groups_id' from ir.ui.view query during boot. 
2026-03-25 01:25:07,990 143639 INFO cm-test-18.0 odoo.modules.loading: loading account/views/tests_shared_js_python.xml 
2026-03-25 01:25:07,996 143639 INFO cm-test-18.0 odoo.modules.loading: loading account/views/account_lock_exception_views.xml 
2026-03-25 01:25:08,003 143639 INFO cm-test-18.0 odoo.modules.loading: loading account/views/report_templates.xml 
2026-03-25 01:25:08,013 143639 WARNING cm-test-18.0 odoo.addons.numa_poly.models.poly: [poly] Removing non-existent column 'groups_id' from ir.ui.view query during boot. 
2026-03-25 01:25:08,020 143639 WARNING cm-test-18.0 odoo.addons.numa_poly.models.poly: [poly] Removing non-existent column 'groups_id' from ir.ui.view query during boot. 
2026-03-25 01:25:08,029 143639 INFO cm-test-18.0 odoo.modules.loading: loading account/wizard/account_merge_wizard_views.xml 
2026-03-25 01:25:08,038 143639 INFO cm-test-18.0 odoo.modules.loading: Module account: loading demo 
2026-03-25 01:25:08,039 143639 INFO cm-test-18.0 odoo.modules.loading: loading account/demo/account_demo.xml 
2026-03-25 01:25:08,051 143639 WARNING cm-test-18.0 odoo.addons.numa_poly.models.poly: [poly] Removing non-existent column 'dependencies_id' from ir.module.module query during boot. 
2026-03-25 01:25:08,052 143639 INFO cm-test-18.0 odoo.addons.base.models.ir_module: module account: loading translation file /home/gamarino/odoo/numa-public-odoo-18.0-numa/addons/account/i18n/es.po for language es_AR 
2026-03-25 01:25:08,052 143639 INFO cm-test-18.0 odoo.tools.translate: loading base translation file /home/gamarino/odoo/numa-public-odoo-18.0-numa/addons/account/i18n/es.po for language es_AR 
2026-03-25 01:25:08,171 143639 INFO cm-test-18.0 odoo.addons.base.models.ir_module: module account: loading translation file /home/gamarino/odoo/numa-public-odoo-18.0-numa/addons/account/i18n/es_419.po for language es_AR 
2026-03-25 01:25:08,171 143639 INFO cm-test-18.0 odoo.tools.translate: loading base translation file /home/gamarino/odoo/numa-public-odoo-18.0-numa/addons/account/i18n/es_419.po for language es_AR 
2026-03-25 01:25:08,404 143639 WARNING cm-test-18.0 odoo.addons.numa_poly.models.poly: [poly] Removing non-existent column 'section_report_ids' from account.report query during boot. 
2026-03-25 01:25:08,406 143639 WARNING cm-test-18.0 odoo.addons.numa_poly.models.poly: [poly] Removing non-existent column 'section_main_report_ids' from account.report query during boot. 
2026-03-25 01:25:08,771 143639 INFO cm-test-18.0 odoo.modules.loading: Module account loaded in 9.60s, 6046 queries (+6046 other) 
2026-03-25 01:25:08,771 143639 INFO cm-test-18.0 odoo.modules.loading: Loading module base_automation (73/211) 
2026-03-25 01:25:08,777 143639 INFO cm-test-18.0 odoo.addons.numa_poly.models.poly: [poly] Entering Phase 1: MRO Injection and attribute building 
2026-03-25 01:25:09,939 143639 INFO cm-test-18.0 odoo.addons.numa_poly.models.poly: [poly] Entering Phase 2: Final field stabilization and sanitization 
2026-03-25 01:25:10,032 143639 INFO cm-test-18.0 odoo.addons.numa_poly.models.poly: [poly] Entering Phase 1: MRO Injection and attribute building 
2026-03-25 01:25:11,104 143639 INFO cm-test-18.0 odoo.addons.numa_poly.models.poly: [poly] Entering Phase 2: Final field stabilization and sanitization 
2026-03-25 01:25:11,208 143639 INFO cm-test-18.0 odoo.addons.numa_poly.models.poly: [poly] Entering Phase 1: MRO Injection and attribute building 
2026-03-25 01:25:12,303 143639 INFO cm-test-18.0 odoo.addons.numa_poly.models.poly: [poly] Entering Phase 2: Final field stabilization and sanitization 
2026-03-25 01:25:12,425 143639 INFO cm-test-18.0 odoo.modules.registry: module base_automation: creating or updating database tables 
2026-03-25 01:25:12,533 143639 INFO cm-test-18.0 odoo.modules.loading: loading base_automation/security/ir.model.access.csv 
2026-03-25 01:25:12,539 143639 WARNING cm-test-18.0 odoo.addons.numa_poly.models.poly: [poly] Removing non-existent column 'flag_image' from res.lang query during boot. 
2026-03-25 01:25:12,545 143639 INFO cm-test-18.0 odoo.modules.loading: loading base_automation/data/base_automation_data.xml 
2026-03-25 01:25:12,548 143639 INFO cm-test-18.0 odoo.modules.loading: loading base_automation/data/digest_data.xml 
2026-03-25 01:25:12,552 143639 WARNING cm-test-18.0 odoo.addons.numa_poly.models.poly: [poly] Removing non-existent column 'flag_image' from res.lang query during boot. 
2026-03-25 01:25:12,554 143639 INFO cm-test-18.0 odoo.modules.loading: loading base_automation/views/ir_actions_server_views.xml 
2026-03-25 01:25:12,559 143639 WARNING cm-test-18.0 odoo.addons.numa_poly.models.poly: [poly] Removing non-existent column 'groups_id' from ir.ui.view query during boot. 
2026-03-25 01:25:12,566 143639 INFO cm-test-18.0 odoo.modules.loading: loading base_automation/views/base_automation_views.xml 
2026-03-25 01:25:12,600 143639 WARNING cm-test-18.0 odoo.addons.numa_poly.models.poly: [poly] Removing non-existent column 'dependencies_id' from ir.module.module query during boot. 
2026-03-25 01:25:12,601 143639 INFO cm-test-18.0 odoo.addons.base.models.ir_module: module base_automation: loading translation file /home/gamarino/odoo/numa-public-odoo-18.0-numa/addons/base_automation/i18n/es.po for language es_AR 
2026-03-25 01:25:12,601 143639 INFO cm-test-18.0 odoo.tools.translate: loading base translation file /home/gamarino/odoo/numa-public-odoo-18.0-numa/addons/base_automation/i18n/es.po for language es_AR 
2026-03-25 01:25:12,608 143639 INFO cm-test-18.0 odoo.addons.base.models.ir_module: module base_automation: loading translation file /home/gamarino/odoo/numa-public-odoo-18.0-numa/addons/base_automation/i18n/es_419.po for language es_AR 
2026-03-25 01:25:12,608 143639 INFO cm-test-18.0 odoo.tools.translate: loading base translation file /home/gamarino/odoo/numa-public-odoo-18.0-numa/addons/base_automation/i18n/es_419.po for language es_AR 
2026-03-25 01:25:12,647 143639 INFO cm-test-18.0 odoo.modules.loading: Module base_automation loaded in 3.88s, 1488 queries (+1488 other) 
2026-03-25 01:25:12,647 143639 INFO cm-test-18.0 odoo.modules.loading: Loading module crm (74/211) 
2026-03-25 01:25:12,653 143639 INFO cm-test-18.0 odoo.addons.numa_poly.models.poly: [poly] Entering Phase 1: MRO Injection and attribute building 
2026-03-25 01:25:13,721 143639 INFO cm-test-18.0 odoo.addons.numa_poly.models.poly: [poly] Entering Phase 2: Final field stabilization and sanitization 
2026-03-25 01:25:13,830 143639 INFO cm-test-18.0 odoo.addons.numa_poly.models.poly: [poly] Entering Phase 1: MRO Injection and attribute building 
2026-03-25 01:25:15,052 143639 INFO cm-test-18.0 odoo.addons.numa_poly.models.poly: [poly] Entering Phase 2: Final field stabilization and sanitization 
2026-03-25 01:25:15,150 143639 INFO cm-test-18.0 odoo.addons.numa_poly.models.poly: [poly] Entering Phase 1: MRO Injection and attribute building 
2026-03-25 01:25:16,413 143639 INFO cm-test-18.0 odoo.addons.numa_poly.models.poly: [poly] Entering Phase 2: Final field stabilization and sanitization 
2026-03-25 01:25:16,734 143639 INFO cm-test-18.0 odoo.modules.registry: module crm: creating or updating database tables 
2026-03-25 01:25:17,071 143639 INFO cm-test-18.0 odoo.modules.loading: loading crm/security/crm_security.xml 
2026-03-25 01:25:17,086 143639 INFO cm-test-18.0 odoo.modules.loading: loading crm/security/ir.model.access.csv 
2026-03-25 01:25:17,092 143639 WARNING cm-test-18.0 odoo.addons.numa_poly.models.poly: [poly] Removing non-existent column 'flag_image' from res.lang query during boot. 
2026-03-25 01:25:17,132 143639 INFO cm-test-18.0 odoo.modules.loading: loading crm/data/crm_lead_merge_template.xml 
2026-03-25 01:25:17,142 143639 INFO cm-test-18.0 odoo.modules.loading: loading crm/data/crm_lead_prediction_data.xml 
2026-03-25 01:25:17,160 143639 INFO cm-test-18.0 odoo.modules.loading: loading crm/data/crm_lost_reason_data.xml 
2026-03-25 01:25:17,163 143639 INFO cm-test-18.0 odoo.modules.loading: loading crm/data/crm_stage_data.xml 
2026-03-25 01:25:17,167 143639 INFO cm-test-18.0 odoo.modules.loading: loading crm/data/crm_team_data.xml 
2026-03-25 01:25:17,171 143639 INFO cm-test-18.0 odoo.modules.loading: loading crm/data/digest_data.xml 
2026-03-25 01:25:17,177 143639 WARNING cm-test-18.0 odoo.addons.numa_poly.models.poly: [poly] Removing non-existent column 'flag_image' from res.lang query during boot. 
2026-03-25 01:25:17,195 143639 INFO cm-test-18.0 odoo.modules.loading: loading crm/data/ir_action_data.xml 
2026-03-25 01:25:17,206 143639 INFO cm-test-18.0 odoo.modules.loading: loading crm/data/ir_cron_data.xml 
2026-03-25 01:25:17,208 143639 INFO cm-test-18.0 odoo.modules.loading: loading crm/data/mail_message_subtype_data.xml 
2026-03-25 01:25:17,214 143639 INFO cm-test-18.0 odoo.modules.loading: loading crm/data/crm_recurring_plan_data.xml 
2026-03-25 01:25:17,218 143639 INFO cm-test-18.0 odoo.modules.loading: loading crm/data/crm_tour.xml 
2026-03-25 01:25:17,223 143639 INFO cm-test-18.0 odoo.modules.loading: loading crm/wizard/crm_lead_lost_views.xml 
2026-03-25 01:25:17,234 143639 INFO cm-test-18.0 odoo.modules.loading: loading crm/wizard/crm_lead_to_opportunity_views.xml 
2026-03-25 01:25:17,242 143639 INFO cm-test-18.0 odoo.modules.loading: loading crm/wizard/crm_lead_to_opportunity_mass_views.xml 
2026-03-25 01:25:17,249 143639 INFO cm-test-18.0 odoo.modules.loading: loading crm/wizard/crm_merge_opportunities_views.xml 
2026-03-25 01:25:17,256 143639 INFO cm-test-18.0 odoo.modules.loading: loading crm/wizard/crm_lead_pls_update_views.xml 
2026-03-25 01:25:17,263 143639 INFO cm-test-18.0 odoo.modules.loading: loading crm/views/calendar_views.xml 
2026-03-25 01:25:17,267 143639 WARNING cm-test-18.0 odoo.addons.numa_poly.models.poly: [poly] Removing non-existent column 'groups_id' from ir.ui.view query during boot. 
2026-03-25 01:25:17,271 143639 INFO cm-test-18.0 odoo.modules.loading: loading crm/views/crm_recurring_plan_views.xml 
2026-03-25 01:25:17,286 143639 INFO cm-test-18.0 odoo.modules.loading: loading crm/views/crm_lost_reason_views.xml 
2026-03-25 01:25:17,303 143639 INFO cm-test-18.0 odoo.modules.loading: loading crm/views/crm_stage_views.xml 
2026-03-25 01:25:17,322 143639 INFO cm-test-18.0 odoo.modules.loading: loading crm/views/crm_lead_views.xml 
2026-03-25 01:25:17,369 143639 WARNING cm-test-18.0 odoo.addons.numa_poly.models.poly: [poly] Removing non-existent column 'groups_id' from ir.ui.view query during boot. 
2026-03-25 01:25:17,393 143639 WARNING cm-test-18.0 odoo.addons.numa_poly.models.poly: [poly] Removing non-existent column 'groups_id' from ir.ui.view query during boot. 
2026-03-25 01:25:17,401 143639 WARNING cm-test-18.0 odoo.addons.numa_poly.models.poly: [poly] Removing non-existent column 'groups_id' from ir.ui.view query during boot. 
2026-03-25 01:25:17,408 143639 WARNING cm-test-18.0 odoo.addons.numa_poly.models.poly: [poly] Removing non-existent column 'groups_id' from ir.ui.view query during boot. 
2026-03-25 01:25:17,435 143639 WARNING cm-test-18.0 odoo.addons.numa_poly.models.poly: [poly] Removing non-existent column 'groups_id' from ir.ui.view query during boot. 
2026-03-25 01:25:17,481 143639 INFO cm-test-18.0 odoo.modules.loading: loading crm/views/crm_team_member_views.xml 
2026-03-25 01:25:17,485 143639 WARNING cm-test-18.0 odoo.addons.numa_poly.models.poly: [poly] Removing non-existent column 'groups_id' from ir.ui.view query during boot. 
2026-03-25 01:25:17,490 143639 WARNING cm-test-18.0 odoo.addons.numa_poly.models.poly: [poly] Removing non-existent column 'groups_id' from ir.ui.view query during boot. 
2026-03-25 01:25:17,496 143639 WARNING cm-test-18.0 odoo.addons.numa_poly.models.poly: [poly] Removing non-existent column 'groups_id' from ir.ui.view query during boot. 
2026-03-25 01:25:17,504 143639 INFO cm-test-18.0 odoo.modules.loading: loading crm/views/digest_views.xml 
2026-03-25 01:25:17,508 143639 WARNING cm-test-18.0 odoo.addons.numa_poly.models.poly: [poly] Removing non-existent column 'groups_id' from ir.ui.view query during boot. 
2026-03-25 01:25:17,513 143639 INFO cm-test-18.0 odoo.modules.loading: loading crm/views/mail_activity_plan_views.xml 
2026-03-25 01:25:17,519 143639 INFO cm-test-18.0 odoo.modules.loading: loading crm/views/mail_activity_views.xml 
2026-03-25 01:25:17,523 143639 INFO cm-test-18.0 odoo.modules.loading: loading crm/views/res_config_settings_views.xml 
2026-03-25 01:25:17,528 143639 WARNING cm-test-18.0 odoo.addons.numa_poly.models.poly: [poly] Removing non-existent column 'groups_id' from ir.ui.view query during boot. 
2026-03-25 01:25:17,542 143639 INFO cm-test-18.0 odoo.modules.loading: loading crm/views/res_partner_views.xml 
2026-03-25 01:25:17,546 143639 WARNING cm-test-18.0 odoo.addons.numa_poly.models.poly: [poly] Removing non-existent column 'groups_id' from ir.ui.view query during boot. 
2026-03-25 01:25:17,554 143639 WARNING cm-test-18.0 odoo.addons.numa_poly.models.poly: [poly] Removing non-existent column 'groups_id' from ir.ui.view query during boot. 
2026-03-25 01:25:17,561 143639 INFO cm-test-18.0 odoo.modules.loading: loading crm/views/utm_campaign_views.xml 
2026-03-25 01:25:17,565 143639 WARNING cm-test-18.0 odoo.addons.numa_poly.models.poly: [poly] Removing non-existent column 'groups_id' from ir.ui.view query during boot. 
2026-03-25 01:25:17,574 143639 WARNING cm-test-18.0 odoo.addons.numa_poly.models.poly: [poly] Removing non-existent column 'groups_id' from ir.ui.view query during boot. 
2026-03-25 01:25:17,579 143639 INFO cm-test-18.0 odoo.modules.loading: loading crm/report/crm_activity_report_views.xml 
2026-03-25 01:25:17,603 143639 INFO cm-test-18.0 odoo.modules.loading: loading crm/report/crm_opportunity_report_views.xml 
2026-03-25 01:25:17,607 143639 WARNING cm-test-18.0 odoo.addons.numa_poly.models.poly: [poly] Removing non-existent column 'groups_id' from ir.ui.view query during boot. 
2026-03-25 01:25:17,634 143639 WARNING cm-test-18.0 odoo.addons.numa_poly.models.poly: [poly] Removing non-existent column 'groups_id' from ir.ui.view query during boot. 
2026-03-25 01:25:17,657 143639 INFO cm-test-18.0 odoo.models.unlink: User #1 deleted ir.actions.act_window.view records with IDs: [9589, 9590, 9591] 
2026-03-25 01:25:17,660 143639 INFO cm-test-18.0 odoo.models.unlink: User #1 deleted ir.poly_base records with IDs: [9589, 9590, 9591] 
2026-03-25 01:25:17,670 143639 WARNING cm-test-18.0 odoo.addons.numa_poly.models.poly: [poly] Removing non-existent column 'flag_image' from res.lang query during boot. 
2026-03-25 01:25:17,674 143639 INFO cm-test-18.0 odoo.models.unlink: User #1 deleted ir.actions.act_window.view records with IDs: [9592, 9593, 9594, 9595] 
2026-03-25 01:25:17,676 143639 INFO cm-test-18.0 odoo.models.unlink: User #1 deleted ir.poly_base records with IDs: [9592, 9593, 9594, 9595] 
2026-03-25 01:25:17,680 143639 INFO cm-test-18.0 odoo.modules.loading: loading crm/views/crm_team_views.xml 
2026-03-25 01:25:17,686 143639 WARNING cm-test-18.0 odoo.addons.numa_poly.models.poly: [poly] Removing non-existent column 'flag_image' from res.lang query during boot. 
2026-03-25 01:25:17,690 143639 INFO cm-test-18.0 odoo.models.unlink: User #1 deleted ir.actions.act_window.view records with IDs: [9596, 9597] 
2026-03-25 01:25:17,692 143639 INFO cm-test-18.0 odoo.models.unlink: User #1 deleted ir.poly_base records with IDs: [9596, 9597] 
2026-03-25 01:25:17,699 143639 WARNING cm-test-18.0 odoo.addons.numa_poly.models.poly: [poly] Removing non-existent column 'flag_image' from res.lang query during boot. 
2026-03-25 01:25:17,717 143639 WARNING cm-test-18.0 odoo.addons.numa_poly.models.poly: [poly] Removing non-existent column 'groups_id' from ir.ui.view query during boot. 
2026-03-25 01:25:17,722 143639 WARNING cm-test-18.0 odoo.addons.numa_poly.models.poly: [poly] Removing non-existent column 'groups_id' from ir.ui.view query during boot. 
2026-03-25 01:25:17,739 143639 WARNING cm-test-18.0 odoo.addons.numa_poly.models.poly: [poly] Removing non-existent column 'groups_id' from ir.ui.view query during boot. 
2026-03-25 01:25:17,745 143639 INFO cm-test-18.0 odoo.modules.loading: loading crm/views/crm_menu_views.xml 
2026-03-25 01:25:17,864 143639 INFO cm-test-18.0 odoo.modules.loading: loading crm/views/crm_helper_templates.xml 
2026-03-25 01:25:17,870 143639 INFO cm-test-18.0 odoo.modules.loading: Module crm: loading demo 
2026-03-25 01:25:17,871 143639 INFO cm-test-18.0 odoo.modules.loading: loading crm/data/crm_team_demo.xml 
2026-03-25 01:25:17,874 143639 INFO cm-test-18.0 odoo.modules.loading: loading crm/data/mail_template_demo.xml 
2026-03-25 01:25:17,878 143639 INFO cm-test-18.0 odoo.modules.loading: loading crm/data/crm_team_member_demo.xml 
2026-03-25 01:25:17,883 143639 INFO cm-test-18.0 odoo.modules.loading: loading crm/data/mail_activity_type_demo.xml 
2026-03-25 01:25:17,887 143639 INFO cm-test-18.0 odoo.modules.loading: loading crm/data/crm_lead_demo.xml 
2026-03-25 01:25:17,922 143639 WARNING cm-test-18.0 odoo.addons.numa_poly.models.poly: [poly] Removing non-existent column 'dependencies_id' from ir.module.module query during boot. 
2026-03-25 01:25:17,922 143639 INFO cm-test-18.0 odoo.addons.base.models.ir_module: module crm: loading translation file /home/gamarino/odoo/numa-public-odoo-18.0-numa/addons/crm/i18n/es.po for language es_AR 
2026-03-25 01:25:17,922 143639 INFO cm-test-18.0 odoo.tools.translate: loading base translation file /home/gamarino/odoo/numa-public-odoo-18.0-numa/addons/crm/i18n/es.po for language es_AR 
2026-03-25 01:25:17,949 143639 INFO cm-test-18.0 odoo.addons.base.models.ir_module: module crm: loading translation file /home/gamarino/odoo/numa-public-odoo-18.0-numa/addons/crm/i18n/es_419.po for language es_AR 
2026-03-25 01:25:17,950 143639 INFO cm-test-18.0 odoo.tools.translate: loading base translation file /home/gamarino/odoo/numa-public-odoo-18.0-numa/addons/crm/i18n/es_419.po for language es_AR 
2026-03-25 01:25:18,083 143639 INFO cm-test-18.0 odoo.modules.loading: Module crm loaded in 5.44s, 3220 queries (+3220 other) 
2026-03-25 01:25:18,083 143639 INFO cm-test-18.0 odoo.modules.loading: Loading module hr (75/211) 
2026-03-25 01:25:18,090 143639 INFO cm-test-18.0 odoo.addons.numa_poly.models.poly: [poly] Entering Phase 1: MRO Injection and attribute building 
2026-03-25 01:25:19,224 143639 INFO cm-test-18.0 odoo.addons.numa_poly.models.poly: [poly] Entering Phase 2: Final field stabilization and sanitization 
2026-03-25 01:25:19,335 143639 INFO cm-test-18.0 odoo.addons.numa_poly.models.poly: [poly] Entering Phase 1: MRO Injection and attribute building 
2026-03-25 01:25:20,645 143639 INFO cm-test-18.0 odoo.addons.numa_poly.models.poly: [poly] Entering Phase 2: Final field stabilization and sanitization 
2026-03-25 01:25:20,745 143639 INFO cm-test-18.0 odoo.addons.numa_poly.models.poly: [poly] Entering Phase 1: MRO Injection and attribute building 
2026-03-25 01:25:22,093 143639 INFO cm-test-18.0 odoo.addons.numa_poly.models.poly: [poly] Entering Phase 2: Final field stabilization and sanitization 
2026-03-25 01:25:22,447 143639 INFO cm-test-18.0 odoo.modules.registry: module hr: creating or updating database tables 
2026-03-25 01:25:23,732 143639 WARNING cm-test-18.0 odoo.addons.base.models.ir_model: Two fields (property_cost_currency_id, cost_currency_id) of product.template() have the same label: Cost Currency. [Modules: numa_product_multi_currency and product] 
2026-03-25 01:25:23,733 143639 WARNING cm-test-18.0 odoo.addons.base.models.ir_model: Two fields (property_cost_currency_id, cost_currency_id) of product.product() have the same label: Cost Currency. [Modules: None and None] 
<string>:49: (WARNING/2) Title underline too short.

Time Off Management
-----------------
<string>:49: (WARNING/2) Title underline too short.

Time Off Management
-----------------
2026-03-25 01:25:25,798 143639 INFO cm-test-18.0 odoo.modules.loading: loading hr/security/hr_security.xml 
2026-03-25 01:25:25,803 143639 WARNING cm-test-18.0 odoo.addons.numa_poly.models.poly: [poly] Removing non-existent column 'implied_ids' from res.groups query during boot. 
2026-03-25 01:25:25,813 143639 WARNING cm-test-18.0 odoo.addons.numa_poly.models.poly: [poly] Removing non-existent column 'users' from res.groups query during boot. 
2026-03-25 01:25:25,824 143639 WARNING cm-test-18.0 odoo.addons.numa_poly.models.poly: [poly] Removing non-existent column 'implied_ids' from res.groups query during boot. 
2026-03-25 01:25:25,833 143639 WARNING cm-test-18.0 odoo.addons.numa_poly.models.poly: [poly] Removing non-existent column 'users' from res.groups query during boot. 
2026-03-25 01:25:25,847 143639 INFO cm-test-18.0 odoo.modules.loading: loading hr/security/ir.model.access.csv 
2026-03-25 01:25:25,848 143639 WARNING cm-test-18.0 odoo.addons.numa_poly.models.poly: [poly] Removing non-existent column 'groups_id' from res.users query during boot. 
2026-03-25 01:25:25,858 143639 WARNING cm-test-18.0 odoo.addons.numa_poly.models.poly: [poly] Removing non-existent column 'flag_image' from res.lang query during boot. 
2026-03-25 01:25:25,882 143639 INFO cm-test-18.0 odoo.modules.loading: loading hr/data/digest_data.xml 
2026-03-25 01:25:25,886 143639 WARNING cm-test-18.0 odoo.addons.numa_poly.models.poly: [poly] Removing non-existent column 'flag_image' from res.lang query during boot. 
2026-03-25 01:25:25,888 143639 INFO cm-test-18.0 odoo.modules.loading: loading hr/data/report_paperformat.xml 
2026-03-25 01:25:25,902 143639 INFO cm-test-18.0 odoo.modules.loading: loading hr/wizard/hr_departure_wizard_views.xml 
2026-03-25 01:25:25,911 143639 INFO cm-test-18.0 odoo.modules.loading: loading hr/wizard/mail_activity_schedule_views.xml 
2026-03-25 01:25:25,915 143639 WARNING cm-test-18.0 odoo.addons.numa_poly.models.poly: [poly] Removing non-existent column 'groups_id' from ir.ui.view query during boot. 
2026-03-25 01:25:25,921 143639 INFO cm-test-18.0 odoo.modules.loading: loading hr/views/mail_activity_plan_views.xml 
2026-03-25 01:25:25,925 143639 WARNING cm-test-18.0 odoo.addons.numa_poly.models.poly: [poly] Removing non-existent column 'groups_id' from ir.ui.view query during boot. 
2026-03-25 01:25:25,931 143639 WARNING cm-test-18.0 odoo.addons.numa_poly.models.poly: [poly] Removing non-existent column 'groups_id' from ir.ui.view query during boot. 
2026-03-25 01:25:25,938 143639 WARNING cm-test-18.0 odoo.addons.numa_poly.models.poly: [poly] Removing non-existent column 'groups_id' from ir.ui.view query during boot. 
2026-03-25 01:25:25,946 143639 WARNING cm-test-18.0 odoo.addons.numa_poly.models.poly: [poly] Removing non-existent column 'groups_id' from ir.ui.view query during boot. 
2026-03-25 01:25:25,960 143639 INFO cm-test-18.0 odoo.modules.loading: loading hr/views/hr_departure_reason_views.xml 
2026-03-25 01:25:25,971 143639 INFO cm-test-18.0 odoo.modules.loading: loading hr/views/hr_contract_type_views.xml 
2026-03-25 01:25:25,984 143639 INFO cm-test-18.0 odoo.modules.loading: loading hr/views/hr_job_views.xml 
2026-03-25 01:25:26,010 143639 INFO cm-test-18.0 odoo.modules.loading: loading hr/views/hr_employee_category_views.xml 
2026-03-25 01:25:26,024 143639 INFO cm-test-18.0 odoo.modules.loading: loading hr/views/hr_employee_public_views.xml 
2026-03-25 01:25:26,056 143639 INFO cm-test-18.0 odoo.modules.loading: loading hr/report/hr_employee_badge.xml 
2026-03-25 01:25:26,066 143639 INFO cm-test-18.0 odoo.modules.loading: loading hr/views/hr_employee_views.xml 
2026-03-25 01:25:26,106 143639 WARNING cm-test-18.0 odoo.addons.numa_poly.models.poly: [poly] Removing non-existent column 'groups_id' from ir.ui.view query during boot. 
2026-03-25 01:25:26,129 143639 INFO cm-test-18.0 odoo.modules.loading: loading hr/views/hr_department_views.xml 
2026-03-25 01:25:26,164 143639 INFO cm-test-18.0 odoo.modules.loading: loading hr/views/hr_work_location_views.xml 
2026-03-25 01:25:26,177 143639 INFO cm-test-18.0 odoo.modules.loading: loading hr/views/hr_views.xml 
2026-03-25 01:25:26,249 143639 INFO cm-test-18.0 odoo.modules.loading: loading hr/views/res_config_settings_views.xml 
2026-03-25 01:25:26,253 143639 WARNING cm-test-18.0 odoo.addons.numa_poly.models.poly: [poly] Removing non-existent column 'groups_id' from ir.ui.view query during boot. 
2026-03-25 01:25:26,274 143639 INFO cm-test-18.0 odoo.modules.loading: loading hr/views/res_partner_views.xml 
2026-03-25 01:25:26,278 143639 WARNING cm-test-18.0 odoo.addons.numa_poly.models.poly: [poly] Removing non-existent column 'groups_id' from ir.ui.view query during boot. 
2026-03-25 01:25:26,289 143639 WARNING cm-test-18.0 odoo.addons.numa_poly.models.poly: [poly] Removing non-existent column 'groups_id' from ir.ui.view query during boot. 
2026-03-25 01:25:26,295 143639 INFO cm-test-18.0 odoo.modules.loading: loading hr/views/discuss_channel_views.xml 
2026-03-25 01:25:26,299 143639 WARNING cm-test-18.0 odoo.addons.numa_poly.models.poly: [poly] Removing non-existent column 'groups_id' from ir.ui.view query during boot. 
2026-03-25 01:25:26,302 143639 INFO cm-test-18.0 odoo.modules.loading: loading hr/views/res_users.xml 
2026-03-25 01:25:26,307 143639 WARNING cm-test-18.0 odoo.addons.numa_poly.models.poly: [poly] Removing non-existent column 'groups_id' from ir.ui.view query during boot. 
2026-03-25 01:25:26,315 143639 WARNING cm-test-18.0 odoo.addons.numa_poly.models.poly: [poly] Removing non-existent column 'groups_id' from ir.ui.view query during boot. 
2026-03-25 01:25:26,322 143639 WARNING cm-test-18.0 odoo.addons.numa_poly.models.poly: [poly] Removing non-existent column 'groups_id' from ir.ui.view query during boot. 
2026-03-25 01:25:26,331 143639 WARNING cm-test-18.0 odoo.addons.numa_poly.models.poly: [poly] Removing non-existent column 'groups_id' from ir.ui.view query during boot. 
2026-03-25 01:25:26,338 143639 WARNING cm-test-18.0 odoo.addons.numa_poly.models.poly: [poly] Removing non-existent column 'groups_id' from ir.ui.view query during boot. 
2026-03-25 01:25:26,346 143639 WARNING cm-test-18.0 odoo.addons.numa_poly.models.poly: [poly] Removing non-existent column 'groups_id' from ir.ui.view query during boot. 
2026-03-25 01:25:26,352 143639 INFO cm-test-18.0 odoo.modules.loading: loading hr/views/hr_templates.xml 
2026-03-25 01:25:26,359 143639 INFO cm-test-18.0 odoo.modules.loading: loading hr/data/hr_data.xml 
2026-03-25 01:25:26,374 143639 INFO cm-test-18.0 odoo.modules.loading: Module hr: loading demo 
2026-03-25 01:25:26,374 143639 INFO cm-test-18.0 odoo.modules.loading: loading hr/data/hr_demo.xml 
2026-03-25 01:25:26,404 143639 WARNING cm-test-18.0 odoo.addons.numa_poly.models.poly: [poly] Removing non-existent column 'dependencies_id' from ir.module.module query during boot. 
2026-03-25 01:25:26,405 143639 INFO cm-test-18.0 odoo.addons.base.models.ir_module: module hr: loading translation file /home/gamarino/odoo/numa-public-odoo-18.0-numa/addons/hr/i18n/es.po for language es_AR 
2026-03-25 01:25:26,405 143639 INFO cm-test-18.0 odoo.tools.translate: loading base translation file /home/gamarino/odoo/numa-public-odoo-18.0-numa/addons/hr/i18n/es.po for language es_AR 
2026-03-25 01:25:26,432 143639 INFO cm-test-18.0 odoo.addons.base.models.ir_module: module hr: loading translation file /home/gamarino/odoo/numa-public-odoo-18.0-numa/addons/hr/i18n/es_419.po for language es_AR 
2026-03-25 01:25:26,433 143639 INFO cm-test-18.0 odoo.tools.translate: loading base translation file /home/gamarino/odoo/numa-public-odoo-18.0-numa/addons/hr/i18n/es_419.po for language es_AR 
2026-03-25 01:25:26,562 143639 INFO cm-test-18.0 odoo.modules.loading: Module hr loaded in 8.48s, 5966 queries (+5966 other) 
2026-03-25 01:25:26,562 143639 INFO cm-test-18.0 odoo.modules.loading: Loading module mass_mailing (76/211) 
2026-03-25 01:25:26,569 143639 INFO cm-test-18.0 odoo.addons.numa_poly.models.poly: [poly] Entering Phase 1: MRO Injection and attribute building 
2026-03-25 01:25:27,846 143639 INFO cm-test-18.0 odoo.addons.numa_poly.models.poly: [poly] Entering Phase 2: Final field stabilization and sanitization 
2026-03-25 01:25:27,980 143639 INFO cm-test-18.0 odoo.addons.numa_poly.models.poly: [poly] Entering Phase 1: MRO Injection and attribute building 
2026-03-25 01:25:29,549 143639 INFO cm-test-18.0 odoo.addons.numa_poly.models.poly: [poly] Entering Phase 2: Final field stabilization and sanitization 
2026-03-25 01:25:29,652 143639 INFO cm-test-18.0 odoo.addons.numa_poly.models.poly: [poly] Entering Phase 1: MRO Injection and attribute building 
2026-03-25 01:25:31,030 143639 INFO cm-test-18.0 odoo.addons.numa_poly.models.poly: [poly] Entering Phase 2: Final field stabilization and sanitization 
2026-03-25 01:25:31,375 143639 INFO cm-test-18.0 odoo.modules.registry: module mass_mailing: creating or updating database tables 
2026-03-25 01:25:31,640 143639 WARNING cm-test-18.0 odoo.addons.base.models.ir_model: Two fields (property_cost_currency_id, cost_currency_id) of product.template() have the same label: Cost Currency. [Modules: numa_product_multi_currency and product] 
2026-03-25 01:25:31,640 143639 WARNING cm-test-18.0 odoo.addons.base.models.ir_model: Two fields (property_cost_currency_id, cost_currency_id) of product.product() have the same label: Cost Currency. [Modules: None and None] 
2026-03-25 01:25:32,227 143639 INFO cm-test-18.0 odoo.modules.loading: loading mass_mailing/security/res_groups_data.xml 
2026-03-25 01:25:32,231 143639 WARNING cm-test-18.0 odoo.addons.numa_poly.models.poly: [poly] Removing non-existent column 'implied_ids' from res.groups query during boot. 
2026-03-25 01:25:32,243 143639 WARNING cm-test-18.0 odoo.addons.numa_poly.models.poly: [poly] Removing non-existent column 'users' from res.groups query during boot. 
2026-03-25 01:25:32,256 143639 WARNING cm-test-18.0 odoo.addons.numa_poly.models.poly: [poly] Removing non-existent column 'groups_id' from res.users query during boot. 
2026-03-25 01:25:32,263 143639 INFO cm-test-18.0 odoo.modules.loading: loading mass_mailing/security/ir.model.access.csv 
2026-03-25 01:25:32,268 143639 WARNING cm-test-18.0 odoo.addons.numa_poly.models.poly: [poly] Removing non-existent column 'flag_image' from res.lang query during boot. 
2026-03-25 01:25:32,303 143639 INFO cm-test-18.0 odoo.modules.loading: loading mass_mailing/data/digest_data.xml 
2026-03-25 01:25:32,309 143639 WARNING cm-test-18.0 odoo.addons.numa_poly.models.poly: [poly] Removing non-existent column 'groups_id' from ir.ui.view query during boot. 
2026-03-25 01:25:32,313 143639 INFO cm-test-18.0 odoo.modules.loading: loading mass_mailing/data/ir_attachment_data.xml 
2026-03-25 01:25:32,341 143639 INFO cm-test-18.0 odoo.modules.loading: loading mass_mailing/data/ir_config_parameter_data.xml 
2026-03-25 01:25:32,343 143639 INFO cm-test-18.0 odoo.modules.loading: loading mass_mailing/data/ir_cron_data.xml 
2026-03-25 01:25:32,346 143639 INFO cm-test-18.0 odoo.modules.loading: loading mass_mailing/data/ir_module_data.xml 
2026-03-25 01:25:32,349 143639 INFO cm-test-18.0 odoo.modules.loading: loading mass_mailing/data/mailing_data_templates.xml 
2026-03-25 01:25:32,362 143639 INFO cm-test-18.0 odoo.modules.loading: loading mass_mailing/data/mailing_list_contact.xml 
2026-03-25 01:25:32,365 143639 INFO cm-test-18.0 odoo.modules.loading: loading mass_mailing/data/mailing_subscription_optout.xml 
2026-03-25 01:25:32,372 143639 INFO cm-test-18.0 odoo.modules.loading: loading mass_mailing/data/mailing_subscription.xml 
2026-03-25 01:25:32,375 143639 INFO cm-test-18.0 odoo.modules.loading: loading mass_mailing/data/res_users_data.xml 
2026-03-25 01:25:32,377 143639 INFO cm-test-18.0 odoo.modules.loading: loading mass_mailing/data/mass_mailing_tour.xml 
2026-03-25 01:25:32,381 143639 WARNING cm-test-18.0 odoo.addons.numa_poly.models.poly: [poly] Removing non-existent column 'flag_image' from res.lang query during boot. 
2026-03-25 01:25:32,383 143639 INFO cm-test-18.0 odoo.modules.loading: loading mass_mailing/wizard/mail_compose_message_views.xml 
2026-03-25 01:25:32,388 143639 WARNING cm-test-18.0 odoo.addons.numa_poly.models.poly: [poly] Removing non-existent column 'groups_id' from ir.ui.view query during boot. 
2026-03-25 01:25:32,393 143639 INFO cm-test-18.0 odoo.modules.loading: loading mass_mailing/wizard/mailing_contact_import_views.xml 
2026-03-25 01:25:32,402 143639 INFO cm-test-18.0 odoo.modules.loading: loading mass_mailing/wizard/mailing_contact_to_list_views.xml 
2026-03-25 01:25:32,409 143639 INFO cm-test-18.0 odoo.modules.loading: loading mass_mailing/wizard/mailing_list_merge_views.xml 
2026-03-25 01:25:32,417 143639 INFO cm-test-18.0 odoo.modules.loading: loading mass_mailing/wizard/mailing_mailing_test_views.xml 
2026-03-25 01:25:32,425 143639 INFO cm-test-18.0 odoo.modules.loading: loading mass_mailing/wizard/mailing_mailing_schedule_date_views.xml 
2026-03-25 01:25:32,433 143639 INFO cm-test-18.0 odoo.modules.loading: loading mass_mailing/report/mailing_trace_report_views.xml 
2026-03-25 01:25:32,457 143639 INFO cm-test-18.0 odoo.modules.loading: loading mass_mailing/views/mail_blacklist_views.xml 
2026-03-25 01:25:32,461 143639 WARNING cm-test-18.0 odoo.addons.numa_poly.models.poly: [poly] Removing non-existent column 'groups_id' from ir.ui.view query during boot. 
2026-03-25 01:25:32,466 143639 WARNING cm-test-18.0 odoo.addons.numa_poly.models.poly: [poly] Removing non-existent column 'groups_id' from ir.ui.view query during boot. 
2026-03-25 01:25:32,474 143639 WARNING cm-test-18.0 odoo.addons.numa_poly.models.poly: [poly] Removing non-existent column 'groups_id' from ir.ui.view query during boot. 
2026-03-25 01:25:32,477 143639 INFO cm-test-18.0 odoo.modules.loading: loading mass_mailing/views/mailing_filter_views.xml 
2026-03-25 01:25:32,497 143639 INFO cm-test-18.0 odoo.modules.loading: loading mass_mailing/views/mailing_mobile_preview_content.xml 
2026-03-25 01:25:32,504 143639 INFO cm-test-18.0 odoo.modules.loading: loading mass_mailing/views/mailing_trace_views.xml 
2026-03-25 01:25:32,532 143639 INFO cm-test-18.0 odoo.modules.loading: loading mass_mailing/views/link_tracker_views.xml 
2026-03-25 01:25:32,536 143639 WARNING cm-test-18.0 odoo.addons.numa_poly.models.poly: [poly] Removing non-existent column 'groups_id' from ir.ui.view query during boot. 
2026-03-25 01:25:32,542 143639 WARNING cm-test-18.0 odoo.addons.numa_poly.models.poly: [poly] Removing non-existent column 'groups_id' from ir.ui.view query during boot. 
2026-03-25 01:25:32,548 143639 WARNING cm-test-18.0 odoo.addons.numa_poly.models.poly: [poly] Removing non-existent column 'groups_id' from ir.ui.view query during boot. 
2026-03-25 01:25:32,553 143639 WARNING cm-test-18.0 odoo.addons.numa_poly.models.poly: [poly] Removing non-existent column 'groups_id' from ir.ui.view query during boot. 
2026-03-25 01:25:32,558 143639 WARNING cm-test-18.0 odoo.addons.numa_poly.models.poly: [poly] Removing non-existent column 'groups_id' from ir.ui.view query during boot. 
2026-03-25 01:25:32,565 143639 WARNING cm-test-18.0 odoo.addons.numa_poly.models.poly: [poly] Removing non-existent column 'groups_id' from ir.ui.view query during boot. 
2026-03-25 01:25:32,568 143639 INFO cm-test-18.0 odoo.modules.loading: loading mass_mailing/views/mailing_contact_views.xml 
2026-03-25 01:25:32,599 143639 INFO cm-test-18.0 odoo.modules.loading: loading mass_mailing/views/mailing_list_views.xml 
2026-03-25 01:25:32,626 143639 INFO cm-test-18.0 odoo.modules.loading: loading mass_mailing/views/mailing_mailing_views.xml 
2026-03-25 01:25:32,673 143639 INFO cm-test-18.0 odoo.modules.loading: loading mass_mailing/views/mailing_subscription_optout_views.xml 
2026-03-25 01:25:32,689 143639 INFO cm-test-18.0 odoo.modules.loading: loading mass_mailing/views/mailing_subscription_views.xml 
2026-03-25 01:25:32,715 143639 INFO cm-test-18.0 odoo.modules.loading: loading mass_mailing/views/res_config_settings_views.xml 
2026-03-25 01:25:32,719 143639 WARNING cm-test-18.0 odoo.addons.numa_poly.models.poly: [poly] Removing non-existent column 'groups_id' from ir.ui.view query during boot. 
2026-03-25 01:25:32,735 143639 INFO cm-test-18.0 odoo.modules.loading: loading mass_mailing/views/utm_campaign_views.xml 
2026-03-25 01:25:32,741 143639 WARNING cm-test-18.0 odoo.addons.numa_poly.models.poly: [poly] Removing non-existent column 'groups_id' from ir.ui.view query during boot. 
2026-03-25 01:25:32,749 143639 WARNING cm-test-18.0 odoo.addons.numa_poly.models.poly: [poly] Removing non-existent column 'groups_id' from ir.ui.view query during boot. 
2026-03-25 01:25:32,758 143639 INFO cm-test-18.0 odoo.modules.loading: loading mass_mailing/views/mailing_menus.xml 
2026-03-25 01:25:32,833 143639 INFO cm-test-18.0 odoo.modules.loading: loading mass_mailing/views/mailing_templates_portal_layouts.xml 
2026-03-25 01:25:32,839 143639 INFO cm-test-18.0 odoo.modules.loading: loading mass_mailing/views/mailing_templates_portal_management.xml 
2026-03-25 01:25:32,856 143639 INFO cm-test-18.0 odoo.modules.loading: loading mass_mailing/views/mailing_templates_portal_unsubscribe.xml 
2026-03-25 01:25:32,869 143639 INFO cm-test-18.0 odoo.modules.loading: loading mass_mailing/views/themes_templates.xml 
2026-03-25 01:25:32,887 143639 INFO cm-test-18.0 odoo.modules.loading: loading mass_mailing/views/snippets_themes.xml 
2026-03-25 01:25:32,959 143639 WARNING cm-test-18.0 odoo.addons.numa_poly.models.poly: [poly] Removing non-existent column 'groups_id' from ir.ui.view query during boot. 
2026-03-25 01:25:32,970 143639 WARNING cm-test-18.0 odoo.addons.numa_poly.models.poly: [poly] Removing non-existent column 'groups_id' from ir.ui.view query during boot. 
2026-03-25 01:25:32,980 143639 INFO cm-test-18.0 odoo.modules.loading: loading mass_mailing/views/snippets/s_alert.xml 
2026-03-25 01:25:32,990 143639 WARNING cm-test-18.0 odoo.addons.numa_poly.models.poly: [poly] Removing non-existent column 'groups_id' from ir.ui.view query during boot. 
2026-03-25 01:25:32,999 143639 INFO cm-test-18.0 odoo.modules.loading: loading mass_mailing/views/snippets/s_blockquote.xml 
2026-03-25 01:25:33,005 143639 INFO cm-test-18.0 odoo.modules.loading: loading mass_mailing/views/snippets/s_call_to_action.xml 
2026-03-25 01:25:33,012 143639 INFO cm-test-18.0 odoo.modules.loading: loading mass_mailing/views/snippets/s_coupon_code.xml 
2026-03-25 01:25:33,019 143639 INFO cm-test-18.0 odoo.modules.loading: loading mass_mailing/views/snippets/s_cover.xml 
2026-03-25 01:25:33,026 143639 INFO cm-test-18.0 odoo.modules.loading: loading mass_mailing/views/snippets/s_color_blocks_2.xml 
2026-03-25 01:25:33,033 143639 INFO cm-test-18.0 odoo.modules.loading: loading mass_mailing/views/snippets/s_company_team.xml 
2026-03-25 01:25:33,041 143639 INFO cm-test-18.0 odoo.modules.loading: loading mass_mailing/views/snippets/s_comparisons.xml 
2026-03-25 01:25:33,048 143639 INFO cm-test-18.0 odoo.modules.loading: loading mass_mailing/views/snippets/s_event.xml 
2026-03-25 01:25:33,055 143639 INFO cm-test-18.0 odoo.modules.loading: loading mass_mailing/views/snippets/s_features.xml 
2026-03-25 01:25:33,062 143639 INFO cm-test-18.0 odoo.modules.loading: loading mass_mailing/views/snippets/s_features_grid.xml 
2026-03-25 01:25:33,070 143639 INFO cm-test-18.0 odoo.modules.loading: loading mass_mailing/views/snippets/s_hr.xml 
2026-03-25 01:25:33,077 143639 WARNING cm-test-18.0 odoo.addons.numa_poly.models.poly: [poly] Removing non-existent column 'groups_id' from ir.ui.view query during boot. 
2026-03-25 01:25:33,083 143639 WARNING cm-test-18.0 odoo.addons.numa_poly.models.poly: [poly] Removing non-existent column 'groups_id' from ir.ui.view query during boot. 
2026-03-25 01:25:33,090 143639 INFO cm-test-18.0 odoo.modules.loading: loading mass_mailing/views/snippets/s_image_text.xml 
2026-03-25 01:25:33,097 143639 INFO cm-test-18.0 odoo.modules.loading: loading mass_mailing/views/snippets/s_masonry_block.xml 
2026-03-25 01:25:33,165 143639 WARNING cm-test-18.0 odoo.addons.numa_poly.models.poly: [poly] Removing non-existent column 'groups_id' from ir.ui.view query during boot. 
2026-03-25 01:25:33,172 143639 INFO cm-test-18.0 odoo.modules.loading: loading mass_mailing/views/snippets/s_media_list.xml 
2026-03-25 01:25:33,180 143639 INFO cm-test-18.0 odoo.modules.loading: loading mass_mailing/views/snippets/s_numbers.xml 
2026-03-25 01:25:33,186 143639 INFO cm-test-18.0 odoo.modules.loading: loading mass_mailing/views/snippets/s_picture.xml 
2026-03-25 01:25:33,193 143639 INFO cm-test-18.0 odoo.modules.loading: loading mass_mailing/views/snippets/s_product_list.xml 
2026-03-25 01:25:33,200 143639 INFO cm-test-18.0 odoo.modules.loading: loading mass_mailing/views/snippets/s_rating.xml 
2026-03-25 01:25:33,209 143639 WARNING cm-test-18.0 odoo.addons.numa_poly.models.poly: [poly] Removing non-existent column 'groups_id' from ir.ui.view query during boot. 
2026-03-25 01:25:33,218 143639 INFO cm-test-18.0 odoo.modules.loading: loading mass_mailing/views/snippets/s_references.xml 
2026-03-25 01:25:33,226 143639 INFO cm-test-18.0 odoo.modules.loading: loading mass_mailing/views/snippets/s_showcase.xml 
2026-03-25 01:25:33,235 143639 INFO cm-test-18.0 odoo.modules.loading: loading mass_mailing/views/snippets/s_text_block.xml 
2026-03-25 01:25:33,244 143639 INFO cm-test-18.0 odoo.modules.loading: loading mass_mailing/views/snippets/s_text_highlight.xml 
2026-03-25 01:25:33,252 143639 INFO cm-test-18.0 odoo.modules.loading: loading mass_mailing/views/snippets/s_text_image.xml 
2026-03-25 01:25:33,261 143639 INFO cm-test-18.0 odoo.modules.loading: loading mass_mailing/views/snippets/s_three_columns.xml 
2026-03-25 01:25:33,270 143639 INFO cm-test-18.0 odoo.modules.loading: loading mass_mailing/views/snippets/s_title.xml 
2026-03-25 01:25:33,279 143639 INFO cm-test-18.0 odoo.modules.loading: Module mass_mailing: loading demo 
2026-03-25 01:25:33,279 143639 INFO cm-test-18.0 odoo.modules.loading: loading mass_mailing/demo/utm.xml 
2026-03-25 01:25:33,284 143639 INFO cm-test-18.0 odoo.modules.loading: loading mass_mailing/demo/mailing_list_contact.xml 
2026-03-25 01:25:33,292 143639 INFO cm-test-18.0 odoo.modules.loading: loading mass_mailing/demo/mailing_subscription.xml 
2026-03-25 01:25:33,299 143639 INFO cm-test-18.0 odoo.modules.loading: loading mass_mailing/demo/mailing_mailing.xml 
2026-03-25 01:25:33,303 143639 INFO cm-test-18.0 odoo.modules.loading: loading mass_mailing/demo/mailing_trace.xml 
2026-03-25 01:25:33,314 143639 WARNING cm-test-18.0 odoo.addons.numa_poly.models.poly: [poly] Removing non-existent column 'dependencies_id' from ir.module.module query during boot. 
2026-03-25 01:25:33,315 143639 INFO cm-test-18.0 odoo.addons.base.models.ir_module: module mass_mailing: loading translation file /home/gamarino/odoo/numa-public-odoo-18.0-numa/addons/mass_mailing/i18n/es.po for language es_AR 
2026-03-25 01:25:33,315 143639 INFO cm-test-18.0 odoo.tools.translate: loading base translation file /home/gamarino/odoo/numa-public-odoo-18.0-numa/addons/mass_mailing/i18n/es.po for language es_AR 
2026-03-25 01:25:33,353 143639 INFO cm-test-18.0 odoo.addons.base.models.ir_module: module mass_mailing: loading translation file /home/gamarino/odoo/numa-public-odoo-18.0-numa/addons/mass_mailing/i18n/es_419.po for language es_AR 
2026-03-25 01:25:33,353 143639 INFO cm-test-18.0 odoo.tools.translate: loading base translation file /home/gamarino/odoo/numa-public-odoo-18.0-numa/addons/mass_mailing/i18n/es_419.po for language es_AR 
2026-03-25 01:25:33,566 143639 INFO cm-test-18.0 odoo.modules.loading: Module mass_mailing loaded in 7.00s, 3839 queries (+3839 other) 
2026-03-25 01:25:33,566 143639 INFO cm-test-18.0 odoo.modules.loading: Loading module project (77/211) 
2026-03-25 01:25:33,573 143639 INFO cm-test-18.0 odoo.addons.numa_poly.models.poly: [poly] Entering Phase 1: MRO Injection and attribute building 
2026-03-25 01:25:35,126 143639 INFO cm-test-18.0 odoo.addons.numa_poly.models.poly: [poly] Entering Phase 2: Final field stabilization and sanitization 
2026-03-25 01:25:35,246 143639 INFO cm-test-18.0 odoo.addons.numa_poly.models.poly: [poly] Entering Phase 1: MRO Injection and attribute building 
2026-03-25 01:25:36,767 143639 INFO cm-test-18.0 odoo.addons.numa_poly.models.poly: [poly] Entering Phase 2: Final field stabilization and sanitization 
2026-03-25 01:25:36,876 143639 INFO cm-test-18.0 odoo.addons.numa_poly.models.poly: [poly] Entering Phase 1: MRO Injection and attribute building 
2026-03-25 01:25:38,445 143639 INFO cm-test-18.0 odoo.addons.numa_poly.models.poly: [poly] Entering Phase 2: Final field stabilization and sanitization 
2026-03-25 01:25:38,774 143639 INFO cm-test-18.0 odoo.modules.registry: module project: creating or updating database tables 
2026-03-25 01:25:39,168 143639 INFO cm-test-18.0 odoo.modules.loading: loading project/security/project_security.xml 
2026-03-25 01:25:39,173 143639 WARNING cm-test-18.0 odoo.addons.numa_poly.models.poly: [poly] Removing non-existent column 'implied_ids' from res.groups query during boot. 
2026-03-25 01:25:39,183 143639 WARNING cm-test-18.0 odoo.addons.numa_poly.models.poly: [poly] Removing non-existent column 'users' from res.groups query during boot. 
2026-03-25 01:25:39,198 143639 WARNING cm-test-18.0 odoo.addons.numa_poly.models.poly: [poly] Removing non-existent column 'implied_ids' from res.groups query during boot. 
2026-03-25 01:25:39,205 143639 WARNING cm-test-18.0 odoo.addons.numa_poly.models.poly: [poly] Removing non-existent column 'users' from res.groups query during boot. 
2026-03-25 01:25:39,217 143639 WARNING cm-test-18.0 odoo.addons.numa_poly.models.poly: [poly] Removing non-existent column 'implied_ids' from res.groups query during boot. 
2026-03-25 01:25:39,217 143639 WARNING cm-test-18.0 odoo.addons.numa_poly.models.poly: [poly] Removing non-existent column 'groups_id' from res.users query during boot. 
2026-03-25 01:25:39,228 143639 WARNING cm-test-18.0 odoo.addons.numa_poly.models.poly: [poly] Removing non-existent column 'users' from res.groups query during boot. 
2026-03-25 01:25:39,260 143639 INFO cm-test-18.0 odoo.modules.loading: loading project/security/ir.model.access.csv 
2026-03-25 01:25:39,265 143639 WARNING cm-test-18.0 odoo.addons.numa_poly.models.poly: [poly] Removing non-existent column 'flag_image' from res.lang query during boot. 
2026-03-25 01:25:39,325 143639 INFO cm-test-18.0 odoo.modules.loading: loading project/security/ir.model.access.xml 
2026-03-25 01:25:39,328 143639 INFO cm-test-18.0 odoo.modules.loading: loading project/data/digest_data.xml 
2026-03-25 01:25:39,334 143639 WARNING cm-test-18.0 odoo.addons.numa_poly.models.poly: [poly] Removing non-existent column 'flag_image' from res.lang query during boot. 
2026-03-25 01:25:39,342 143639 INFO cm-test-18.0 odoo.modules.loading: loading project/report/project_task_burndown_chart_report_views.xml 
2026-03-25 01:25:39,358 143639 INFO cm-test-18.0 odoo.modules.loading: loading project/views/account_analytic_account_views.xml 
2026-03-25 01:25:39,362 143639 WARNING cm-test-18.0 odoo.addons.numa_poly.models.poly: [poly] Removing non-existent column 'groups_id' from ir.ui.view query during boot. 
2026-03-25 01:25:39,370 143639 WARNING cm-test-18.0 odoo.addons.numa_poly.models.poly: [poly] Removing non-existent column 'groups_id' from ir.ui.view query during boot. 
2026-03-25 01:25:39,376 143639 INFO cm-test-18.0 odoo.modules.loading: loading project/views/digest_digest_views.xml 
2026-03-25 01:25:39,380 143639 WARNING cm-test-18.0 odoo.addons.numa_poly.models.poly: [poly] Removing non-existent column 'groups_id' from ir.ui.view query during boot. 
2026-03-25 01:25:39,386 143639 INFO cm-test-18.0 odoo.modules.loading: loading project/views/rating_rating_views.xml 
2026-03-25 01:25:39,390 143639 WARNING cm-test-18.0 odoo.addons.numa_poly.models.poly: [poly] Removing non-existent column 'groups_id' from ir.ui.view query during boot. 
2026-03-25 01:25:39,397 143639 WARNING cm-test-18.0 odoo.addons.numa_poly.models.poly: [poly] Removing non-existent column 'groups_id' from ir.ui.view query during boot. 
2026-03-25 01:25:39,405 143639 WARNING cm-test-18.0 odoo.addons.numa_poly.models.poly: [poly] Removing non-existent column 'groups_id' from ir.ui.view query during boot. 
2026-03-25 01:25:39,411 143639 WARNING cm-test-18.0 odoo.addons.numa_poly.models.poly: [poly] Removing non-existent column 'groups_id' from ir.ui.view query during boot. 
2026-03-25 01:25:39,419 143639 WARNING cm-test-18.0 odoo.addons.numa_poly.models.poly: [poly] Removing non-existent column 'groups_id' from ir.ui.view query during boot. 
2026-03-25 01:25:39,426 143639 WARNING cm-test-18.0 odoo.addons.numa_poly.models.poly: [poly] Removing non-existent column 'groups_id' from ir.ui.view query during boot. 
2026-03-25 01:25:39,463 143639 INFO cm-test-18.0 odoo.modules.loading: loading project/views/project_update_views.xml 
2026-03-25 01:25:39,490 143639 INFO cm-test-18.0 odoo.modules.loading: loading project/views/project_update_templates.xml 
2026-03-25 01:25:39,504 143639 INFO cm-test-18.0 odoo.modules.loading: loading project/views/project_project_stage_views.xml 
2026-03-25 01:25:39,546 143639 INFO cm-test-18.0 odoo.modules.loading: loading project/wizard/project_share_wizard_views.xml 
2026-03-25 01:25:39,563 143639 INFO cm-test-18.0 odoo.modules.loading: loading project/views/project_task_type_views.xml 
2026-03-25 01:25:39,582 143639 WARNING cm-test-18.0 odoo.addons.numa_poly.models.poly: [poly] Removing non-existent column 'groups_id' from ir.ui.view query during boot. 
2026-03-25 01:25:39,605 143639 INFO cm-test-18.0 odoo.modules.loading: loading project/views/project_project_views.xml 
2026-03-25 01:25:39,635 143639 WARNING cm-test-18.0 odoo.addons.numa_poly.models.poly: [poly] Removing non-existent column 'groups_id' from ir.ui.view query during boot. 
2026-03-25 01:25:39,648 143639 WARNING cm-test-18.0 odoo.addons.numa_poly.models.poly: [poly] Removing non-existent column 'groups_id' from ir.ui.view query during boot. 
2026-03-25 01:25:39,658 143639 WARNING cm-test-18.0 odoo.addons.numa_poly.models.poly: [poly] Removing non-existent column 'groups_id' from ir.ui.view query during boot. 
2026-03-25 01:25:39,683 143639 WARNING cm-test-18.0 odoo.addons.numa_poly.models.poly: [poly] Removing non-existent column 'groups_id' from ir.ui.view query during boot. 
2026-03-25 01:25:39,700 143639 WARNING cm-test-18.0 odoo.addons.numa_poly.models.poly: [poly] Removing non-existent column 'groups_id' from ir.ui.view query during boot. 
2026-03-25 01:25:39,706 143639 WARNING cm-test-18.0 odoo.addons.numa_poly.models.poly: [poly] Removing non-existent column 'groups_id' from ir.ui.view query during boot. 
2026-03-25 01:25:39,712 143639 WARNING cm-test-18.0 odoo.addons.numa_poly.models.poly: [poly] Removing non-existent column 'groups_id' from ir.ui.view query during boot. 
2026-03-25 01:25:39,749 143639 INFO cm-test-18.0 odoo.models.unlink: User #1 deleted ir.actions.act_window.view records with IDs: [9598, 9599] 
2026-03-25 01:25:39,752 143639 INFO cm-test-18.0 odoo.models.unlink: User #1 deleted ir.poly_base records with IDs: [9598, 9599] 
2026-03-25 01:25:39,758 143639 WARNING cm-test-18.0 odoo.addons.numa_poly.models.poly: [poly] Removing non-existent column 'flag_image' from res.lang query during boot. 
2026-03-25 01:25:39,765 143639 WARNING cm-test-18.0 odoo.addons.numa_poly.models.poly: [poly] Removing non-existent column 'groups_id' from ir.ui.view query during boot. 
2026-03-25 01:25:39,770 143639 INFO cm-test-18.0 odoo.modules.loading: loading project/views/project_task_views.xml 
2026-03-25 01:25:39,782 143639 WARNING cm-test-18.0 odoo.addons.numa_poly.models.poly: [poly] Removing non-existent column 'groups_id' from ir.ui.view query during boot. 
2026-03-25 01:25:39,788 143639 WARNING cm-test-18.0 odoo.addons.numa_poly.models.poly: [poly] Removing non-existent column 'groups_id' from ir.ui.view query during boot. 
2026-03-25 01:25:39,794 143639 WARNING cm-test-18.0 odoo.addons.numa_poly.models.poly: [poly] Removing non-existent column 'groups_id' from ir.ui.view query during boot. 
2026-03-25 01:25:39,805 143639 WARNING cm-test-18.0 odoo.addons.numa_poly.models.poly: [poly] Removing non-existent column 'groups_id' from ir.ui.view query during boot. 
2026-03-25 01:25:39,816 143639 WARNING cm-test-18.0 odoo.addons.numa_poly.models.poly: [poly] Removing non-existent column 'groups_id' from ir.ui.view query during boot. 
2026-03-25 01:25:39,866 143639 WARNING cm-test-18.0 odoo.addons.numa_poly.models.poly: [poly] Removing non-existent column 'groups_id' from ir.ui.view query during boot. 
2026-03-25 01:25:39,881 143639 WARNING cm-test-18.0 odoo.addons.numa_poly.models.poly: [poly] Removing non-existent column 'groups_id' from ir.ui.view query during boot. 
2026-03-25 01:25:39,890 143639 WARNING cm-test-18.0 odoo.addons.numa_poly.models.poly: [poly] Removing non-existent column 'groups_id' from ir.ui.view query during boot. 
2026-03-25 01:25:39,915 143639 WARNING cm-test-18.0 odoo.addons.numa_poly.models.poly: [poly] Removing non-existent column 'groups_id' from ir.ui.view query during boot. 
2026-03-25 01:25:39,937 143639 WARNING cm-test-18.0 odoo.addons.numa_poly.models.poly: [poly] Removing non-existent column 'groups_id' from ir.ui.view query during boot. 
2026-03-25 01:25:39,944 143639 WARNING cm-test-18.0 odoo.addons.numa_poly.models.poly: [poly] Removing non-existent column 'groups_id' from ir.ui.view query during boot. 
2026-03-25 01:25:39,949 143639 WARNING cm-test-18.0 odoo.addons.numa_poly.models.poly: [poly] Removing non-existent column 'groups_id' from ir.ui.view query during boot. 
2026-03-25 01:25:39,961 143639 WARNING cm-test-18.0 odoo.addons.numa_poly.models.poly: [poly] Removing non-existent column 'groups_id' from ir.ui.view query during boot. 
2026-03-25 01:25:39,971 143639 WARNING cm-test-18.0 odoo.addons.numa_poly.models.poly: [poly] Removing non-existent column 'groups_id' from ir.ui.view query during boot. 
2026-03-25 01:25:39,977 143639 WARNING cm-test-18.0 odoo.addons.numa_poly.models.poly: [poly] Removing non-existent column 'groups_id' from ir.ui.view query during boot. 
2026-03-25 01:25:40,006 143639 WARNING cm-test-18.0 odoo.addons.numa_poly.models.poly: [poly] Removing non-existent column 'groups_id' from ir.ui.view query during boot. 
2026-03-25 01:25:40,012 143639 WARNING cm-test-18.0 odoo.addons.numa_poly.models.poly: [poly] Removing non-existent column 'groups_id' from ir.ui.view query during boot. 
2026-03-25 01:25:40,018 143639 WARNING cm-test-18.0 odoo.addons.numa_poly.models.poly: [poly] Removing non-existent column 'groups_id' from ir.ui.view query during boot. 
2026-03-25 01:25:40,038 143639 INFO cm-test-18.0 odoo.modules.loading: loading project/views/project_tags_views.xml 
2026-03-25 01:25:40,059 143639 INFO cm-test-18.0 odoo.modules.loading: loading project/views/project_milestone_views.xml 
2026-03-25 01:25:40,070 143639 INFO cm-test-18.0 odoo.modules.loading: loading project/views/res_partner_views.xml 
2026-03-25 01:25:40,075 143639 WARNING cm-test-18.0 odoo.addons.numa_poly.models.poly: [poly] Removing non-existent column 'groups_id' from ir.ui.view query during boot. 
2026-03-25 01:25:40,084 143639 INFO cm-test-18.0 odoo.modules.loading: loading project/views/res_config_settings_views.xml 
2026-03-25 01:25:40,089 143639 WARNING cm-test-18.0 odoo.addons.numa_poly.models.poly: [poly] Removing non-existent column 'groups_id' from ir.ui.view query during boot. 
2026-03-25 01:25:40,107 143639 INFO cm-test-18.0 odoo.modules.loading: loading project/views/mail_activity_plan_views.xml 
2026-03-25 01:25:40,112 143639 WARNING cm-test-18.0 odoo.addons.numa_poly.models.poly: [poly] Removing non-existent column 'groups_id' from ir.ui.view query during boot. 
2026-03-25 01:25:40,124 143639 INFO cm-test-18.0 odoo.modules.loading: loading project/views/mail_activity_type_views.xml 
2026-03-25 01:25:40,133 143639 INFO cm-test-18.0 odoo.modules.loading: loading project/views/project_sharing_project_task_views.xml 
2026-03-25 01:25:40,163 143639 WARNING cm-test-18.0 odoo.addons.numa_poly.models.poly: [poly] Removing non-existent column 'groups_id' from ir.ui.view query during boot. 
2026-03-25 01:25:40,189 143639 WARNING cm-test-18.0 odoo.addons.numa_poly.models.poly: [poly] Removing non-existent column 'groups_id' from ir.ui.view query during boot. 
2026-03-25 01:25:40,200 143639 WARNING cm-test-18.0 odoo.addons.numa_poly.models.poly: [poly] Removing non-existent column 'groups_id' from ir.ui.view query during boot. 
2026-03-25 01:25:40,256 143639 INFO cm-test-18.0 odoo.modules.loading: loading project/views/project_portal_project_project_templates.xml 
2026-03-25 01:25:40,262 143639 WARNING cm-test-18.0 odoo.addons.numa_poly.models.poly: [poly] Removing non-existent column 'groups_id' from ir.ui.view query during boot. 
2026-03-25 01:25:40,276 143639 WARNING cm-test-18.0 odoo.addons.numa_poly.models.poly: [poly] Removing non-existent column 'groups_id' from ir.ui.view query during boot. 
2026-03-25 01:25:40,299 143639 INFO cm-test-18.0 odoo.modules.loading: loading project/views/project_portal_project_task_templates.xml 
2026-03-25 01:25:40,336 143639 WARNING cm-test-18.0 odoo.addons.numa_poly.models.poly: [poly] Removing non-existent column 'groups_id' from ir.ui.view query during boot. 
2026-03-25 01:25:40,351 143639 WARNING cm-test-18.0 odoo.addons.numa_poly.models.poly: [poly] Removing non-existent column 'groups_id' from ir.ui.view query during boot. 
2026-03-25 01:25:40,360 143639 WARNING cm-test-18.0 odoo.addons.numa_poly.models.poly: [poly] Removing non-existent column 'groups_id' from ir.ui.view query during boot. 
2026-03-25 01:25:40,375 143639 INFO cm-test-18.0 odoo.modules.loading: loading project/views/project_task_templates.xml 
2026-03-25 01:25:40,384 143639 INFO cm-test-18.0 odoo.modules.loading: loading project/views/project_sharing_project_task_templates.xml 
2026-03-25 01:25:40,406 143639 INFO cm-test-18.0 odoo.modules.loading: loading project/report/project_report_views.xml 
2026-03-25 01:25:40,417 143639 WARNING cm-test-18.0 odoo.addons.numa_poly.models.poly: [poly] Removing non-existent column 'groups_id' from ir.ui.view query during boot. 
2026-03-25 01:25:40,431 143639 WARNING cm-test-18.0 odoo.addons.numa_poly.models.poly: [poly] Removing non-existent column 'groups_id' from ir.ui.view query during boot. 
2026-03-25 01:25:40,439 143639 WARNING cm-test-18.0 odoo.addons.numa_poly.models.poly: [poly] Removing non-existent column 'groups_id' from ir.ui.view query during boot. 
2026-03-25 01:25:40,450 143639 INFO cm-test-18.0 odoo.modules.loading: loading project/data/ir_cron_data.xml 
2026-03-25 01:25:40,452 143639 INFO cm-test-18.0 odoo.modules.loading: loading project/data/mail_message_subtype_data.xml 
2026-03-25 01:25:40,467 143639 INFO cm-test-18.0 odoo.modules.loading: loading project/data/mail_template_data.xml 
2026-03-25 01:25:40,473 143639 INFO cm-test-18.0 odoo.modules.loading: loading project/data/project_data.xml 
2026-03-25 01:25:40,485 143639 INFO cm-test-18.0 odoo.modules.loading: loading project/data/project_tour.xml 
2026-03-25 01:25:40,491 143639 INFO cm-test-18.0 odoo.modules.loading: loading project/wizard/project_task_type_delete_views.xml 
2026-03-25 01:25:40,506 143639 INFO cm-test-18.0 odoo.modules.loading: loading project/wizard/project_project_stage_delete_views.xml 
2026-03-25 01:25:40,517 143639 INFO cm-test-18.0 odoo.modules.loading: loading project/views/project_menus.xml 
2026-03-25 01:25:40,593 143639 INFO cm-test-18.0 odoo.modules.loading: Module project: loading demo 
2026-03-25 01:25:40,593 143639 INFO cm-test-18.0 odoo.modules.loading: loading project/data/mail_template_demo.xml 
2026-03-25 01:25:40,596 143639 INFO cm-test-18.0 odoo.modules.loading: loading project/data/project_demo.xml 
2026-03-25 01:25:40,684 143639 WARNING cm-test-18.0 odoo.addons.numa_poly.models.poly: [poly] Removing non-existent column 'dependencies_id' from ir.module.module query during boot. 
2026-03-25 01:25:40,684 143639 INFO cm-test-18.0 odoo.addons.base.models.ir_module: module project: loading translation file /home/gamarino/odoo/numa-public-odoo-18.0-numa/addons/project/i18n/es.po for language es_AR 
2026-03-25 01:25:40,684 143639 INFO cm-test-18.0 odoo.tools.translate: loading base translation file /home/gamarino/odoo/numa-public-odoo-18.0-numa/addons/project/i18n/es.po for language es_AR 
2026-03-25 01:25:40,724 143639 INFO cm-test-18.0 odoo.addons.base.models.ir_module: module project: loading translation file /home/gamarino/odoo/numa-public-odoo-18.0-numa/addons/project/i18n/es_419.po for language es_AR 
2026-03-25 01:25:40,724 143639 INFO cm-test-18.0 odoo.tools.translate: loading base translation file /home/gamarino/odoo/numa-public-odoo-18.0-numa/addons/project/i18n/es_419.po for language es_AR 
2026-03-25 01:25:41,048 143639 INFO cm-test-18.0 odoo.modules.loading: Module project loaded in 7.48s, 4179 queries (+4179 other) 
2026-03-25 01:25:41,048 143639 INFO cm-test-18.0 odoo.modules.loading: Loading module spreadsheet_dashboard (78/211) 
2026-03-25 01:25:41,055 143639 INFO cm-test-18.0 odoo.addons.numa_poly.models.poly: [poly] Entering Phase 1: MRO Injection and attribute building 
2026-03-25 01:25:42,610 143639 INFO cm-test-18.0 odoo.addons.numa_poly.models.poly: [poly] Entering Phase 2: Final field stabilization and sanitization 
2026-03-25 01:25:42,721 143639 INFO cm-test-18.0 odoo.addons.numa_poly.models.poly: [poly] Entering Phase 1: MRO Injection and attribute building 
2026-03-25 01:25:44,419 143639 INFO cm-test-18.0 odoo.addons.numa_poly.models.poly: [poly] Entering Phase 2: Final field stabilization and sanitization 
2026-03-25 01:25:44,526 143639 INFO cm-test-18.0 odoo.addons.numa_poly.models.poly: [poly] Entering Phase 1: MRO Injection and attribute building 
2026-03-25 01:25:46,203 143639 INFO cm-test-18.0 odoo.addons.numa_poly.models.poly: [poly] Entering Phase 2: Final field stabilization and sanitization 
2026-03-25 01:25:46,330 143639 INFO cm-test-18.0 odoo.modules.registry: module spreadsheet_dashboard: creating or updating database tables 
2026-03-25 01:25:46,430 143639 INFO cm-test-18.0 odoo.modules.loading: loading spreadsheet_dashboard/security/security.xml 
2026-03-25 01:25:46,438 143639 WARNING cm-test-18.0 odoo.addons.numa_poly.models.poly: [poly] Removing non-existent column 'groups_id' from res.users query during boot. 
2026-03-25 01:25:46,449 143639 WARNING cm-test-18.0 odoo.addons.numa_poly.models.poly: [poly] Removing non-existent column 'implied_ids' from res.groups query during boot. 
2026-03-25 01:25:46,461 143639 WARNING cm-test-18.0 odoo.addons.numa_poly.models.poly: [poly] Removing non-existent column 'users' from res.groups query during boot. 
2026-03-25 01:25:46,477 143639 WARNING cm-test-18.0 odoo.addons.numa_poly.models.poly: [poly] Removing non-existent column 'groups_id' from res.users query during boot. 
2026-03-25 01:25:46,484 143639 INFO cm-test-18.0 odoo.modules.loading: loading spreadsheet_dashboard/security/ir.model.access.csv 
2026-03-25 01:25:46,488 143639 WARNING cm-test-18.0 odoo.addons.numa_poly.models.poly: [poly] Removing non-existent column 'flag_image' from res.lang query during boot. 
2026-03-25 01:25:46,498 143639 INFO cm-test-18.0 odoo.modules.loading: loading spreadsheet_dashboard/views/spreadsheet_dashboard_views.xml 
2026-03-25 01:25:46,514 143639 INFO cm-test-18.0 odoo.modules.loading: loading spreadsheet_dashboard/views/menu_views.xml 
2026-03-25 01:25:46,538 143639 INFO cm-test-18.0 odoo.modules.loading: loading spreadsheet_dashboard/data/dashboard.xml 
2026-03-25 01:25:46,548 143639 WARNING cm-test-18.0 odoo.addons.numa_poly.models.poly: [poly] Removing non-existent column 'flag_image' from res.lang query during boot. 
2026-03-25 01:25:46,549 143639 WARNING cm-test-18.0 odoo.addons.numa_poly.models.poly: [poly] Removing non-existent column 'dependencies_id' from ir.module.module query during boot. 
2026-03-25 01:25:46,549 143639 INFO cm-test-18.0 odoo.addons.base.models.ir_module: module spreadsheet_dashboard: loading translation file /home/gamarino/odoo/numa-public-odoo-18.0-numa/addons/spreadsheet_dashboard/i18n/es.po for language es_AR 
2026-03-25 01:25:46,550 143639 INFO cm-test-18.0 odoo.tools.translate: loading base translation file /home/gamarino/odoo/numa-public-odoo-18.0-numa/addons/spreadsheet_dashboard/i18n/es.po for language es_AR 
2026-03-25 01:25:46,552 143639 INFO cm-test-18.0 odoo.addons.base.models.ir_module: module spreadsheet_dashboard: loading translation file /home/gamarino/odoo/numa-public-odoo-18.0-numa/addons/spreadsheet_dashboard/i18n/es_419.po for language es_AR 
2026-03-25 01:25:46,552 143639 INFO cm-test-18.0 odoo.tools.translate: loading base translation file /home/gamarino/odoo/numa-public-odoo-18.0-numa/addons/spreadsheet_dashboard/i18n/es_419.po for language es_AR 
2026-03-25 01:25:46,579 143639 INFO cm-test-18.0 odoo.modules.loading: Module spreadsheet_dashboard loaded in 5.53s, 1761 queries (+1761 other) 
2026-03-25 01:25:46,579 143639 INFO cm-test-18.0 odoo.modules.loading: Loading module stock (79/211) 
2026-03-25 01:25:46,586 143639 INFO cm-test-18.0 odoo.addons.numa_poly.models.poly: [poly] Entering Phase 1: MRO Injection and attribute building 
2026-03-25 01:25:48,111 143639 INFO cm-test-18.0 odoo.addons.numa_poly.models.poly: [poly] Entering Phase 2: Final field stabilization and sanitization 
2026-03-25 01:25:48,256 143639 INFO cm-test-18.0 odoo.addons.numa_poly.models.poly: [poly] Entering Phase 1: MRO Injection and attribute building 
2026-03-25 01:25:50,171 143639 INFO cm-test-18.0 odoo.addons.numa_poly.models.poly: [poly] Entering Phase 2: Final field stabilization and sanitization 
2026-03-25 01:25:50,301 143639 INFO cm-test-18.0 odoo.addons.numa_poly.models.poly: [poly] Entering Phase 1: MRO Injection and attribute building 
2026-03-25 01:25:52,143 143639 INFO cm-test-18.0 odoo.addons.numa_poly.models.poly: [poly] Entering Phase 2: Final field stabilization and sanitization 
2026-03-25 01:25:53,044 143639 INFO cm-test-18.0 odoo.modules.registry: module stock: creating or updating database tables 
2026-03-25 01:25:53,270 143639 WARNING cm-test-18.0 odoo.addons.base.models.ir_model: Two fields (property_cost_currency_id, cost_currency_id) of product.product() have the same label: Cost Currency. [Modules: None and None] 
2026-03-25 01:25:53,271 143639 WARNING cm-test-18.0 odoo.addons.base.models.ir_model: Two fields (property_cost_currency_id, cost_currency_id) of product.template() have the same label: Cost Currency. [Modules: numa_product_multi_currency and product] 
2026-03-25 01:25:53,730 143639 INFO cm-test-18.0 odoo.modules.loading: loading stock/security/stock_security.xml 
2026-03-25 01:25:53,741 143639 WARNING cm-test-18.0 odoo.addons.numa_poly.models.poly: [poly] Removing non-existent column 'implied_ids' from res.groups query during boot. 
2026-03-25 01:25:53,748 143639 WARNING cm-test-18.0 odoo.addons.numa_poly.models.poly: [poly] Removing non-existent column 'users' from res.groups query during boot. 
2026-03-25 01:25:53,759 143639 WARNING cm-test-18.0 odoo.addons.numa_poly.models.poly: [poly] Removing non-existent column 'implied_ids' from res.groups query during boot. 
2026-03-25 01:25:53,767 143639 WARNING cm-test-18.0 odoo.addons.numa_poly.models.poly: [poly] Removing non-existent column 'users' from res.groups query during boot. 
2026-03-25 01:25:53,781 143639 WARNING cm-test-18.0 odoo.addons.numa_poly.models.poly: [poly] Removing non-existent column 'groups_id' from res.users query during boot. 
2026-03-25 01:25:53,817 143639 INFO cm-test-18.0 odoo.modules.loading: loading stock/security/ir.model.access.csv 
2026-03-25 01:25:53,825 143639 WARNING cm-test-18.0 odoo.addons.numa_poly.models.poly: [poly] Removing non-existent column 'flag_image' from res.lang query during boot. 
2026-03-25 01:25:53,967 143639 INFO cm-test-18.0 odoo.modules.loading: loading stock/data/digest_data.xml 
2026-03-25 01:25:53,974 143639 WARNING cm-test-18.0 odoo.addons.numa_poly.models.poly: [poly] Removing non-existent column 'flag_image' from res.lang query during boot. 
2026-03-25 01:25:53,978 143639 INFO cm-test-18.0 odoo.modules.loading: loading stock/data/mail_templates.xml 
2026-03-25 01:25:53,996 143639 INFO cm-test-18.0 odoo.modules.loading: loading stock/data/default_barcode_patterns.xml 
2026-03-25 01:25:54,002 143639 INFO cm-test-18.0 odoo.modules.loading: loading stock/data/stock_data.xml 
2026-03-25 01:25:54,015 143639 INFO cm-test-18.0 odoo.modules.loading: loading stock/data/stock_sequence_data.xml 
2026-03-25 01:25:54,020 143639 INFO cm-test-18.0 odoo.modules.loading: loading stock/data/stock_traceability_report_data.xml 
2026-03-25 01:25:54,025 143639 INFO cm-test-18.0 odoo.modules.loading: loading stock/report/report_stock_quantity.xml 
2026-03-25 01:25:54,031 143639 INFO cm-test-18.0 odoo.modules.loading: loading stock/report/report_stock_reception.xml 
2026-03-25 01:25:54,058 143639 INFO cm-test-18.0 odoo.modules.loading: loading stock/report/stock_report_views.xml 
2026-03-25 01:25:54,085 143639 INFO cm-test-18.0 odoo.modules.loading: loading stock/report/report_package_barcode.xml 
2026-03-25 01:25:54,111 143639 INFO cm-test-18.0 odoo.modules.loading: loading stock/report/report_lot_barcode.xml 
2026-03-25 01:25:54,122 143639 INFO cm-test-18.0 odoo.modules.loading: loading stock/report/report_location_barcode.xml 
2026-03-25 01:25:54,138 143639 INFO cm-test-18.0 odoo.modules.loading: loading stock/report/report_stockpicking_operations.xml 
2026-03-25 01:25:54,158 143639 INFO cm-test-18.0 odoo.modules.loading: loading stock/report/report_deliveryslip.xml 
2026-03-25 01:25:54,210 143639 INFO cm-test-18.0 odoo.modules.loading: loading stock/report/report_stockinventory.xml 
2026-03-25 01:25:54,221 143639 INFO cm-test-18.0 odoo.modules.loading: loading stock/report/report_stock_rule.xml 
2026-03-25 01:25:54,273 143639 INFO cm-test-18.0 odoo.modules.loading: loading stock/report/stock_lot_customer.xml 
2026-03-25 01:25:54,292 143639 INFO cm-test-18.0 odoo.modules.loading: loading stock/report/package_templates.xml 
2026-03-25 01:25:54,301 143639 INFO cm-test-18.0 odoo.modules.loading: loading stock/report/picking_templates.xml 
2026-03-25 01:25:54,326 143639 INFO cm-test-18.0 odoo.modules.loading: loading stock/report/product_templates.xml 
2026-03-25 01:25:54,341 143639 INFO cm-test-18.0 odoo.modules.loading: loading stock/report/product_packaging.xml 
2026-03-25 01:25:54,351 143639 INFO cm-test-18.0 odoo.modules.loading: loading stock/report/report_return_slip.xml 
2026-03-25 01:25:54,362 143639 INFO cm-test-18.0 odoo.modules.loading: loading stock/data/mail_template_data.xml 
2026-03-25 01:25:54,365 143639 INFO cm-test-18.0 odoo.modules.loading: loading stock/views/stock_menu_views.xml 
2026-03-25 01:25:54,444 143639 INFO cm-test-18.0 odoo.modules.loading: loading stock/wizard/stock_change_product_qty_views.xml 
2026-03-25 01:25:54,453 143639 INFO cm-test-18.0 odoo.modules.loading: loading stock/wizard/stock_picking_return_views.xml 
2026-03-25 01:25:54,463 143639 INFO cm-test-18.0 odoo.modules.loading: loading stock/wizard/stock_inventory_conflict.xml 
2026-03-25 01:25:54,467 143639 WARNING cm-test-18.0 odoo.addons.numa_poly.models.poly: [poly] Removing non-existent column 'groups_id' from ir.ui.view query during boot. 
2026-03-25 01:25:54,471 143639 INFO cm-test-18.0 odoo.modules.loading: loading stock/wizard/stock_backorder_confirmation_views.xml 
2026-03-25 01:25:54,478 143639 INFO cm-test-18.0 odoo.modules.loading: loading stock/wizard/stock_quantity_history.xml 
2026-03-25 01:25:54,486 143639 INFO cm-test-18.0 odoo.modules.loading: loading stock/wizard/stock_request_count.xml 
2026-03-25 01:25:54,490 143639 WARNING cm-test-18.0 odoo.addons.numa_poly.models.poly: [poly] Removing non-existent column 'groups_id' from ir.ui.view query during boot. 
2026-03-25 01:25:54,496 143639 INFO cm-test-18.0 odoo.modules.loading: loading stock/wizard/stock_replenishment_info.xml 
2026-03-25 01:25:54,515 143639 INFO cm-test-18.0 odoo.modules.loading: loading stock/wizard/stock_rules_report_views.xml 
2026-03-25 01:25:54,525 143639 INFO cm-test-18.0 odoo.modules.loading: loading stock/wizard/stock_warn_insufficient_qty_views.xml 
2026-03-25 01:25:54,534 143639 WARNING cm-test-18.0 odoo.addons.numa_poly.models.poly: [poly] Removing non-existent column 'groups_id' from ir.ui.view query during boot. 
2026-03-25 01:25:54,538 143639 INFO cm-test-18.0 odoo.modules.loading: loading stock/wizard/product_replenish_views.xml 
2026-03-25 01:25:54,547 143639 INFO cm-test-18.0 odoo.modules.loading: loading stock/wizard/product_label_layout_views.xml 
2026-03-25 01:25:54,552 143639 WARNING cm-test-18.0 odoo.addons.numa_poly.models.poly: [poly] Removing non-existent column 'groups_id' from ir.ui.view query during boot. 
2026-03-25 01:25:54,557 143639 INFO cm-test-18.0 odoo.modules.loading: loading stock/wizard/stock_track_confirmation_views.xml 
2026-03-25 01:25:54,565 143639 INFO cm-test-18.0 odoo.modules.loading: loading stock/wizard/stock_orderpoint_snooze_views.xml 
2026-03-25 01:25:54,574 143639 INFO cm-test-18.0 odoo.modules.loading: loading stock/wizard/stock_package_destination_views.xml 
2026-03-25 01:25:54,581 143639 INFO cm-test-18.0 odoo.modules.loading: loading stock/wizard/stock_inventory_adjustment_name.xml 
2026-03-25 01:25:54,585 143639 WARNING cm-test-18.0 odoo.addons.numa_poly.models.poly: [poly] Removing non-existent column 'groups_id' from ir.ui.view query during boot. 
2026-03-25 01:25:54,590 143639 INFO cm-test-18.0 odoo.modules.loading: loading stock/wizard/stock_inventory_warning.xml 
2026-03-25 01:25:54,594 143639 WARNING cm-test-18.0 odoo.addons.numa_poly.models.poly: [poly] Removing non-existent column 'groups_id' from ir.ui.view query during boot. 
2026-03-25 01:25:54,599 143639 WARNING cm-test-18.0 odoo.addons.numa_poly.models.poly: [poly] Removing non-existent column 'groups_id' from ir.ui.view query during boot. 
2026-03-25 01:25:54,602 143639 INFO cm-test-18.0 odoo.modules.loading: loading stock/wizard/stock_label_type.xml 
2026-03-25 01:25:54,607 143639 WARNING cm-test-18.0 odoo.addons.numa_poly.models.poly: [poly] Removing non-existent column 'groups_id' from ir.ui.view query during boot. 
2026-03-25 01:25:54,611 143639 INFO cm-test-18.0 odoo.modules.loading: loading stock/wizard/stock_lot_label_layout.xml 
2026-03-25 01:25:54,617 143639 WARNING cm-test-18.0 odoo.addons.numa_poly.models.poly: [poly] Removing non-existent column 'groups_id' from ir.ui.view query during boot. 
2026-03-25 01:25:54,621 143639 INFO cm-test-18.0 odoo.modules.loading: loading stock/wizard/stock_quant_relocate.xml 
2026-03-25 01:25:54,629 143639 INFO cm-test-18.0 odoo.modules.loading: loading stock/views/res_partner_views.xml 
2026-03-25 01:25:54,635 143639 WARNING cm-test-18.0 odoo.addons.numa_poly.models.poly: [poly] Removing non-existent column 'groups_id' from ir.ui.view query during boot. 
2026-03-25 01:25:54,652 143639 WARNING cm-test-18.0 odoo.addons.numa_poly.models.poly: [poly] Removing non-existent column 'groups_id' from ir.ui.view query during boot. 
2026-03-25 01:25:54,662 143639 INFO cm-test-18.0 odoo.modules.loading: loading stock/views/product_strategy_views.xml 
2026-03-25 01:25:54,700 143639 INFO cm-test-18.0 odoo.modules.loading: loading stock/views/stock_lot_views.xml 
2026-03-25 01:25:54,754 143639 INFO cm-test-18.0 odoo.models.unlink: User #1 deleted ir.actions.act_window.view records with IDs: [9600, 9601, 9602] 
2026-03-25 01:25:54,757 143639 INFO cm-test-18.0 odoo.models.unlink: User #1 deleted ir.poly_base records with IDs: [9600, 9601, 9602] 
2026-03-25 01:25:54,767 143639 WARNING cm-test-18.0 odoo.addons.numa_poly.models.poly: [poly] Removing non-existent column 'flag_image' from res.lang query during boot. 
2026-03-25 01:25:54,771 143639 INFO cm-test-18.0 odoo.models.unlink: User #1 deleted ir.actions.act_window.view records with IDs: [9603, 9604, 9605] 
2026-03-25 01:25:54,775 143639 INFO cm-test-18.0 odoo.models.unlink: User #1 deleted ir.poly_base records with IDs: [9603, 9604, 9605] 
2026-03-25 01:25:54,790 143639 INFO cm-test-18.0 odoo.modules.loading: loading stock/views/stock_scrap_views.xml 
2026-03-25 01:25:54,817 143639 WARNING cm-test-18.0 odoo.addons.numa_poly.models.poly: [poly] Removing non-existent column 'flag_image' from res.lang query during boot. 
2026-03-25 01:25:54,832 143639 INFO cm-test-18.0 odoo.modules.loading: loading stock/views/stock_quant_views.xml 
2026-03-25 01:25:54,875 143639 WARNING cm-test-18.0 odoo.addons.numa_poly.models.poly: [poly] Removing non-existent column 'groups_id' from ir.ui.view query during boot. 
2026-03-25 01:25:55,032 143639 INFO cm-test-18.0 odoo.modules.loading: loading stock/views/stock_warehouse_views.xml 
2026-03-25 01:25:55,055 143639 INFO cm-test-18.0 odoo.modules.loading: loading stock/views/stock_move_line_views.xml 
2026-03-25 01:25:55,078 143639 WARNING cm-test-18.0 odoo.addons.numa_poly.models.poly: [poly] Removing non-existent column 'groups_id' from ir.ui.view query during boot. 
2026-03-25 01:25:55,106 143639 INFO cm-test-18.0 odoo.modules.loading: loading stock/views/stock_move_views.xml 
2026-03-25 01:25:55,178 143639 INFO cm-test-18.0 odoo.modules.loading: loading stock/views/stock_picking_views.xml 
2026-03-25 01:25:55,329 143639 INFO cm-test-18.0 odoo.models.unlink: User #1 deleted ir.actions.act_window.view records with IDs: [9606] 
2026-03-25 01:25:55,331 143639 INFO cm-test-18.0 odoo.models.unlink: User #1 deleted ir.poly_base records with IDs: [9606] 
2026-03-25 01:25:55,343 143639 INFO cm-test-18.0 odoo.modules.loading: loading stock/views/stock_picking_type_views.xml 
2026-03-25 01:25:55,348 143639 WARNING cm-test-18.0 odoo.addons.numa_poly.models.poly: [poly] Removing non-existent column 'flag_image' from res.lang query during boot. 
2026-03-25 01:25:55,381 143639 INFO cm-test-18.0 odoo.modules.loading: loading stock/views/product_views.xml 
2026-03-25 01:25:55,387 143639 WARNING cm-test-18.0 odoo.addons.numa_poly.models.poly: [poly] Removing non-existent column 'groups_id' from ir.ui.view query during boot. 
2026-03-25 01:25:55,400 143639 WARNING cm-test-18.0 odoo.addons.numa_poly.models.poly: [poly] Removing non-existent column 'groups_id' from ir.ui.view query during boot. 
2026-03-25 01:25:55,407 143639 WARNING cm-test-18.0 odoo.addons.numa_poly.models.poly: [poly] Removing non-existent column 'groups_id' from ir.ui.view query during boot. 
2026-03-25 01:25:55,414 143639 WARNING cm-test-18.0 odoo.addons.numa_poly.models.poly: [poly] Removing non-existent column 'groups_id' from ir.ui.view query during boot. 
2026-03-25 01:25:55,421 143639 WARNING cm-test-18.0 odoo.addons.numa_poly.models.poly: [poly] Removing non-existent column 'groups_id' from ir.ui.view query during boot. 
2026-03-25 01:25:55,427 143639 WARNING cm-test-18.0 odoo.addons.numa_poly.models.poly: [poly] Removing non-existent column 'groups_id' from ir.ui.view query during boot. 
2026-03-25 01:25:55,435 143639 WARNING cm-test-18.0 odoo.addons.numa_poly.models.poly: [poly] Removing non-existent column 'groups_id' from ir.ui.view query during boot. 
2026-03-25 01:25:55,445 143639 WARNING cm-test-18.0 odoo.addons.numa_poly.models.poly: [poly] Removing non-existent column 'groups_id' from ir.ui.view query during boot. 
2026-03-25 01:25:55,451 143639 WARNING cm-test-18.0 odoo.addons.numa_poly.models.poly: [poly] Removing non-existent column 'groups_id' from ir.ui.view query during boot. 
2026-03-25 01:25:55,457 143639 WARNING cm-test-18.0 odoo.addons.numa_poly.models.poly: [poly] Removing non-existent column 'groups_id' from ir.ui.view query during boot. 
2026-03-25 01:25:55,463 143639 WARNING cm-test-18.0 odoo.addons.numa_poly.models.poly: [poly] Removing non-existent column 'groups_id' from ir.ui.view query during boot. 
2026-03-25 01:25:55,469 143639 WARNING cm-test-18.0 odoo.addons.numa_poly.models.poly: [poly] Removing non-existent column 'groups_id' from ir.ui.view query during boot. 
2026-03-25 01:25:55,476 143639 WARNING cm-test-18.0 odoo.addons.numa_poly.models.poly: [poly] Removing non-existent column 'groups_id' from ir.ui.view query during boot. 
2026-03-25 01:25:55,482 143639 WARNING cm-test-18.0 odoo.addons.numa_poly.models.poly: [poly] Removing non-existent column 'groups_id' from ir.ui.view query during boot. 
2026-03-25 01:25:55,492 143639 WARNING cm-test-18.0 odoo.addons.numa_poly.models.poly: [poly] Removing non-existent column 'groups_id' from ir.ui.view query during boot. 
2026-03-25 01:25:55,512 143639 WARNING cm-test-18.0 odoo.addons.numa_poly.models.poly: [poly] Removing non-existent column 'groups_id' from ir.ui.view query during boot. 
2026-03-25 01:25:55,544 143639 INFO cm-test-18.0 odoo.modules.loading: loading stock/views/stock_location_views.xml 
2026-03-25 01:25:55,554 143639 WARNING cm-test-18.0 odoo.addons.numa_poly.models.poly: [poly] Removing non-existent column 'groups_id' from ir.ui.view query during boot. 
2026-03-25 01:25:55,568 143639 WARNING cm-test-18.0 odoo.addons.numa_poly.models.poly: [poly] Removing non-existent column 'groups_id' from ir.ui.view query during boot. 
2026-03-25 01:25:55,603 143639 INFO cm-test-18.0 odoo.modules.loading: loading stock/views/stock_orderpoint_views.xml 
2026-03-25 01:25:55,647 143639 INFO cm-test-18.0 odoo.modules.loading: loading stock/views/stock_storage_category_views.xml 
2026-03-25 01:25:55,675 143639 INFO cm-test-18.0 odoo.modules.loading: loading stock/views/res_config_settings_views.xml 
2026-03-25 01:25:55,682 143639 WARNING cm-test-18.0 odoo.addons.numa_poly.models.poly: [poly] Removing non-existent column 'groups_id' from ir.ui.view query during boot. 
2026-03-25 01:25:55,708 143639 INFO cm-test-18.0 odoo.modules.loading: loading stock/views/report_stock_traceability.xml 
2026-03-25 01:25:55,723 143639 INFO cm-test-18.0 odoo.modules.loading: loading stock/views/stock_template.xml 
2026-03-25 01:25:55,737 143639 INFO cm-test-18.0 odoo.modules.loading: loading stock/views/stock_rule_views.xml 
2026-03-25 01:25:55,761 143639 WARNING cm-test-18.0 odoo.addons.numa_poly.models.poly: [poly] Removing non-existent column 'groups_id' from ir.ui.view query during boot. 
2026-03-25 01:25:55,780 143639 INFO cm-test-18.0 odoo.modules.loading: loading stock/views/stock_package_level_views.xml 
2026-03-25 01:25:55,790 143639 WARNING cm-test-18.0 odoo.addons.numa_poly.models.poly: [poly] Removing non-existent column 'groups_id' from ir.ui.view query during boot. 
2026-03-25 01:25:55,798 143639 INFO cm-test-18.0 odoo.modules.loading: loading stock/views/stock_package_type_view.xml 
2026-03-25 01:25:55,826 143639 INFO cm-test-18.0 odoo.models.unlink: User #1 deleted ir.actions.act_window.view records with IDs: [9607, 9608] 
2026-03-25 01:25:55,828 143639 INFO cm-test-18.0 odoo.models.unlink: User #1 deleted ir.poly_base records with IDs: [9607, 9608] 
2026-03-25 01:25:55,842 143639 INFO cm-test-18.0 odoo.modules.loading: loading stock/views/stock_forecasted.xml 
2026-03-25 01:25:55,847 143639 INFO cm-test-18.0 odoo.modules.loading: Module stock: loading demo 
2026-03-25 01:25:55,847 143639 INFO cm-test-18.0 odoo.modules.loading: loading stock/data/stock_demo_pre.xml 
2026-03-25 01:25:55,874 143639 INFO cm-test-18.0 odoo.modules.loading: loading stock/data/stock_demo.xml 
2026-03-25 01:25:55,898 143639 INFO cm-test-18.0 odoo.modules.loading: loading stock/data/stock_demo2.xml 
2026-03-25 01:25:55,909 143639 INFO cm-test-18.0 odoo.modules.loading: loading stock/data/stock_orderpoint_demo.xml 
2026-03-25 01:25:55,913 143639 INFO cm-test-18.0 odoo.modules.loading: loading stock/data/stock_storage_category_demo.xml 
2026-03-25 01:25:55,919 143639 WARNING cm-test-18.0 odoo.addons.numa_poly.models.poly: [poly] Removing non-existent column 'flag_image' from res.lang query during boot. 
2026-03-25 01:25:55,920 143639 WARNING cm-test-18.0 odoo.addons.numa_poly.models.poly: [poly] Removing non-existent column 'dependencies_id' from ir.module.module query during boot. 
2026-03-25 01:25:55,920 143639 INFO cm-test-18.0 odoo.addons.base.models.ir_module: module stock: loading translation file /home/gamarino/odoo/numa-public-odoo-18.0-numa/addons/stock/i18n/es.po for language es_AR 
2026-03-25 01:25:55,921 143639 INFO cm-test-18.0 odoo.tools.translate: loading base translation file /home/gamarino/odoo/numa-public-odoo-18.0-numa/addons/stock/i18n/es.po for language es_AR 
2026-03-25 01:25:56,109 143639 INFO cm-test-18.0 odoo.addons.base.models.ir_module: module stock: loading translation file /home/gamarino/odoo/numa-public-odoo-18.0-numa/addons/stock/i18n/es_419.po for language es_AR 
2026-03-25 01:25:56,110 143639 INFO cm-test-18.0 odoo.tools.translate: loading base translation file /home/gamarino/odoo/numa-public-odoo-18.0-numa/addons/stock/i18n/es_419.po for language es_AR 
2026-03-25 01:25:56,424 143639 INFO cm-test-18.0 odoo.modules.loading: Module stock loaded in 9.85s, 5790 queries (+5790 other) 
2026-03-25 01:25:56,424 143639 INFO cm-test-18.0 odoo.modules.loading: Loading module website (80/211) 
2026-03-25 01:25:56,433 143639 INFO cm-test-18.0 odoo.addons.numa_poly.models.poly: [poly] Entering Phase 1: MRO Injection and attribute building 
2026-03-25 01:25:58,282 143639 INFO cm-test-18.0 odoo.addons.numa_poly.models.poly: [poly] Entering Phase 2: Final field stabilization and sanitization 
2026-03-25 01:25:58,455 143639 INFO cm-test-18.0 odoo.addons.numa_poly.models.poly: [poly] Entering Phase 1: MRO Injection and attribute building 
2026-03-25 01:26:00,794 143639 INFO cm-test-18.0 odoo.addons.numa_poly.models.poly: [poly] Entering Phase 2: Final field stabilization and sanitization 
2026-03-25 01:26:00,917 143639 INFO cm-test-18.0 odoo.addons.numa_poly.models.poly: [poly] Entering Phase 1: MRO Injection and attribute building 
2026-03-25 01:26:03,193 143639 INFO cm-test-18.0 odoo.addons.numa_poly.models.poly: [poly] Entering Phase 2: Final field stabilization and sanitization 
2026-03-25 01:26:03,726 143639 INFO cm-test-18.0 odoo.modules.registry: module website: creating or updating database tables 
2026-03-25 01:26:05,270 143639 WARNING cm-test-18.0 odoo.addons.base.models.ir_model: Two fields (property_cost_currency_id, cost_currency_id) of product.template() have the same label: Cost Currency. [Modules: numa_product_multi_currency and product] 
2026-03-25 01:26:05,270 143639 WARNING cm-test-18.0 odoo.addons.base.models.ir_model: Two fields (property_cost_currency_id, cost_currency_id) of product.product() have the same label: Cost Currency. [Modules: None and None] 
2026-03-25 01:26:08,321 143639 INFO cm-test-18.0 odoo.modules.loading: loading website/security/website_security.xml 
2026-03-25 01:26:08,336 143639 WARNING cm-test-18.0 odoo.addons.numa_poly.models.poly: [poly] Removing non-existent column 'implied_ids' from res.groups query during boot. 
2026-03-25 01:26:08,346 143639 WARNING cm-test-18.0 odoo.addons.numa_poly.models.poly: [poly] Removing non-existent column 'users' from res.groups query during boot. 
2026-03-25 01:26:08,350 143639 WARNING cm-test-18.0 odoo.addons.numa_poly.models.poly: [poly] Removing non-existent column 'users' from res.groups query during boot. 
2026-03-25 01:26:08,354 143639 WARNING cm-test-18.0 odoo.addons.numa_poly.models.poly: [poly] Removing non-existent column 'users' from res.groups query during boot. 
2026-03-25 01:26:08,395 143639 WARNING cm-test-18.0 odoo.addons.numa_poly.models.poly: [poly] Removing non-existent column 'implied_ids' from res.groups query during boot. 
2026-03-25 01:26:08,396 143639 WARNING cm-test-18.0 odoo.addons.numa_poly.models.poly: [poly] Removing non-existent column 'groups_id' from res.users query during boot. 
2026-03-25 01:26:08,413 143639 WARNING cm-test-18.0 odoo.addons.numa_poly.models.poly: [poly] Removing non-existent column 'users' from res.groups query during boot. 
2026-03-25 01:26:08,415 143639 WARNING cm-test-18.0 odoo.addons.numa_poly.models.poly: [poly] Removing non-existent column 'users' from res.groups query during boot. 
2026-03-25 01:26:08,443 143639 WARNING cm-test-18.0 odoo.addons.numa_poly.models.poly: [poly] Removing non-existent column 'implied_ids' from res.groups query during boot. 
2026-03-25 01:26:08,449 143639 WARNING cm-test-18.0 odoo.addons.numa_poly.models.poly: [poly] Removing non-existent column 'users' from res.groups query during boot. 
2026-03-25 01:26:08,451 143639 WARNING cm-test-18.0 odoo.addons.numa_poly.models.poly: [poly] Removing non-existent column 'users' from res.groups query during boot. 
2026-03-25 01:26:08,467 143639 WARNING cm-test-18.0 odoo.addons.numa_poly.models.poly: [poly] Removing non-existent column 'implied_ids' from res.groups query during boot. 
2026-03-25 01:26:08,472 143639 WARNING cm-test-18.0 odoo.addons.numa_poly.models.poly: [poly] Removing non-existent column 'users' from res.groups query during boot. 
2026-03-25 01:26:08,474 143639 WARNING cm-test-18.0 odoo.addons.numa_poly.models.poly: [poly] Removing non-existent column 'users' from res.groups query during boot. 
2026-03-25 01:26:08,503 143639 INFO cm-test-18.0 odoo.modules.loading: loading website/security/ir.model.access.csv 
2026-03-25 01:26:08,512 143639 WARNING cm-test-18.0 odoo.addons.numa_poly.models.poly: [poly] Removing non-existent column 'flag_image' from res.lang query during boot. 
2026-03-25 01:26:08,589 143639 INFO cm-test-18.0 odoo.modules.loading: loading website/data/image_library.xml 
2026-03-25 01:26:08,854 143639 INFO cm-test-18.0 odoo.modules.loading: loading website/data/ir_asset.xml 
2026-03-25 01:26:08,866 143639 INFO cm-test-18.0 odoo.modules.loading: loading website/data/ir_cron_data.xml 
2026-03-25 01:26:08,890 143639 INFO cm-test-18.0 odoo.modules.loading: loading website/data/mail_mail_data.xml 
2026-03-25 01:26:08,900 143639 WARNING cm-test-18.0 odoo.addons.numa_poly.models.poly: [poly] Removing non-existent column 'implied_ids' from res.groups query during boot. 
2026-03-25 01:26:08,902 143639 WARNING cm-test-18.0 odoo.addons.numa_poly.models.poly: [poly] Removing non-existent column 'groups_id' from res.users query during boot. 
2026-03-25 01:26:08,903 143639 INFO cm-test-18.0 odoo.modules.loading: loading website/data/website_data.xml 
2026-03-25 01:26:09,208 143639 WARNING cm-test-18.0 odoo.addons.numa_poly.models.poly: [poly] Removing non-existent column 'implied_ids' from res.groups query during boot. 
2026-03-25 01:26:09,211 143639 WARNING cm-test-18.0 odoo.addons.numa_poly.models.poly: [poly] Removing non-existent column 'groups_id' from res.users query during boot. 
2026-03-25 01:26:09,292 143639 WARNING cm-test-18.0 odoo.addons.numa_poly.models.poly: [poly] Removing non-existent column 'page_ids' from ir.ui.view query during boot. 
2026-03-25 01:26:09,305 143639 WARNING cm-test-18.0 odoo.addons.numa_poly.models.poly: [poly] Removing non-existent column 'page_ids' from ir.ui.view query during boot. 
2026-03-25 01:26:09,316 143639 WARNING cm-test-18.0 odoo.addons.numa_poly.models.poly: [poly] Removing non-existent column 'page_ids' from ir.ui.view query during boot. 
2026-03-25 01:26:09,328 143639 WARNING cm-test-18.0 odoo.addons.numa_poly.models.poly: [poly] Removing non-existent column 'page_ids' from ir.ui.view query during boot. 
2026-03-25 01:26:09,339 143639 WARNING cm-test-18.0 odoo.addons.numa_poly.models.poly: [poly] Removing non-existent column 'page_ids' from ir.ui.view query during boot. 
2026-03-25 01:26:09,348 143639 WARNING cm-test-18.0 odoo.addons.numa_poly.models.poly: [poly] Removing non-existent column 'page_ids' from ir.ui.view query during boot. 
2026-03-25 01:26:09,411 143639 INFO cm-test-18.0 odoo.modules.loading: loading website/data/website_visitor_cron.xml 
2026-03-25 01:26:09,422 143639 INFO cm-test-18.0 odoo.modules.loading: loading website/data/digest_data.xml 
2026-03-25 01:26:09,427 143639 WARNING cm-test-18.0 odoo.addons.numa_poly.models.poly: [poly] Removing non-existent column 'flag_image' from res.lang query during boot. 
2026-03-25 01:26:09,442 143639 INFO cm-test-18.0 odoo.modules.loading: loading website/views/website_templates.xml 
2026-03-25 01:26:09,459 143639 WARNING cm-test-18.0 odoo.addons.numa_poly.models.poly: [poly] Removing non-existent column 'page_ids' from ir.ui.view query during boot. 
2026-03-25 01:26:09,469 143639 WARNING cm-test-18.0 odoo.addons.numa_poly.models.poly: [poly] Removing non-existent column 'page_ids' from ir.ui.view query during boot. 
2026-03-25 01:26:09,470 143639 WARNING cm-test-18.0 odoo.addons.numa_poly.models.poly: [poly] Removing non-existent column 'groups_id' from ir.ui.view query during boot. 
2026-03-25 01:26:09,489 143639 WARNING cm-test-18.0 odoo.addons.numa_poly.models.poly: [poly] Removing non-existent column 'page_ids' from ir.ui.view query during boot. 
2026-03-25 01:26:09,489 143639 WARNING cm-test-18.0 odoo.addons.numa_poly.models.poly: [poly] Removing non-existent column 'groups_id' from ir.ui.view query during boot. 
2026-03-25 01:26:09,502 143639 WARNING cm-test-18.0 odoo.addons.numa_poly.models.poly: [poly] Removing non-existent column 'page_ids' from ir.ui.view query during boot. 
2026-03-25 01:26:09,503 143639 WARNING cm-test-18.0 odoo.addons.numa_poly.models.poly: [poly] Removing non-existent column 'groups_id' from ir.ui.view query during boot. 
2026-03-25 01:26:09,518 143639 WARNING cm-test-18.0 odoo.addons.numa_poly.models.poly: [poly] Removing non-existent column 'page_ids' from ir.ui.view query during boot. 
2026-03-25 01:26:09,518 143639 WARNING cm-test-18.0 odoo.addons.numa_poly.models.poly: [poly] Removing non-existent column 'groups_id' from ir.ui.view query during boot. 
2026-03-25 01:26:09,529 143639 WARNING cm-test-18.0 odoo.addons.numa_poly.models.poly: [poly] Removing non-existent column 'page_ids' from ir.ui.view query during boot. 
2026-03-25 01:26:09,536 143639 WARNING cm-test-18.0 odoo.addons.numa_poly.models.poly: [poly] Removing non-existent column 'page_ids' from ir.ui.view query during boot. 
2026-03-25 01:26:09,542 143639 WARNING cm-test-18.0 odoo.addons.numa_poly.models.poly: [poly] Removing non-existent column 'page_ids' from ir.ui.view query during boot. 
2026-03-25 01:26:09,550 143639 WARNING cm-test-18.0 odoo.addons.numa_poly.models.poly: [poly] Removing non-existent column 'page_ids' from ir.ui.view query during boot. 
2026-03-25 01:26:09,564 143639 WARNING cm-test-18.0 odoo.addons.numa_poly.models.poly: [poly] Removing non-existent column 'page_ids' from ir.ui.view query during boot. 
2026-03-25 01:26:09,565 143639 WARNING cm-test-18.0 odoo.addons.numa_poly.models.poly: [poly] Removing non-existent column 'groups_id' from ir.ui.view query during boot. 
2026-03-25 01:26:09,573 143639 WARNING cm-test-18.0 odoo.addons.numa_poly.models.poly: [poly] Removing non-existent column 'page_ids' from ir.ui.view query during boot. 
2026-03-25 01:26:09,574 143639 WARNING cm-test-18.0 odoo.addons.numa_poly.models.poly: [poly] Removing non-existent column 'groups_id' from ir.ui.view query during boot. 
2026-03-25 01:26:09,581 143639 WARNING cm-test-18.0 odoo.addons.numa_poly.models.poly: [poly] Removing non-existent column 'page_ids' from ir.ui.view query during boot. 
2026-03-25 01:26:09,581 143639 WARNING cm-test-18.0 odoo.addons.numa_poly.models.poly: [poly] Removing non-existent column 'groups_id' from ir.ui.view query during boot. 
2026-03-25 01:26:09,595 143639 WARNING cm-test-18.0 odoo.addons.numa_poly.models.poly: [poly] Removing non-existent column 'page_ids' from ir.ui.view query during boot. 
2026-03-25 01:26:09,596 143639 WARNING cm-test-18.0 odoo.addons.numa_poly.models.poly: [poly] Removing non-existent column 'groups_id' from ir.ui.view query during boot. 
2026-03-25 01:26:09,613 143639 WARNING cm-test-18.0 odoo.addons.numa_poly.models.poly: [poly] Removing non-existent column 'page_ids' from ir.ui.view query during boot. 
2026-03-25 01:26:09,615 143639 WARNING cm-test-18.0 odoo.addons.numa_poly.models.poly: [poly] Removing non-existent column 'groups_id' from ir.ui.view query during boot. 
2026-03-25 01:26:09,628 143639 WARNING cm-test-18.0 odoo.addons.numa_poly.models.poly: [poly] Removing non-existent column 'page_ids' from ir.ui.view query during boot. 
2026-03-25 01:26:09,630 143639 WARNING cm-test-18.0 odoo.addons.numa_poly.models.poly: [poly] Removing non-existent column 'groups_id' from ir.ui.view query during boot. 
2026-03-25 01:26:09,644 143639 WARNING cm-test-18.0 odoo.addons.numa_poly.models.poly: [poly] Removing non-existent column 'page_ids' from ir.ui.view query during boot. 
2026-03-25 01:26:09,644 143639 WARNING cm-test-18.0 odoo.addons.numa_poly.models.poly: [poly] Removing non-existent column 'groups_id' from ir.ui.view query during boot. 
2026-03-25 01:26:09,662 143639 WARNING cm-test-18.0 odoo.addons.numa_poly.models.poly: [poly] Removing non-existent column 'page_ids' from ir.ui.view query during boot. 
2026-03-25 01:26:09,663 143639 WARNING cm-test-18.0 odoo.addons.numa_poly.models.poly: [poly] Removing non-existent column 'groups_id' from ir.ui.view query during boot. 
2026-03-25 01:26:09,678 143639 WARNING cm-test-18.0 odoo.addons.numa_poly.models.poly: [poly] Removing non-existent column 'page_ids' from ir.ui.view query during boot. 
2026-03-25 01:26:09,679 143639 WARNING cm-test-18.0 odoo.addons.numa_poly.models.poly: [poly] Removing non-existent column 'groups_id' from ir.ui.view query during boot. 
2026-03-25 01:26:09,691 143639 WARNING cm-test-18.0 odoo.addons.numa_poly.models.poly: [poly] Removing non-existent column 'page_ids' from ir.ui.view query during boot. 
2026-03-25 01:26:09,692 143639 WARNING cm-test-18.0 odoo.addons.numa_poly.models.poly: [poly] Removing non-existent column 'groups_id' from ir.ui.view query during boot. 
2026-03-25 01:26:09,705 143639 WARNING cm-test-18.0 odoo.addons.numa_poly.models.poly: [poly] Removing non-existent column 'page_ids' from ir.ui.view query during boot. 
2026-03-25 01:26:09,706 143639 WARNING cm-test-18.0 odoo.addons.numa_poly.models.poly: [poly] Removing non-existent column 'groups_id' from ir.ui.view query during boot. 
2026-03-25 01:26:09,722 143639 WARNING cm-test-18.0 odoo.addons.numa_poly.models.poly: [poly] Removing non-existent column 'page_ids' from ir.ui.view query during boot. 
2026-03-25 01:26:09,723 143639 WARNING cm-test-18.0 odoo.addons.numa_poly.models.poly: [poly] Removing non-existent column 'groups_id' from ir.ui.view query during boot. 
2026-03-25 01:26:09,735 143639 WARNING cm-test-18.0 odoo.addons.numa_poly.models.poly: [poly] Removing non-existent column 'page_ids' from ir.ui.view query during boot. 
2026-03-25 01:26:09,736 143639 WARNING cm-test-18.0 odoo.addons.numa_poly.models.poly: [poly] Removing non-existent column 'groups_id' from ir.ui.view query during boot. 
2026-03-25 01:26:09,749 143639 WARNING cm-test-18.0 odoo.addons.numa_poly.models.poly: [poly] Removing non-existent column 'page_ids' from ir.ui.view query during boot. 
2026-03-25 01:26:09,749 143639 WARNING cm-test-18.0 odoo.addons.numa_poly.models.poly: [poly] Removing non-existent column 'groups_id' from ir.ui.view query during boot. 
2026-03-25 01:26:09,766 143639 WARNING cm-test-18.0 odoo.addons.numa_poly.models.poly: [poly] Removing non-existent column 'page_ids' from ir.ui.view query during boot. 
2026-03-25 01:26:09,766 143639 WARNING cm-test-18.0 odoo.addons.numa_poly.models.poly: [poly] Removing non-existent column 'groups_id' from ir.ui.view query during boot. 
2026-03-25 01:26:09,778 143639 WARNING cm-test-18.0 odoo.addons.numa_poly.models.poly: [poly] Removing non-existent column 'page_ids' from ir.ui.view query during boot. 
2026-03-25 01:26:09,778 143639 WARNING cm-test-18.0 odoo.addons.numa_poly.models.poly: [poly] Removing non-existent column 'groups_id' from ir.ui.view query during boot. 
2026-03-25 01:26:09,791 143639 WARNING cm-test-18.0 odoo.addons.numa_poly.models.poly: [poly] Removing non-existent column 'page_ids' from ir.ui.view query during boot. 
2026-03-25 01:26:09,792 143639 WARNING cm-test-18.0 odoo.addons.numa_poly.models.poly: [poly] Removing non-existent column 'groups_id' from ir.ui.view query during boot. 
2026-03-25 01:26:09,804 143639 WARNING cm-test-18.0 odoo.addons.numa_poly.models.poly: [poly] Removing non-existent column 'page_ids' from ir.ui.view query during boot. 
2026-03-25 01:26:09,805 143639 WARNING cm-test-18.0 odoo.addons.numa_poly.models.poly: [poly] Removing non-existent column 'groups_id' from ir.ui.view query during boot. 
2026-03-25 01:26:09,820 143639 WARNING cm-test-18.0 odoo.addons.numa_poly.models.poly: [poly] Removing non-existent column 'page_ids' from ir.ui.view query during boot. 
2026-03-25 01:26:09,821 143639 WARNING cm-test-18.0 odoo.addons.numa_poly.models.poly: [poly] Removing non-existent column 'groups_id' from ir.ui.view query during boot. 
2026-03-25 01:26:09,834 143639 WARNING cm-test-18.0 odoo.addons.numa_poly.models.poly: [poly] Removing non-existent column 'page_ids' from ir.ui.view query during boot. 
2026-03-25 01:26:09,835 143639 WARNING cm-test-18.0 odoo.addons.numa_poly.models.poly: [poly] Removing non-existent column 'groups_id' from ir.ui.view query during boot. 
2026-03-25 01:26:09,850 143639 WARNING cm-test-18.0 odoo.addons.numa_poly.models.poly: [poly] Removing non-existent column 'page_ids' from ir.ui.view query during boot. 
2026-03-25 01:26:09,850 143639 WARNING cm-test-18.0 odoo.addons.numa_poly.models.poly: [poly] Removing non-existent column 'groups_id' from ir.ui.view query during boot. 
2026-03-25 01:26:09,868 143639 WARNING cm-test-18.0 odoo.addons.numa_poly.models.poly: [poly] Removing non-existent column 'page_ids' from ir.ui.view query during boot. 
2026-03-25 01:26:09,869 143639 WARNING cm-test-18.0 odoo.addons.numa_poly.models.poly: [poly] Removing non-existent column 'groups_id' from ir.ui.view query during boot. 
2026-03-25 01:26:09,884 143639 WARNING cm-test-18.0 odoo.addons.numa_poly.models.poly: [poly] Removing non-existent column 'page_ids' from ir.ui.view query during boot. 
2026-03-25 01:26:09,885 143639 WARNING cm-test-18.0 odoo.addons.numa_poly.models.poly: [poly] Removing non-existent column 'groups_id' from ir.ui.view query during boot. 
2026-03-25 01:26:09,901 143639 WARNING cm-test-18.0 odoo.addons.numa_poly.models.poly: [poly] Removing non-existent column 'page_ids' from ir.ui.view query during boot. 
2026-03-25 01:26:09,902 143639 WARNING cm-test-18.0 odoo.addons.numa_poly.models.poly: [poly] Removing non-existent column 'groups_id' from ir.ui.view query during boot. 
2026-03-25 01:26:09,921 143639 WARNING cm-test-18.0 odoo.addons.numa_poly.models.poly: [poly] Removing non-existent column 'page_ids' from ir.ui.view query during boot. 
2026-03-25 01:26:09,922 143639 WARNING cm-test-18.0 odoo.addons.numa_poly.models.poly: [poly] Removing non-existent column 'groups_id' from ir.ui.view query during boot. 
2026-03-25 01:26:09,934 143639 WARNING cm-test-18.0 odoo.addons.numa_poly.models.poly: [poly] Removing non-existent column 'page_ids' from ir.ui.view query during boot. 
2026-03-25 01:26:09,934 143639 WARNING cm-test-18.0 odoo.addons.numa_poly.models.poly: [poly] Removing non-existent column 'groups_id' from ir.ui.view query during boot. 
2026-03-25 01:26:09,946 143639 WARNING cm-test-18.0 odoo.addons.numa_poly.models.poly: [poly] Removing non-existent column 'page_ids' from ir.ui.view query during boot. 
2026-03-25 01:26:09,947 143639 WARNING cm-test-18.0 odoo.addons.numa_poly.models.poly: [poly] Removing non-existent column 'groups_id' from ir.ui.view query during boot. 
2026-03-25 01:26:09,964 143639 WARNING cm-test-18.0 odoo.addons.numa_poly.models.poly: [poly] Removing non-existent column 'page_ids' from ir.ui.view query during boot. 
2026-03-25 01:26:09,965 143639 WARNING cm-test-18.0 odoo.addons.numa_poly.models.poly: [poly] Removing non-existent column 'groups_id' from ir.ui.view query during boot. 
2026-03-25 01:26:09,979 143639 WARNING cm-test-18.0 odoo.addons.numa_poly.models.poly: [poly] Removing non-existent column 'page_ids' from ir.ui.view query during boot. 
2026-03-25 01:26:09,980 143639 WARNING cm-test-18.0 odoo.addons.numa_poly.models.poly: [poly] Removing non-existent column 'groups_id' from ir.ui.view query during boot. 
2026-03-25 01:26:09,993 143639 WARNING cm-test-18.0 odoo.addons.numa_poly.models.poly: [poly] Removing non-existent column 'page_ids' from ir.ui.view query during boot. 
2026-03-25 01:26:09,993 143639 WARNING cm-test-18.0 odoo.addons.numa_poly.models.poly: [poly] Removing non-existent column 'groups_id' from ir.ui.view query during boot. 
2026-03-25 01:26:10,008 143639 WARNING cm-test-18.0 odoo.addons.numa_poly.models.poly: [poly] Removing non-existent column 'page_ids' from ir.ui.view query during boot. 
2026-03-25 01:26:10,009 143639 WARNING cm-test-18.0 odoo.addons.numa_poly.models.poly: [poly] Removing non-existent column 'groups_id' from ir.ui.view query during boot. 
2026-03-25 01:26:10,025 143639 WARNING cm-test-18.0 odoo.addons.numa_poly.models.poly: [poly] Removing non-existent column 'page_ids' from ir.ui.view query during boot. 
2026-03-25 01:26:10,025 143639 WARNING cm-test-18.0 odoo.addons.numa_poly.models.poly: [poly] Removing non-existent column 'groups_id' from ir.ui.view query during boot. 
2026-03-25 01:26:10,038 143639 WARNING cm-test-18.0 odoo.addons.numa_poly.models.poly: [poly] Removing non-existent column 'page_ids' from ir.ui.view query during boot. 
2026-03-25 01:26:10,038 143639 WARNING cm-test-18.0 odoo.addons.numa_poly.models.poly: [poly] Removing non-existent column 'groups_id' from ir.ui.view query during boot. 
2026-03-25 01:26:10,051 143639 WARNING cm-test-18.0 odoo.addons.numa_poly.models.poly: [poly] Removing non-existent column 'page_ids' from ir.ui.view query during boot. 
2026-03-25 01:26:10,053 143639 WARNING cm-test-18.0 odoo.addons.numa_poly.models.poly: [poly] Removing non-existent column 'groups_id' from ir.ui.view query during boot. 
2026-03-25 01:26:10,074 143639 WARNING cm-test-18.0 odoo.addons.numa_poly.models.poly: [poly] Removing non-existent column 'page_ids' from ir.ui.view query during boot. 
2026-03-25 01:26:10,075 143639 WARNING cm-test-18.0 odoo.addons.numa_poly.models.poly: [poly] Removing non-existent column 'groups_id' from ir.ui.view query during boot. 
2026-03-25 01:26:10,093 143639 WARNING cm-test-18.0 odoo.addons.numa_poly.models.poly: [poly] Removing non-existent column 'page_ids' from ir.ui.view query during boot. 
2026-03-25 01:26:10,101 143639 WARNING cm-test-18.0 odoo.addons.numa_poly.models.poly: [poly] Removing non-existent column 'page_ids' from ir.ui.view query during boot. 
2026-03-25 01:26:10,102 143639 WARNING cm-test-18.0 odoo.addons.numa_poly.models.poly: [poly] Removing non-existent column 'groups_id' from ir.ui.view query during boot. 
2026-03-25 01:26:10,114 143639 WARNING cm-test-18.0 odoo.addons.numa_poly.models.poly: [poly] Removing non-existent column 'page_ids' from ir.ui.view query during boot. 
2026-03-25 01:26:10,115 143639 WARNING cm-test-18.0 odoo.addons.numa_poly.models.poly: [poly] Removing non-existent column 'groups_id' from ir.ui.view query during boot. 
2026-03-25 01:26:10,122 143639 WARNING cm-test-18.0 odoo.addons.numa_poly.models.poly: [poly] Removing non-existent column 'page_ids' from ir.ui.view query during boot. 
2026-03-25 01:26:10,123 143639 WARNING cm-test-18.0 odoo.addons.numa_poly.models.poly: [poly] Removing non-existent column 'groups_id' from ir.ui.view query during boot. 
2026-03-25 01:26:10,135 143639 WARNING cm-test-18.0 odoo.addons.numa_poly.models.poly: [poly] Removing non-existent column 'page_ids' from ir.ui.view query during boot. 
2026-03-25 01:26:10,135 143639 WARNING cm-test-18.0 odoo.addons.numa_poly.models.poly: [poly] Removing non-existent column 'groups_id' from ir.ui.view query during boot. 
2026-03-25 01:26:10,149 143639 WARNING cm-test-18.0 odoo.addons.numa_poly.models.poly: [poly] Removing non-existent column 'page_ids' from ir.ui.view query during boot. 
2026-03-25 01:26:10,150 143639 WARNING cm-test-18.0 odoo.addons.numa_poly.models.poly: [poly] Removing non-existent column 'groups_id' from ir.ui.view query during boot. 
2026-03-25 01:26:10,167 143639 WARNING cm-test-18.0 odoo.addons.numa_poly.models.poly: [poly] Removing non-existent column 'page_ids' from ir.ui.view query during boot. 
2026-03-25 01:26:10,167 143639 WARNING cm-test-18.0 odoo.addons.numa_poly.models.poly: [poly] Removing non-existent column 'groups_id' from ir.ui.view query during boot. 
2026-03-25 01:26:10,180 143639 WARNING cm-test-18.0 odoo.addons.numa_poly.models.poly: [poly] Removing non-existent column 'page_ids' from ir.ui.view query during boot. 
2026-03-25 01:26:10,181 143639 WARNING cm-test-18.0 odoo.addons.numa_poly.models.poly: [poly] Removing non-existent column 'groups_id' from ir.ui.view query during boot. 
2026-03-25 01:26:10,192 143639 WARNING cm-test-18.0 odoo.addons.numa_poly.models.poly: [poly] Removing non-existent column 'page_ids' from ir.ui.view query during boot. 
2026-03-25 01:26:10,193 143639 WARNING cm-test-18.0 odoo.addons.numa_poly.models.poly: [poly] Removing non-existent column 'groups_id' from ir.ui.view query during boot. 
2026-03-25 01:26:10,200 143639 WARNING cm-test-18.0 odoo.addons.numa_poly.models.poly: [poly] Removing non-existent column 'page_ids' from ir.ui.view query during boot. 
2026-03-25 01:26:10,201 143639 WARNING cm-test-18.0 odoo.addons.numa_poly.models.poly: [poly] Removing non-existent column 'groups_id' from ir.ui.view query during boot. 
2026-03-25 01:26:10,218 143639 WARNING cm-test-18.0 odoo.addons.numa_poly.models.poly: [poly] Removing non-existent column 'page_ids' from ir.ui.view query during boot. 
2026-03-25 01:26:10,218 143639 WARNING cm-test-18.0 odoo.addons.numa_poly.models.poly: [poly] Removing non-existent column 'groups_id' from ir.ui.view query during boot. 
2026-03-25 01:26:10,225 143639 WARNING cm-test-18.0 odoo.addons.numa_poly.models.poly: [poly] Removing non-existent column 'page_ids' from ir.ui.view query during boot. 
2026-03-25 01:26:10,226 143639 WARNING cm-test-18.0 odoo.addons.numa_poly.models.poly: [poly] Removing non-existent column 'groups_id' from ir.ui.view query during boot. 
2026-03-25 01:26:10,238 143639 WARNING cm-test-18.0 odoo.addons.numa_poly.models.poly: [poly] Removing non-existent column 'page_ids' from ir.ui.view query during boot. 
2026-03-25 01:26:10,238 143639 WARNING cm-test-18.0 odoo.addons.numa_poly.models.poly: [poly] Removing non-existent column 'groups_id' from ir.ui.view query during boot. 
2026-03-25 01:26:10,256 143639 WARNING cm-test-18.0 odoo.addons.numa_poly.models.poly: [poly] Removing non-existent column 'page_ids' from ir.ui.view query during boot. 
2026-03-25 01:26:10,257 143639 WARNING cm-test-18.0 odoo.addons.numa_poly.models.poly: [poly] Removing non-existent column 'groups_id' from ir.ui.view query during boot. 
2026-03-25 01:26:10,270 143639 WARNING cm-test-18.0 odoo.addons.numa_poly.models.poly: [poly] Removing non-existent column 'page_ids' from ir.ui.view query during boot. 
2026-03-25 01:26:10,271 143639 WARNING cm-test-18.0 odoo.addons.numa_poly.models.poly: [poly] Removing non-existent column 'groups_id' from ir.ui.view query during boot. 
2026-03-25 01:26:10,285 143639 WARNING cm-test-18.0 odoo.addons.numa_poly.models.poly: [poly] Removing non-existent column 'page_ids' from ir.ui.view query during boot. 
2026-03-25 01:26:10,286 143639 WARNING cm-test-18.0 odoo.addons.numa_poly.models.poly: [poly] Removing non-existent column 'groups_id' from ir.ui.view query during boot. 
2026-03-25 01:26:10,301 143639 WARNING cm-test-18.0 odoo.addons.numa_poly.models.poly: [poly] Removing non-existent column 'page_ids' from ir.ui.view query during boot. 
2026-03-25 01:26:10,303 143639 WARNING cm-test-18.0 odoo.addons.numa_poly.models.poly: [poly] Removing non-existent column 'groups_id' from ir.ui.view query during boot. 
2026-03-25 01:26:10,317 143639 WARNING cm-test-18.0 odoo.addons.numa_poly.models.poly: [poly] Removing non-existent column 'page_ids' from ir.ui.view query during boot. 
2026-03-25 01:26:10,317 143639 WARNING cm-test-18.0 odoo.addons.numa_poly.models.poly: [poly] Removing non-existent column 'groups_id' from ir.ui.view query during boot. 
2026-03-25 01:26:10,333 143639 WARNING cm-test-18.0 odoo.addons.numa_poly.models.poly: [poly] Removing non-existent column 'page_ids' from ir.ui.view query during boot. 
2026-03-25 01:26:10,334 143639 WARNING cm-test-18.0 odoo.addons.numa_poly.models.poly: [poly] Removing non-existent column 'groups_id' from ir.ui.view query during boot. 
2026-03-25 01:26:10,353 143639 WARNING cm-test-18.0 odoo.addons.numa_poly.models.poly: [poly] Removing non-existent column 'page_ids' from ir.ui.view query during boot. 
2026-03-25 01:26:10,354 143639 WARNING cm-test-18.0 odoo.addons.numa_poly.models.poly: [poly] Removing non-existent column 'groups_id' from ir.ui.view query during boot. 
2026-03-25 01:26:10,369 143639 WARNING cm-test-18.0 odoo.addons.numa_poly.models.poly: [poly] Removing non-existent column 'page_ids' from ir.ui.view query during boot. 
2026-03-25 01:26:10,369 143639 WARNING cm-test-18.0 odoo.addons.numa_poly.models.poly: [poly] Removing non-existent column 'groups_id' from ir.ui.view query during boot. 
2026-03-25 01:26:10,384 143639 WARNING cm-test-18.0 odoo.addons.numa_poly.models.poly: [poly] Removing non-existent column 'page_ids' from ir.ui.view query during boot. 
2026-03-25 01:26:10,385 143639 WARNING cm-test-18.0 odoo.addons.numa_poly.models.poly: [poly] Removing non-existent column 'groups_id' from ir.ui.view query during boot. 
2026-03-25 01:26:10,396 143639 WARNING cm-test-18.0 odoo.addons.numa_poly.models.poly: [poly] Removing non-existent column 'page_ids' from ir.ui.view query during boot. 
2026-03-25 01:26:10,397 143639 WARNING cm-test-18.0 odoo.addons.numa_poly.models.poly: [poly] Removing non-existent column 'groups_id' from ir.ui.view query during boot. 
2026-03-25 01:26:10,411 143639 WARNING cm-test-18.0 odoo.addons.numa_poly.models.poly: [poly] Removing non-existent column 'page_ids' from ir.ui.view query during boot. 
2026-03-25 01:26:10,411 143639 WARNING cm-test-18.0 odoo.addons.numa_poly.models.poly: [poly] Removing non-existent column 'groups_id' from ir.ui.view query during boot. 
2026-03-25 01:26:10,429 143639 WARNING cm-test-18.0 odoo.addons.numa_poly.models.poly: [poly] Removing non-existent column 'page_ids' from ir.ui.view query during boot. 
2026-03-25 01:26:10,430 143639 WARNING cm-test-18.0 odoo.addons.numa_poly.models.poly: [poly] Removing non-existent column 'groups_id' from ir.ui.view query during boot. 
2026-03-25 01:26:10,446 143639 WARNING cm-test-18.0 odoo.addons.numa_poly.models.poly: [poly] Removing non-existent column 'page_ids' from ir.ui.view query during boot. 
2026-03-25 01:26:10,455 143639 WARNING cm-test-18.0 odoo.addons.numa_poly.models.poly: [poly] Removing non-existent column 'page_ids' from ir.ui.view query during boot. 
2026-03-25 01:26:10,456 143639 WARNING cm-test-18.0 odoo.addons.numa_poly.models.poly: [poly] Removing non-existent column 'groups_id' from ir.ui.view query during boot. 
2026-03-25 01:26:10,468 143639 WARNING cm-test-18.0 odoo.addons.numa_poly.models.poly: [poly] Removing non-existent column 'page_ids' from ir.ui.view query during boot. 
2026-03-25 01:26:10,470 143639 WARNING cm-test-18.0 odoo.addons.numa_poly.models.poly: [poly] Removing non-existent column 'groups_id' from ir.ui.view query during boot. 
2026-03-25 01:26:10,482 143639 WARNING cm-test-18.0 odoo.addons.numa_poly.models.poly: [poly] Removing non-existent column 'page_ids' from ir.ui.view query during boot. 
2026-03-25 01:26:10,492 143639 WARNING cm-test-18.0 odoo.addons.numa_poly.models.poly: [poly] Removing non-existent column 'page_ids' from ir.ui.view query during boot. 
2026-03-25 01:26:10,492 143639 WARNING cm-test-18.0 odoo.addons.numa_poly.models.poly: [poly] Removing non-existent column 'groups_id' from ir.ui.view query during boot. 
2026-03-25 01:26:10,499 143639 WARNING cm-test-18.0 odoo.addons.numa_poly.models.poly: [poly] Removing non-existent column 'page_ids' from ir.ui.view query during boot. 
2026-03-25 01:26:10,500 143639 WARNING cm-test-18.0 odoo.addons.numa_poly.models.poly: [poly] Removing non-existent column 'groups_id' from ir.ui.view query during boot. 
2026-03-25 01:26:10,507 143639 WARNING cm-test-18.0 odoo.addons.numa_poly.models.poly: [poly] Removing non-existent column 'page_ids' from ir.ui.view query during boot. 
2026-03-25 01:26:10,507 143639 WARNING cm-test-18.0 odoo.addons.numa_poly.models.poly: [poly] Removing non-existent column 'groups_id' from ir.ui.view query during boot. 
2026-03-25 01:26:10,514 143639 WARNING cm-test-18.0 odoo.addons.numa_poly.models.poly: [poly] Removing non-existent column 'page_ids' from ir.ui.view query during boot. 
2026-03-25 01:26:10,515 143639 WARNING cm-test-18.0 odoo.addons.numa_poly.models.poly: [poly] Removing non-existent column 'groups_id' from ir.ui.view query during boot. 
2026-03-25 01:26:10,527 143639 WARNING cm-test-18.0 odoo.addons.numa_poly.models.poly: [poly] Removing non-existent column 'page_ids' from ir.ui.view query during boot. 
2026-03-25 01:26:10,528 143639 WARNING cm-test-18.0 odoo.addons.numa_poly.models.poly: [poly] Removing non-existent column 'groups_id' from ir.ui.view query during boot. 
2026-03-25 01:26:10,540 143639 WARNING cm-test-18.0 odoo.addons.numa_poly.models.poly: [poly] Removing non-existent column 'page_ids' from ir.ui.view query during boot. 
2026-03-25 01:26:10,541 143639 WARNING cm-test-18.0 odoo.addons.numa_poly.models.poly: [poly] Removing non-existent column 'groups_id' from ir.ui.view query during boot. 
2026-03-25 01:26:10,558 143639 WARNING cm-test-18.0 odoo.addons.numa_poly.models.poly: [poly] Removing non-existent column 'page_ids' from ir.ui.view query during boot. 
2026-03-25 01:26:10,559 143639 WARNING cm-test-18.0 odoo.addons.numa_poly.models.poly: [poly] Removing non-existent column 'groups_id' from ir.ui.view query during boot. 
2026-03-25 01:26:10,573 143639 WARNING cm-test-18.0 odoo.addons.numa_poly.models.poly: [poly] Removing non-existent column 'page_ids' from ir.ui.view query during boot. 
2026-03-25 01:26:10,574 143639 WARNING cm-test-18.0 odoo.addons.numa_poly.models.poly: [poly] Removing non-existent column 'groups_id' from ir.ui.view query during boot. 
2026-03-25 01:26:10,588 143639 WARNING cm-test-18.0 odoo.addons.numa_poly.models.poly: [poly] Removing non-existent column 'page_ids' from ir.ui.view query during boot. 
2026-03-25 01:26:10,589 143639 WARNING cm-test-18.0 odoo.addons.numa_poly.models.poly: [poly] Removing non-existent column 'groups_id' from ir.ui.view query during boot. 
2026-03-25 01:26:10,605 143639 WARNING cm-test-18.0 odoo.addons.numa_poly.models.poly: [poly] Removing non-existent column 'page_ids' from ir.ui.view query during boot. 
2026-03-25 01:26:10,618 143639 WARNING cm-test-18.0 odoo.addons.numa_poly.models.poly: [poly] Removing non-existent column 'page_ids' from ir.ui.view query during boot. 
2026-03-25 01:26:10,619 143639 WARNING cm-test-18.0 odoo.addons.numa_poly.models.poly: [poly] Removing non-existent column 'groups_id' from ir.ui.view query during boot. 
2026-03-25 01:26:10,627 143639 WARNING cm-test-18.0 odoo.addons.numa_poly.models.poly: [poly] Removing non-existent column 'page_ids' from ir.ui.view query during boot. 
2026-03-25 01:26:10,628 143639 WARNING cm-test-18.0 odoo.addons.numa_poly.models.poly: [poly] Removing non-existent column 'groups_id' from ir.ui.view query during boot. 
2026-03-25 01:26:10,638 143639 WARNING cm-test-18.0 odoo.addons.numa_poly.models.poly: [poly] Removing non-existent column 'page_ids' from ir.ui.view query during boot. 
2026-03-25 01:26:10,639 143639 WARNING cm-test-18.0 odoo.addons.numa_poly.models.poly: [poly] Removing non-existent column 'groups_id' from ir.ui.view query during boot. 
2026-03-25 01:26:10,647 143639 WARNING cm-test-18.0 odoo.addons.numa_poly.models.poly: [poly] Removing non-existent column 'page_ids' from ir.ui.view query during boot. 
2026-03-25 01:26:10,648 143639 WARNING cm-test-18.0 odoo.addons.numa_poly.models.poly: [poly] Removing non-existent column 'groups_id' from ir.ui.view query during boot. 
2026-03-25 01:26:10,656 143639 WARNING cm-test-18.0 odoo.addons.numa_poly.models.poly: [poly] Removing non-existent column 'page_ids' from ir.ui.view query during boot. 
2026-03-25 01:26:10,666 143639 WARNING cm-test-18.0 odoo.addons.numa_poly.models.poly: [poly] Removing non-existent column 'page_ids' from ir.ui.view query during boot. 
2026-03-25 01:26:10,676 143639 WARNING cm-test-18.0 odoo.addons.numa_poly.models.poly: [poly] Removing non-existent column 'page_ids' from ir.ui.view query during boot. 
2026-03-25 01:26:10,678 143639 WARNING cm-test-18.0 odoo.addons.numa_poly.models.poly: [poly] Removing non-existent column 'groups_id' from ir.ui.view query during boot. 
2026-03-25 01:26:10,688 143639 WARNING cm-test-18.0 odoo.addons.numa_poly.models.poly: [poly] Removing non-existent column 'page_ids' from ir.ui.view query during boot. 
2026-03-25 01:26:10,698 143639 WARNING cm-test-18.0 odoo.addons.numa_poly.models.poly: [poly] Removing non-existent column 'page_ids' from ir.ui.view query during boot. 
2026-03-25 01:26:10,698 143639 WARNING cm-test-18.0 odoo.addons.numa_poly.models.poly: [poly] Removing non-existent column 'groups_id' from ir.ui.view query during boot. 
2026-03-25 01:26:10,706 143639 WARNING cm-test-18.0 odoo.addons.numa_poly.models.poly: [poly] Removing non-existent column 'page_ids' from ir.ui.view query during boot. 
2026-03-25 01:26:10,713 143639 WARNING cm-test-18.0 odoo.addons.numa_poly.models.poly: [poly] Removing non-existent column 'page_ids' from ir.ui.view query during boot. 
2026-03-25 01:26:10,724 143639 WARNING cm-test-18.0 odoo.addons.numa_poly.models.poly: [poly] Removing non-existent column 'page_ids' from ir.ui.view query during boot. 
2026-03-25 01:26:10,738 143639 WARNING cm-test-18.0 odoo.addons.numa_poly.models.poly: [poly] Removing non-existent column 'page_ids' from ir.ui.view query during boot. 
2026-03-25 01:26:10,753 143639 WARNING cm-test-18.0 odoo.addons.numa_poly.models.poly: [poly] Removing non-existent column 'page_ids' from ir.ui.view query during boot. 
2026-03-25 01:26:10,768 143639 WARNING cm-test-18.0 odoo.addons.numa_poly.models.poly: [poly] Removing non-existent column 'page_ids' from ir.ui.view query during boot. 
2026-03-25 01:26:10,780 143639 WARNING cm-test-18.0 odoo.addons.numa_poly.models.poly: [poly] Removing non-existent column 'page_ids' from ir.ui.view query during boot. 
2026-03-25 01:26:10,791 143639 WARNING cm-test-18.0 odoo.addons.numa_poly.models.poly: [poly] Removing non-existent column 'page_ids' from ir.ui.view query during boot. 
2026-03-25 01:26:10,805 143639 WARNING cm-test-18.0 odoo.addons.numa_poly.models.poly: [poly] Removing non-existent column 'page_ids' from ir.ui.view query during boot. 
2026-03-25 01:26:10,806 143639 WARNING cm-test-18.0 odoo.addons.numa_poly.models.poly: [poly] Removing non-existent column 'groups_id' from ir.ui.view query during boot. 
2026-03-25 01:26:10,817 143639 WARNING cm-test-18.0 odoo.addons.numa_poly.models.poly: [poly] Removing non-existent column 'page_ids' from ir.ui.view query during boot. 
2026-03-25 01:26:10,827 143639 WARNING cm-test-18.0 odoo.addons.numa_poly.models.poly: [poly] Removing non-existent column 'page_ids' from ir.ui.view query during boot. 
2026-03-25 01:26:10,828 143639 WARNING cm-test-18.0 odoo.addons.numa_poly.models.poly: [poly] Removing non-existent column 'groups_id' from ir.ui.view query during boot. 
2026-03-25 01:26:10,839 143639 WARNING cm-test-18.0 odoo.addons.numa_poly.models.poly: [poly] Removing non-existent column 'page_ids' from ir.ui.view query during boot. 
2026-03-25 01:26:10,847 143639 WARNING cm-test-18.0 odoo.addons.numa_poly.models.poly: [poly] Removing non-existent column 'page_ids' from ir.ui.view query during boot. 
2026-03-25 01:26:10,856 143639 WARNING cm-test-18.0 odoo.addons.numa_poly.models.poly: [poly] Removing non-existent column 'page_ids' from ir.ui.view query during boot. 
2026-03-25 01:26:10,865 143639 WARNING cm-test-18.0 odoo.addons.numa_poly.models.poly: [poly] Removing non-existent column 'page_ids' from ir.ui.view query during boot. 
2026-03-25 01:26:10,875 143639 WARNING cm-test-18.0 odoo.addons.numa_poly.models.poly: [poly] Removing non-existent column 'page_ids' from ir.ui.view query during boot. 
2026-03-25 01:26:10,883 143639 WARNING cm-test-18.0 odoo.addons.numa_poly.models.poly: [poly] Removing non-existent column 'page_ids' from ir.ui.view query during boot. 
2026-03-25 01:26:10,891 143639 WARNING cm-test-18.0 odoo.addons.numa_poly.models.poly: [poly] Removing non-existent column 'page_ids' from ir.ui.view query during boot. 
2026-03-25 01:26:10,899 143639 WARNING cm-test-18.0 odoo.addons.numa_poly.models.poly: [poly] Removing non-existent column 'page_ids' from ir.ui.view query during boot. 
2026-03-25 01:26:10,907 143639 WARNING cm-test-18.0 odoo.addons.numa_poly.models.poly: [poly] Removing non-existent column 'page_ids' from ir.ui.view query during boot. 
2026-03-25 01:26:10,917 143639 WARNING cm-test-18.0 odoo.addons.numa_poly.models.poly: [poly] Removing non-existent column 'page_ids' from ir.ui.view query during boot. 
2026-03-25 01:26:10,918 143639 WARNING cm-test-18.0 odoo.addons.numa_poly.models.poly: [poly] Removing non-existent column 'groups_id' from ir.ui.view query during boot. 
2026-03-25 01:26:10,927 143639 WARNING cm-test-18.0 odoo.addons.numa_poly.models.poly: [poly] Removing non-existent column 'page_ids' from ir.ui.view query during boot. 
2026-03-25 01:26:10,940 143639 WARNING cm-test-18.0 odoo.addons.numa_poly.models.poly: [poly] Removing non-existent column 'page_ids' from ir.ui.view query during boot. 
2026-03-25 01:26:10,941 143639 WARNING cm-test-18.0 odoo.addons.numa_poly.models.poly: [poly] Removing non-existent column 'groups_id' from ir.ui.view query during boot. 
2026-03-25 01:26:10,955 143639 WARNING cm-test-18.0 odoo.addons.numa_poly.models.poly: [poly] Removing non-existent column 'page_ids' from ir.ui.view query during boot. 
2026-03-25 01:26:10,965 143639 WARNING cm-test-18.0 odoo.addons.numa_poly.models.poly: [poly] Removing non-existent column 'page_ids' from ir.ui.view query during boot. 
2026-03-25 01:26:10,966 143639 WARNING cm-test-18.0 odoo.addons.numa_poly.models.poly: [poly] Removing non-existent column 'groups_id' from ir.ui.view query during boot. 
2026-03-25 01:26:10,974 143639 WARNING cm-test-18.0 odoo.addons.numa_poly.models.poly: [poly] Removing non-existent column 'page_ids' from ir.ui.view query during boot. 
2026-03-25 01:26:10,983 143639 WARNING cm-test-18.0 odoo.addons.numa_poly.models.poly: [poly] Removing non-existent column 'page_ids' from ir.ui.view query during boot. 
2026-03-25 01:26:10,991 143639 WARNING cm-test-18.0 odoo.addons.numa_poly.models.poly: [poly] Removing non-existent column 'page_ids' from ir.ui.view query during boot. 
2026-03-25 01:26:10,992 143639 WARNING cm-test-18.0 odoo.addons.numa_poly.models.poly: [poly] Removing non-existent column 'groups_id' from ir.ui.view query during boot. 
2026-03-25 01:26:11,000 143639 WARNING cm-test-18.0 odoo.addons.numa_poly.models.poly: [poly] Removing non-existent column 'page_ids' from ir.ui.view query during boot. 
2026-03-25 01:26:11,011 143639 WARNING cm-test-18.0 odoo.addons.numa_poly.models.poly: [poly] Removing non-existent column 'page_ids' from ir.ui.view query during boot. 
2026-03-25 01:26:11,012 143639 WARNING cm-test-18.0 odoo.addons.numa_poly.models.poly: [poly] Removing non-existent column 'groups_id' from ir.ui.view query during boot. 
2026-03-25 01:26:11,018 143639 INFO cm-test-18.0 odoo.modules.loading: loading website/views/snippets/snippets.xml 
2026-03-25 01:26:11,037 143639 WARNING cm-test-18.0 odoo.addons.numa_poly.models.poly: [poly] Removing non-existent column 'page_ids' from ir.ui.view query during boot. 
2026-03-25 01:26:11,055 143639 WARNING cm-test-18.0 odoo.addons.numa_poly.models.poly: [poly] Removing non-existent column 'page_ids' from ir.ui.view query during boot. 
2026-03-25 01:26:11,055 143639 WARNING cm-test-18.0 odoo.addons.numa_poly.models.poly: [poly] Removing non-existent column 'groups_id' from ir.ui.view query during boot. 
2026-03-25 01:26:11,067 143639 WARNING cm-test-18.0 odoo.addons.numa_poly.models.poly: [poly] Removing non-existent column 'page_ids' from ir.ui.view query during boot. 
2026-03-25 01:26:11,068 143639 WARNING cm-test-18.0 odoo.addons.numa_poly.models.poly: [poly] Removing non-existent column 'groups_id' from ir.ui.view query during boot. 
2026-03-25 01:26:11,078 143639 WARNING cm-test-18.0 odoo.addons.numa_poly.models.poly: [poly] Removing non-existent column 'page_ids' from ir.ui.view query during boot. 
2026-03-25 01:26:11,091 143639 WARNING cm-test-18.0 odoo.addons.numa_poly.models.poly: [poly] Removing non-existent column 'page_ids' from ir.ui.view query during boot. 
2026-03-25 01:26:11,098 143639 WARNING cm-test-18.0 odoo.addons.numa_poly.models.poly: [poly] Removing non-existent column 'page_ids' from ir.ui.view query during boot. 
2026-03-25 01:26:11,105 143639 WARNING cm-test-18.0 odoo.addons.numa_poly.models.poly: [poly] Removing non-existent column 'page_ids' from ir.ui.view query during boot. 
2026-03-25 01:26:11,111 143639 WARNING cm-test-18.0 odoo.addons.numa_poly.models.poly: [poly] Removing non-existent column 'page_ids' from ir.ui.view query during boot. 
2026-03-25 01:26:11,118 143639 WARNING cm-test-18.0 odoo.addons.numa_poly.models.poly: [poly] Removing non-existent column 'page_ids' from ir.ui.view query during boot. 
2026-03-25 01:26:11,124 143639 WARNING cm-test-18.0 odoo.addons.numa_poly.models.poly: [poly] Removing non-existent column 'page_ids' from ir.ui.view query during boot. 
2026-03-25 01:26:11,131 143639 WARNING cm-test-18.0 odoo.addons.numa_poly.models.poly: [poly] Removing non-existent column 'page_ids' from ir.ui.view query during boot. 
2026-03-25 01:26:11,138 143639 WARNING cm-test-18.0 odoo.addons.numa_poly.models.poly: [poly] Removing non-existent column 'page_ids' from ir.ui.view query during boot. 
2026-03-25 01:26:11,153 143639 WARNING cm-test-18.0 odoo.addons.numa_poly.models.poly: [poly] Removing non-existent column 'page_ids' from ir.ui.view query during boot. 
2026-03-25 01:26:11,154 143639 WARNING cm-test-18.0 odoo.addons.numa_poly.models.poly: [poly] Removing non-existent column 'groups_id' from ir.ui.view query during boot. 
2026-03-25 01:26:11,194 143639 INFO cm-test-18.0 odoo.modules.loading: loading website/views/snippets/s_framed_intro.xml 
2026-03-25 01:26:11,199 143639 WARNING cm-test-18.0 odoo.addons.numa_poly.models.poly: [poly] Removing non-existent column 'page_ids' from ir.ui.view query during boot. 
2026-03-25 01:26:11,202 143639 INFO cm-test-18.0 odoo.modules.loading: loading website/views/snippets/s_title.xml 
2026-03-25 01:26:11,208 143639 WARNING cm-test-18.0 odoo.addons.numa_poly.models.poly: [poly] Removing non-existent column 'page_ids' from ir.ui.view query during boot. 
2026-03-25 01:26:11,212 143639 INFO cm-test-18.0 odoo.modules.loading: loading website/views/snippets/s_cover.xml 
2026-03-25 01:26:11,218 143639 WARNING cm-test-18.0 odoo.addons.numa_poly.models.poly: [poly] Removing non-existent column 'page_ids' from ir.ui.view query during boot. 
2026-03-25 01:26:11,222 143639 INFO cm-test-18.0 odoo.modules.loading: loading website/views/snippets/s_text_cover.xml 
2026-03-25 01:26:11,231 143639 WARNING cm-test-18.0 odoo.addons.numa_poly.models.poly: [poly] Removing non-existent column 'page_ids' from ir.ui.view query during boot. 
2026-03-25 01:26:11,238 143639 INFO cm-test-18.0 odoo.modules.loading: loading website/views/snippets/s_image_text_box.xml 
2026-03-25 01:26:11,249 143639 WARNING cm-test-18.0 odoo.addons.numa_poly.models.poly: [poly] Removing non-existent column 'page_ids' from ir.ui.view query during boot. 
2026-03-25 01:26:11,252 143639 INFO cm-test-18.0 odoo.modules.loading: loading website/views/snippets/s_striped_top.xml 
2026-03-25 01:26:11,259 143639 WARNING cm-test-18.0 odoo.addons.numa_poly.models.poly: [poly] Removing non-existent column 'page_ids' from ir.ui.view query during boot. 
2026-03-25 01:26:11,262 143639 INFO cm-test-18.0 odoo.modules.loading: loading website/views/snippets/s_text_image.xml 
2026-03-25 01:26:11,270 143639 WARNING cm-test-18.0 odoo.addons.numa_poly.models.poly: [poly] Removing non-existent column 'page_ids' from ir.ui.view query during boot. 
2026-03-25 01:26:11,274 143639 INFO cm-test-18.0 odoo.modules.loading: loading website/views/snippets/s_image_text.xml 
2026-03-25 01:26:11,283 143639 WARNING cm-test-18.0 odoo.addons.numa_poly.models.poly: [poly] Removing non-existent column 'page_ids' from ir.ui.view query during boot. 
2026-03-25 01:26:11,287 143639 INFO cm-test-18.0 odoo.modules.loading: loading website/views/snippets/s_mockup_image.xml 
2026-03-25 01:26:11,294 143639 WARNING cm-test-18.0 odoo.addons.numa_poly.models.poly: [poly] Removing non-existent column 'page_ids' from ir.ui.view query during boot. 
2026-03-25 01:26:11,298 143639 INFO cm-test-18.0 odoo.modules.loading: loading website/views/snippets/s_instagram_page.xml 
2026-03-25 01:26:11,304 143639 WARNING cm-test-18.0 odoo.addons.numa_poly.models.poly: [poly] Removing non-existent column 'page_ids' from ir.ui.view query during boot. 
2026-03-25 01:26:11,310 143639 WARNING cm-test-18.0 odoo.addons.numa_poly.models.poly: [poly] Removing non-existent column 'page_ids' from ir.ui.view query during boot. 
2026-03-25 01:26:11,311 143639 WARNING cm-test-18.0 odoo.addons.numa_poly.models.poly: [poly] Removing non-existent column 'groups_id' from ir.ui.view query during boot. 
2026-03-25 01:26:11,343 143639 INFO cm-test-18.0 odoo.modules.loading: loading website/views/snippets/s_image_text_overlap.xml 
2026-03-25 01:26:11,350 143639 WARNING cm-test-18.0 odoo.addons.numa_poly.models.poly: [poly] Removing non-existent column 'page_ids' from ir.ui.view query during boot. 
2026-03-25 01:26:11,354 143639 INFO cm-test-18.0 odoo.modules.loading: loading website/views/snippets/s_banner.xml 
2026-03-25 01:26:11,360 143639 WARNING cm-test-18.0 odoo.addons.numa_poly.models.poly: [poly] Removing non-existent column 'page_ids' from ir.ui.view query during boot. 
2026-03-25 01:26:11,366 143639 INFO cm-test-18.0 odoo.modules.loading: loading website/views/snippets/s_snippet_group.xml 
2026-03-25 01:26:11,376 143639 WARNING cm-test-18.0 odoo.addons.numa_poly.models.poly: [poly] Removing non-existent column 'page_ids' from ir.ui.view query during boot. 
2026-03-25 01:26:11,380 143639 INFO cm-test-18.0 odoo.modules.loading: loading website/views/snippets/s_text_block.xml 
2026-03-25 01:26:11,389 143639 WARNING cm-test-18.0 odoo.addons.numa_poly.models.poly: [poly] Removing non-existent column 'page_ids' from ir.ui.view query during boot. 
2026-03-25 01:26:11,396 143639 INFO cm-test-18.0 odoo.modules.loading: loading website/views/snippets/s_features.xml 
2026-03-25 01:26:11,406 143639 WARNING cm-test-18.0 odoo.addons.numa_poly.models.poly: [poly] Removing non-existent column 'page_ids' from ir.ui.view query during boot. 
2026-03-25 01:26:11,413 143639 INFO cm-test-18.0 odoo.modules.loading: loading website/views/snippets/s_features_wall.xml 
2026-03-25 01:26:11,420 143639 WARNING cm-test-18.0 odoo.addons.numa_poly.models.poly: [poly] Removing non-existent column 'page_ids' from ir.ui.view query during boot. 
2026-03-25 01:26:11,424 143639 INFO cm-test-18.0 odoo.modules.loading: loading website/views/snippets/s_three_columns.xml 
2026-03-25 01:26:11,430 143639 WARNING cm-test-18.0 odoo.addons.numa_poly.models.poly: [poly] Removing non-existent column 'page_ids' from ir.ui.view query during boot. 
2026-03-25 01:26:11,436 143639 INFO cm-test-18.0 odoo.modules.loading: loading website/views/snippets/s_key_benefits.xml 
2026-03-25 01:26:11,443 143639 WARNING cm-test-18.0 odoo.addons.numa_poly.models.poly: [poly] Removing non-existent column 'page_ids' from ir.ui.view query during boot. 
2026-03-25 01:26:11,447 143639 INFO cm-test-18.0 odoo.modules.loading: loading website/views/snippets/s_picture.xml 
2026-03-25 01:26:11,453 143639 WARNING cm-test-18.0 odoo.addons.numa_poly.models.poly: [poly] Removing non-existent column 'page_ids' from ir.ui.view query during boot. 
2026-03-25 01:26:11,458 143639 INFO cm-test-18.0 odoo.modules.loading: loading website/views/snippets/s_image_punchy.xml 
2026-03-25 01:26:11,467 143639 WARNING cm-test-18.0 odoo.addons.numa_poly.models.poly: [poly] Removing non-existent column 'page_ids' from ir.ui.view query during boot. 
2026-03-25 01:26:11,473 143639 INFO cm-test-18.0 odoo.modules.loading: loading website/views/snippets/s_carousel.xml 
2026-03-25 01:26:11,484 143639 WARNING cm-test-18.0 odoo.addons.numa_poly.models.poly: [poly] Removing non-existent column 'page_ids' from ir.ui.view query during boot. 
2026-03-25 01:26:11,494 143639 INFO cm-test-18.0 odoo.modules.loading: loading website/views/snippets/s_carousel_intro.xml 
2026-03-25 01:26:11,505 143639 WARNING cm-test-18.0 odoo.addons.numa_poly.models.poly: [poly] Removing non-existent column 'page_ids' from ir.ui.view query during boot. 
2026-03-25 01:26:11,521 143639 WARNING cm-test-18.0 odoo.addons.numa_poly.models.poly: [poly] Removing non-existent column 'page_ids' from ir.ui.view query during boot. 
2026-03-25 01:26:11,522 143639 WARNING cm-test-18.0 odoo.addons.numa_poly.models.poly: [poly] Removing non-existent column 'groups_id' from ir.ui.view query during boot. 
2026-03-25 01:26:11,532 143639 WARNING cm-test-18.0 odoo.addons.numa_poly.models.poly: [poly] Removing non-existent column 'page_ids' from ir.ui.view query during boot. 
2026-03-25 01:26:11,533 143639 WARNING cm-test-18.0 odoo.addons.numa_poly.models.poly: [poly] Removing non-existent column 'groups_id' from ir.ui.view query during boot. 
2026-03-25 01:26:11,563 143639 INFO cm-test-18.0 odoo.modules.loading: loading website/views/snippets/s_alert.xml 
2026-03-25 01:26:11,573 143639 WARNING cm-test-18.0 odoo.addons.numa_poly.models.poly: [poly] Removing non-existent column 'page_ids' from ir.ui.view query during boot. 
2026-03-25 01:26:11,579 143639 WARNING cm-test-18.0 odoo.addons.numa_poly.models.poly: [poly] Removing non-existent column 'page_ids' from ir.ui.view query during boot. 
2026-03-25 01:26:11,580 143639 WARNING cm-test-18.0 odoo.addons.numa_poly.models.poly: [poly] Removing non-existent column 'groups_id' from ir.ui.view query during boot. 
2026-03-25 01:26:11,604 143639 INFO cm-test-18.0 odoo.modules.loading: loading website/views/snippets/s_motto.xml 
2026-03-25 01:26:11,609 143639 WARNING cm-test-18.0 odoo.addons.numa_poly.models.poly: [poly] Removing non-existent column 'page_ids' from ir.ui.view query during boot. 
2026-03-25 01:26:11,613 143639 INFO cm-test-18.0 odoo.modules.loading: loading website/views/snippets/s_card.xml 
2026-03-25 01:26:11,619 143639 WARNING cm-test-18.0 odoo.addons.numa_poly.models.poly: [poly] Removing non-existent column 'page_ids' from ir.ui.view query during boot. 
2026-03-25 01:26:11,626 143639 WARNING cm-test-18.0 odoo.addons.numa_poly.models.poly: [poly] Removing non-existent column 'page_ids' from ir.ui.view query during boot. 
2026-03-25 01:26:11,632 143639 WARNING cm-test-18.0 odoo.addons.numa_poly.models.poly: [poly] Removing non-existent column 'page_ids' from ir.ui.view query during boot. 
2026-03-25 01:26:11,633 143639 WARNING cm-test-18.0 odoo.addons.numa_poly.models.poly: [poly] Removing non-existent column 'groups_id' from ir.ui.view query during boot. 
2026-03-25 01:26:11,660 143639 INFO cm-test-18.0 odoo.modules.loading: loading website/views/snippets/s_cards_grid.xml 
2026-03-25 01:26:11,666 143639 WARNING cm-test-18.0 odoo.addons.numa_poly.models.poly: [poly] Removing non-existent column 'page_ids' from ir.ui.view query during boot. 
2026-03-25 01:26:11,670 143639 INFO cm-test-18.0 odoo.modules.loading: loading website/views/snippets/s_cards_soft.xml 
2026-03-25 01:26:11,676 143639 WARNING cm-test-18.0 odoo.addons.numa_poly.models.poly: [poly] Removing non-existent column 'page_ids' from ir.ui.view query during boot. 
2026-03-25 01:26:11,679 143639 INFO cm-test-18.0 odoo.modules.loading: loading website/views/snippets/s_share.xml 
2026-03-25 01:26:11,685 143639 WARNING cm-test-18.0 odoo.addons.numa_poly.models.poly: [poly] Removing non-existent column 'page_ids' from ir.ui.view query during boot. 
2026-03-25 01:26:11,690 143639 INFO cm-test-18.0 odoo.modules.loading: loading website/views/snippets/s_social_media.xml 
2026-03-25 01:26:11,696 143639 WARNING cm-test-18.0 odoo.addons.numa_poly.models.poly: [poly] Removing non-existent column 'page_ids' from ir.ui.view query during boot. 
2026-03-25 01:26:11,701 143639 WARNING cm-test-18.0 odoo.addons.numa_poly.models.poly: [poly] Removing non-existent column 'page_ids' from ir.ui.view query during boot. 
2026-03-25 01:26:11,702 143639 WARNING cm-test-18.0 odoo.addons.numa_poly.models.poly: [poly] Removing non-existent column 'groups_id' from ir.ui.view query during boot. 
2026-03-25 01:26:11,743 143639 INFO cm-test-18.0 odoo.modules.loading: loading website/views/snippets/s_rating.xml 
2026-03-25 01:26:11,751 143639 WARNING cm-test-18.0 odoo.addons.numa_poly.models.poly: [poly] Removing non-existent column 'page_ids' from ir.ui.view query during boot. 
2026-03-25 01:26:11,760 143639 WARNING cm-test-18.0 odoo.addons.numa_poly.models.poly: [poly] Removing non-existent column 'page_ids' from ir.ui.view query during boot. 
2026-03-25 01:26:11,761 143639 WARNING cm-test-18.0 odoo.addons.numa_poly.models.poly: [poly] Removing non-existent column 'groups_id' from ir.ui.view query during boot. 
2026-03-25 01:26:11,795 143639 INFO cm-test-18.0 odoo.modules.loading: loading website/views/snippets/s_hr.xml 
2026-03-25 01:26:11,808 143639 WARNING cm-test-18.0 odoo.addons.numa_poly.models.poly: [poly] Removing non-existent column 'page_ids' from ir.ui.view query during boot. 
2026-03-25 01:26:11,821 143639 WARNING cm-test-18.0 odoo.addons.numa_poly.models.poly: [poly] Removing non-existent column 'page_ids' from ir.ui.view query during boot. 
2026-03-25 01:26:11,822 143639 WARNING cm-test-18.0 odoo.addons.numa_poly.models.poly: [poly] Removing non-existent column 'groups_id' from ir.ui.view query during boot. 
2026-03-25 01:26:11,851 143639 INFO cm-test-18.0 odoo.modules.loading: loading website/views/snippets/s_closer_look.xml 
2026-03-25 01:26:11,858 143639 WARNING cm-test-18.0 odoo.addons.numa_poly.models.poly: [poly] Removing non-existent column 'page_ids' from ir.ui.view query during boot. 
2026-03-25 01:26:11,862 143639 INFO cm-test-18.0 odoo.modules.loading: loading website/views/snippets/s_facebook_page.xml 
2026-03-25 01:26:11,870 143639 WARNING cm-test-18.0 odoo.addons.numa_poly.models.poly: [poly] Removing non-existent column 'page_ids' from ir.ui.view query during boot. 
2026-03-25 01:26:11,878 143639 WARNING cm-test-18.0 odoo.addons.numa_poly.models.poly: [poly] Removing non-existent column 'page_ids' from ir.ui.view query during boot. 
2026-03-25 01:26:11,879 143639 WARNING cm-test-18.0 odoo.addons.numa_poly.models.poly: [poly] Removing non-existent column 'groups_id' from ir.ui.view query during boot. 
2026-03-25 01:26:11,922 143639 INFO cm-test-18.0 odoo.modules.loading: loading website/views/snippets/s_image_gallery.xml 
2026-03-25 01:26:11,930 143639 WARNING cm-test-18.0 odoo.addons.numa_poly.models.poly: [poly] Removing non-existent column 'page_ids' from ir.ui.view query during boot. 
2026-03-25 01:26:11,937 143639 WARNING cm-test-18.0 odoo.addons.numa_poly.models.poly: [poly] Removing non-existent column 'page_ids' from ir.ui.view query during boot. 
2026-03-25 01:26:11,944 143639 WARNING cm-test-18.0 odoo.addons.numa_poly.models.poly: [poly] Removing non-existent column 'page_ids' from ir.ui.view query during boot. 
2026-03-25 01:26:11,944 143639 WARNING cm-test-18.0 odoo.addons.numa_poly.models.poly: [poly] Removing non-existent column 'groups_id' from ir.ui.view query during boot. 
2026-03-25 01:26:11,974 143639 INFO cm-test-18.0 odoo.modules.loading: loading website/views/snippets/s_countdown.xml 
2026-03-25 01:26:11,984 143639 WARNING cm-test-18.0 odoo.addons.numa_poly.models.poly: [poly] Removing non-existent column 'page_ids' from ir.ui.view query during boot. 
2026-03-25 01:26:11,996 143639 WARNING cm-test-18.0 odoo.addons.numa_poly.models.poly: [poly] Removing non-existent column 'page_ids' from ir.ui.view query during boot. 
2026-03-25 01:26:11,997 143639 WARNING cm-test-18.0 odoo.addons.numa_poly.models.poly: [poly] Removing non-existent column 'groups_id' from ir.ui.view query during boot. 
2026-03-25 01:26:12,026 143639 INFO cm-test-18.0 odoo.modules.loading: loading website/views/snippets/s_product_catalog.xml 
2026-03-25 01:26:12,032 143639 WARNING cm-test-18.0 odoo.addons.numa_poly.models.poly: [poly] Removing non-existent column 'page_ids' from ir.ui.view query during boot. 
2026-03-25 01:26:12,039 143639 WARNING cm-test-18.0 odoo.addons.numa_poly.models.poly: [poly] Removing non-existent column 'page_ids' from ir.ui.view query during boot. 
2026-03-25 01:26:12,045 143639 WARNING cm-test-18.0 odoo.addons.numa_poly.models.poly: [poly] Removing non-existent column 'page_ids' from ir.ui.view query during boot. 
2026-03-25 01:26:12,051 143639 WARNING cm-test-18.0 odoo.addons.numa_poly.models.poly: [poly] Removing non-existent column 'page_ids' from ir.ui.view query during boot. 
2026-03-25 01:26:12,052 143639 WARNING cm-test-18.0 odoo.addons.numa_poly.models.poly: [poly] Removing non-existent column 'groups_id' from ir.ui.view query during boot. 
2026-03-25 01:26:12,083 143639 INFO cm-test-18.0 odoo.modules.loading: loading website/views/snippets/s_comparisons.xml 
2026-03-25 01:26:12,095 143639 WARNING cm-test-18.0 odoo.addons.numa_poly.models.poly: [poly] Removing non-existent column 'page_ids' from ir.ui.view query during boot. 
2026-03-25 01:26:12,105 143639 INFO cm-test-18.0 odoo.modules.loading: loading website/views/snippets/s_company_team.xml 
2026-03-25 01:26:12,115 143639 WARNING cm-test-18.0 odoo.addons.numa_poly.models.poly: [poly] Removing non-existent column 'page_ids' from ir.ui.view query during boot. 
2026-03-25 01:26:12,121 143639 INFO cm-test-18.0 odoo.modules.loading: loading website/views/snippets/s_company_team_basic.xml 
2026-03-25 01:26:12,128 143639 WARNING cm-test-18.0 odoo.addons.numa_poly.models.poly: [poly] Removing non-existent column 'page_ids' from ir.ui.view query during boot. 
2026-03-25 01:26:12,131 143639 INFO cm-test-18.0 odoo.modules.loading: loading website/views/snippets/s_company_team_shapes.xml 
2026-03-25 01:26:12,138 143639 WARNING cm-test-18.0 odoo.addons.numa_poly.models.poly: [poly] Removing non-existent column 'page_ids' from ir.ui.view query during boot. 
2026-03-25 01:26:12,142 143639 INFO cm-test-18.0 odoo.modules.loading: loading website/views/snippets/s_company_team_detail.xml 
2026-03-25 01:26:12,150 143639 WARNING cm-test-18.0 odoo.addons.numa_poly.models.poly: [poly] Removing non-existent column 'page_ids' from ir.ui.view query during boot. 
2026-03-25 01:26:12,155 143639 INFO cm-test-18.0 odoo.modules.loading: loading website/views/snippets/s_call_to_action.xml 
2026-03-25 01:26:12,163 143639 WARNING cm-test-18.0 odoo.addons.numa_poly.models.poly: [poly] Removing non-existent column 'page_ids' from ir.ui.view query during boot. 
2026-03-25 01:26:12,168 143639 INFO cm-test-18.0 odoo.modules.loading: loading website/views/snippets/s_references.xml 
2026-03-25 01:26:12,178 143639 WARNING cm-test-18.0 odoo.addons.numa_poly.models.poly: [poly] Removing non-existent column 'page_ids' from ir.ui.view query during boot. 
2026-03-25 01:26:12,191 143639 INFO cm-test-18.0 odoo.modules.loading: loading website/views/snippets/s_references_social.xml 
2026-03-25 01:26:12,197 143639 WARNING cm-test-18.0 odoo.addons.numa_poly.models.poly: [poly] Removing non-existent column 'page_ids' from ir.ui.view query during boot. 
2026-03-25 01:26:12,202 143639 INFO cm-test-18.0 odoo.modules.loading: loading website/views/snippets/s_references_grid.xml 
2026-03-25 01:26:12,208 143639 WARNING cm-test-18.0 odoo.addons.numa_poly.models.poly: [poly] Removing non-existent column 'page_ids' from ir.ui.view query during boot. 
2026-03-25 01:26:12,212 143639 INFO cm-test-18.0 odoo.modules.loading: loading website/views/snippets/s_popup.xml 
2026-03-25 01:26:12,219 143639 WARNING cm-test-18.0 odoo.addons.numa_poly.models.poly: [poly] Removing non-existent column 'page_ids' from ir.ui.view query during boot. 
2026-03-25 01:26:12,226 143639 WARNING cm-test-18.0 odoo.addons.numa_poly.models.poly: [poly] Removing non-existent column 'page_ids' from ir.ui.view query during boot. 
2026-03-25 01:26:12,227 143639 WARNING cm-test-18.0 odoo.addons.numa_poly.models.poly: [poly] Removing non-existent column 'groups_id' from ir.ui.view query during boot. 
2026-03-25 01:26:12,257 143639 INFO cm-test-18.0 odoo.modules.loading: loading website/views/snippets/s_faq_list.xml 
2026-03-25 01:26:12,268 143639 WARNING cm-test-18.0 odoo.addons.numa_poly.models.poly: [poly] Removing non-existent column 'page_ids' from ir.ui.view query during boot. 
2026-03-25 01:26:12,272 143639 INFO cm-test-18.0 odoo.modules.loading: loading website/views/snippets/s_faq_collapse.xml 
2026-03-25 01:26:12,279 143639 WARNING cm-test-18.0 odoo.addons.numa_poly.models.poly: [poly] Removing non-existent column 'page_ids' from ir.ui.view query during boot. 
2026-03-25 01:26:12,284 143639 INFO cm-test-18.0 odoo.modules.loading: loading website/views/snippets/s_features_grid.xml 
2026-03-25 01:26:12,290 143639 WARNING cm-test-18.0 odoo.addons.numa_poly.models.poly: [poly] Removing non-existent column 'page_ids' from ir.ui.view query during boot. 
2026-03-25 01:26:12,297 143639 INFO cm-test-18.0 odoo.modules.loading: loading website/views/snippets/s_features_wave.xml 
2026-03-25 01:26:12,302 143639 WARNING cm-test-18.0 odoo.addons.numa_poly.models.poly: [poly] Removing non-existent column 'page_ids' from ir.ui.view query during boot. 
2026-03-25 01:26:12,306 143639 INFO cm-test-18.0 odoo.modules.loading: loading website/views/snippets/s_tabs.xml 
2026-03-25 01:26:12,312 143639 WARNING cm-test-18.0 odoo.addons.numa_poly.models.poly: [poly] Removing non-existent column 'page_ids' from ir.ui.view query during boot. 
2026-03-25 01:26:12,318 143639 WARNING cm-test-18.0 odoo.addons.numa_poly.models.poly: [poly] Removing non-existent column 'page_ids' from ir.ui.view query during boot. 
2026-03-25 01:26:12,318 143639 WARNING cm-test-18.0 odoo.addons.numa_poly.models.poly: [poly] Removing non-existent column 'groups_id' from ir.ui.view query during boot. 
2026-03-25 01:26:12,352 143639 INFO cm-test-18.0 odoo.modules.loading: loading website/views/snippets/s_table_of_content.xml 
2026-03-25 01:26:12,358 143639 WARNING cm-test-18.0 odoo.addons.numa_poly.models.poly: [poly] Removing non-existent column 'page_ids' from ir.ui.view query during boot. 
2026-03-25 01:26:12,364 143639 WARNING cm-test-18.0 odoo.addons.numa_poly.models.poly: [poly] Removing non-existent column 'page_ids' from ir.ui.view query during boot. 
2026-03-25 01:26:12,365 143639 WARNING cm-test-18.0 odoo.addons.numa_poly.models.poly: [poly] Removing non-existent column 'groups_id' from ir.ui.view query during boot. 
2026-03-25 01:26:12,390 143639 INFO cm-test-18.0 odoo.modules.loading: loading website/views/snippets/s_images_constellation.xml 
2026-03-25 01:26:12,395 143639 WARNING cm-test-18.0 odoo.addons.numa_poly.models.poly: [poly] Removing non-existent column 'page_ids' from ir.ui.view query during boot. 
2026-03-25 01:26:12,398 143639 INFO cm-test-18.0 odoo.modules.loading: loading website/views/snippets/s_chart.xml 
2026-03-25 01:26:12,407 143639 WARNING cm-test-18.0 odoo.addons.numa_poly.models.poly: [poly] Removing non-existent column 'page_ids' from ir.ui.view query during boot. 
2026-03-25 01:26:12,416 143639 WARNING cm-test-18.0 odoo.addons.numa_poly.models.poly: [poly] Removing non-existent column 'page_ids' from ir.ui.view query during boot. 
2026-03-25 01:26:12,420 143639 WARNING cm-test-18.0 odoo.addons.numa_poly.models.poly: [poly] Removing non-existent column 'groups_id' from ir.ui.view query during boot. 
2026-03-25 01:26:12,456 143639 INFO cm-test-18.0 odoo.modules.loading: loading website/views/snippets/s_parallax.xml 
2026-03-25 01:26:12,462 143639 WARNING cm-test-18.0 odoo.addons.numa_poly.models.poly: [poly] Removing non-existent column 'page_ids' from ir.ui.view query during boot. 
2026-03-25 01:26:12,465 143639 INFO cm-test-18.0 odoo.modules.loading: loading website/views/snippets/s_quotes_carousel.xml 
2026-03-25 01:26:12,472 143639 WARNING cm-test-18.0 odoo.addons.numa_poly.models.poly: [poly] Removing non-existent column 'page_ids' from ir.ui.view query during boot. 
2026-03-25 01:26:12,480 143639 INFO cm-test-18.0 odoo.modules.loading: loading website/views/snippets/s_numbers_grid.xml 
2026-03-25 01:26:12,485 143639 WARNING cm-test-18.0 odoo.addons.numa_poly.models.poly: [poly] Removing non-existent column 'page_ids' from ir.ui.view query during boot. 
2026-03-25 01:26:12,493 143639 INFO cm-test-18.0 odoo.modules.loading: loading website/views/snippets/s_quotes_carousel_minimal.xml 
2026-03-25 01:26:12,501 143639 WARNING cm-test-18.0 odoo.addons.numa_poly.models.poly: [poly] Removing non-existent column 'page_ids' from ir.ui.view query during boot. 
2026-03-25 01:26:12,509 143639 INFO cm-test-18.0 odoo.modules.loading: loading website/views/snippets/s_numbers.xml 
2026-03-25 01:26:12,516 143639 WARNING cm-test-18.0 odoo.addons.numa_poly.models.poly: [poly] Removing non-existent column 'page_ids' from ir.ui.view query during boot. 
2026-03-25 01:26:12,522 143639 INFO cm-test-18.0 odoo.modules.loading: loading website/views/snippets/s_contact_info.xml 
2026-03-25 01:26:12,529 143639 WARNING cm-test-18.0 odoo.addons.numa_poly.models.poly: [poly] Removing non-existent column 'page_ids' from ir.ui.view query during boot. 
2026-03-25 01:26:12,536 143639 INFO cm-test-18.0 odoo.modules.loading: loading website/views/snippets/s_cta_box.xml 
2026-03-25 01:26:12,548 143639 WARNING cm-test-18.0 odoo.addons.numa_poly.models.poly: [poly] Removing non-existent column 'page_ids' from ir.ui.view query during boot. 
2026-03-25 01:26:12,552 143639 INFO cm-test-18.0 odoo.modules.loading: loading website/views/snippets/s_masonry_block.xml 
2026-03-25 01:26:12,564 143639 WARNING cm-test-18.0 odoo.addons.numa_poly.models.poly: [poly] Removing non-existent column 'page_ids' from ir.ui.view query during boot. 
2026-03-25 01:26:12,577 143639 WARNING cm-test-18.0 odoo.addons.numa_poly.models.poly: [poly] Removing non-existent column 'page_ids' from ir.ui.view query during boot. 
2026-03-25 01:26:12,586 143639 WARNING cm-test-18.0 odoo.addons.numa_poly.models.poly: [poly] Removing non-existent column 'page_ids' from ir.ui.view query during boot. 
2026-03-25 01:26:12,595 143639 WARNING cm-test-18.0 odoo.addons.numa_poly.models.poly: [poly] Removing non-existent column 'page_ids' from ir.ui.view query during boot. 
2026-03-25 01:26:12,613 143639 WARNING cm-test-18.0 odoo.addons.numa_poly.models.poly: [poly] Removing non-existent column 'page_ids' from ir.ui.view query during boot. 
2026-03-25 01:26:12,628 143639 WARNING cm-test-18.0 odoo.addons.numa_poly.models.poly: [poly] Removing non-existent column 'page_ids' from ir.ui.view query during boot. 
2026-03-25 01:26:12,640 143639 WARNING cm-test-18.0 odoo.addons.numa_poly.models.poly: [poly] Removing non-existent column 'page_ids' from ir.ui.view query during boot. 
2026-03-25 01:26:12,652 143639 WARNING cm-test-18.0 odoo.addons.numa_poly.models.poly: [poly] Removing non-existent column 'page_ids' from ir.ui.view query during boot. 
2026-03-25 01:26:12,661 143639 WARNING cm-test-18.0 odoo.addons.numa_poly.models.poly: [poly] Removing non-existent column 'page_ids' from ir.ui.view query during boot. 
2026-03-25 01:26:12,669 143639 WARNING cm-test-18.0 odoo.addons.numa_poly.models.poly: [poly] Removing non-existent column 'page_ids' from ir.ui.view query during boot. 
2026-03-25 01:26:12,677 143639 WARNING cm-test-18.0 odoo.addons.numa_poly.models.poly: [poly] Removing non-existent column 'page_ids' from ir.ui.view query during boot. 
2026-03-25 01:26:12,684 143639 WARNING cm-test-18.0 odoo.addons.numa_poly.models.poly: [poly] Removing non-existent column 'page_ids' from ir.ui.view query during boot. 
2026-03-25 01:26:12,684 143639 WARNING cm-test-18.0 odoo.addons.numa_poly.models.poly: [poly] Removing non-existent column 'groups_id' from ir.ui.view query during boot. 
2026-03-25 01:26:12,717 143639 INFO cm-test-18.0 odoo.modules.loading: loading website/views/snippets/s_sidegrid.xml 
2026-03-25 01:26:12,726 143639 WARNING cm-test-18.0 odoo.addons.numa_poly.models.poly: [poly] Removing non-existent column 'page_ids' from ir.ui.view query during boot. 
2026-03-25 01:26:12,732 143639 INFO cm-test-18.0 odoo.modules.loading: loading website/views/snippets/s_media_list.xml 
2026-03-25 01:26:12,738 143639 WARNING cm-test-18.0 odoo.addons.numa_poly.models.poly: [poly] Removing non-existent column 'page_ids' from ir.ui.view query during boot. 
2026-03-25 01:26:12,745 143639 WARNING cm-test-18.0 odoo.addons.numa_poly.models.poly: [poly] Removing non-existent column 'page_ids' from ir.ui.view query during boot. 
2026-03-25 01:26:12,746 143639 WARNING cm-test-18.0 odoo.addons.numa_poly.models.poly: [poly] Removing non-existent column 'groups_id' from ir.ui.view query during boot. 
2026-03-25 01:26:12,772 143639 INFO cm-test-18.0 odoo.modules.loading: loading website/views/snippets/s_showcase.xml 
2026-03-25 01:26:12,778 143639 WARNING cm-test-18.0 odoo.addons.numa_poly.models.poly: [poly] Removing non-existent column 'page_ids' from ir.ui.view query during boot. 
2026-03-25 01:26:12,784 143639 WARNING cm-test-18.0 odoo.addons.numa_poly.models.poly: [poly] Removing non-existent column 'page_ids' from ir.ui.view query during boot. 
2026-03-25 01:26:12,785 143639 WARNING cm-test-18.0 odoo.addons.numa_poly.models.poly: [poly] Removing non-existent column 'groups_id' from ir.ui.view query during boot. 
2026-03-25 01:26:12,833 143639 INFO cm-test-18.0 odoo.modules.loading: loading website/views/snippets/s_faq_horizontal.xml 
2026-03-25 01:26:12,839 143639 WARNING cm-test-18.0 odoo.addons.numa_poly.models.poly: [poly] Removing non-existent column 'page_ids' from ir.ui.view query during boot. 
2026-03-25 01:26:12,848 143639 WARNING cm-test-18.0 odoo.addons.numa_poly.models.poly: [poly] Removing non-existent column 'page_ids' from ir.ui.view query during boot. 
2026-03-25 01:26:12,848 143639 WARNING cm-test-18.0 odoo.addons.numa_poly.models.poly: [poly] Removing non-existent column 'groups_id' from ir.ui.view query during boot. 
2026-03-25 01:26:12,888 143639 INFO cm-test-18.0 odoo.modules.loading: loading website/views/snippets/s_opening_hours.xml 
2026-03-25 01:26:12,900 143639 WARNING cm-test-18.0 odoo.addons.numa_poly.models.poly: [poly] Removing non-existent column 'page_ids' from ir.ui.view query during boot. 
2026-03-25 01:26:12,906 143639 INFO cm-test-18.0 odoo.modules.loading: loading website/views/snippets/s_timeline.xml 
2026-03-25 01:26:12,918 143639 WARNING cm-test-18.0 odoo.addons.numa_poly.models.poly: [poly] Removing non-existent column 'page_ids' from ir.ui.view query during boot. 
2026-03-25 01:26:12,927 143639 WARNING cm-test-18.0 odoo.addons.numa_poly.models.poly: [poly] Removing non-existent column 'page_ids' from ir.ui.view query during boot. 
2026-03-25 01:26:12,928 143639 WARNING cm-test-18.0 odoo.addons.numa_poly.models.poly: [poly] Removing non-existent column 'groups_id' from ir.ui.view query during boot. 
2026-03-25 01:26:12,963 143639 INFO cm-test-18.0 odoo.modules.loading: loading website/views/snippets/s_timeline_list.xml 
2026-03-25 01:26:12,971 143639 WARNING cm-test-18.0 odoo.addons.numa_poly.models.poly: [poly] Removing non-existent column 'page_ids' from ir.ui.view query during boot. 
2026-03-25 01:26:12,980 143639 WARNING cm-test-18.0 odoo.addons.numa_poly.models.poly: [poly] Removing non-existent column 'page_ids' from ir.ui.view query during boot. 
2026-03-25 01:26:12,981 143639 WARNING cm-test-18.0 odoo.addons.numa_poly.models.poly: [poly] Removing non-existent column 'groups_id' from ir.ui.view query during boot. 
2026-03-25 01:26:13,031 143639 INFO cm-test-18.0 odoo.modules.loading: loading website/views/snippets/s_process_steps.xml 
2026-03-25 01:26:13,039 143639 WARNING cm-test-18.0 odoo.addons.numa_poly.models.poly: [poly] Removing non-existent column 'page_ids' from ir.ui.view query during boot. 
2026-03-25 01:26:13,046 143639 WARNING cm-test-18.0 odoo.addons.numa_poly.models.poly: [poly] Removing non-existent column 'page_ids' from ir.ui.view query during boot. 
2026-03-25 01:26:13,047 143639 WARNING cm-test-18.0 odoo.addons.numa_poly.models.poly: [poly] Removing non-existent column 'groups_id' from ir.ui.view query during boot. 
2026-03-25 01:26:13,081 143639 INFO cm-test-18.0 odoo.modules.loading: loading website/views/snippets/s_accordion.xml 
2026-03-25 01:26:13,087 143639 WARNING cm-test-18.0 odoo.addons.numa_poly.models.poly: [poly] Removing non-existent column 'page_ids' from ir.ui.view query during boot. 
2026-03-25 01:26:13,094 143639 WARNING cm-test-18.0 odoo.addons.numa_poly.models.poly: [poly] Removing non-existent column 'page_ids' from ir.ui.view query during boot. 
2026-03-25 01:26:13,095 143639 WARNING cm-test-18.0 odoo.addons.numa_poly.models.poly: [poly] Removing non-existent column 'groups_id' from ir.ui.view query during boot. 
2026-03-25 01:26:13,128 143639 INFO cm-test-18.0 odoo.modules.loading: loading website/views/snippets/s_numbers_showcase.xml 
2026-03-25 01:26:13,134 143639 WARNING cm-test-18.0 odoo.addons.numa_poly.models.poly: [poly] Removing non-existent column 'page_ids' from ir.ui.view query during boot. 
2026-03-25 01:26:13,138 143639 INFO cm-test-18.0 odoo.modules.loading: loading website/views/snippets/s_numbers_charts.xml 
2026-03-25 01:26:13,144 143639 WARNING cm-test-18.0 odoo.addons.numa_poly.models.poly: [poly] Removing non-existent column 'page_ids' from ir.ui.view query during boot. 
2026-03-25 01:26:13,148 143639 INFO cm-test-18.0 odoo.modules.loading: loading website/views/snippets/s_accordion_image.xml 
2026-03-25 01:26:13,153 143639 WARNING cm-test-18.0 odoo.addons.numa_poly.models.poly: [poly] Removing non-existent column 'page_ids' from ir.ui.view query during boot. 
2026-03-25 01:26:13,156 143639 INFO cm-test-18.0 odoo.modules.loading: loading website/views/snippets/s_pricelist_boxed.xml 
2026-03-25 01:26:13,162 143639 WARNING cm-test-18.0 odoo.addons.numa_poly.models.poly: [poly] Removing non-existent column 'page_ids' from ir.ui.view query during boot. 
2026-03-25 01:26:13,169 143639 WARNING cm-test-18.0 odoo.addons.numa_poly.models.poly: [poly] Removing non-existent column 'page_ids' from ir.ui.view query during boot. 
2026-03-25 01:26:13,176 143639 WARNING cm-test-18.0 odoo.addons.numa_poly.models.poly: [poly] Removing non-existent column 'page_ids' from ir.ui.view query during boot. 
2026-03-25 01:26:13,181 143639 WARNING cm-test-18.0 odoo.addons.numa_poly.models.poly: [poly] Removing non-existent column 'page_ids' from ir.ui.view query during boot. 
2026-03-25 01:26:13,182 143639 WARNING cm-test-18.0 odoo.addons.numa_poly.models.poly: [poly] Removing non-existent column 'groups_id' from ir.ui.view query during boot. 
2026-03-25 01:26:13,212 143639 INFO cm-test-18.0 odoo.modules.loading: loading website/views/snippets/s_adventure.xml 
2026-03-25 01:26:13,218 143639 WARNING cm-test-18.0 odoo.addons.numa_poly.models.poly: [poly] Removing non-existent column 'page_ids' from ir.ui.view query during boot. 
2026-03-25 01:26:13,221 143639 INFO cm-test-18.0 odoo.modules.loading: loading website/views/snippets/s_image_title.xml 
2026-03-25 01:26:13,227 143639 WARNING cm-test-18.0 odoo.addons.numa_poly.models.poly: [poly] Removing non-existent column 'page_ids' from ir.ui.view query during boot. 
2026-03-25 01:26:13,230 143639 INFO cm-test-18.0 odoo.modules.loading: loading website/views/snippets/s_key_images.xml 
2026-03-25 01:26:13,236 143639 WARNING cm-test-18.0 odoo.addons.numa_poly.models.poly: [poly] Removing non-existent column 'page_ids' from ir.ui.view query during boot. 
2026-03-25 01:26:13,239 143639 INFO cm-test-18.0 odoo.modules.loading: loading website/views/snippets/s_kickoff.xml 
2026-03-25 01:26:13,245 143639 WARNING cm-test-18.0 odoo.addons.numa_poly.models.poly: [poly] Removing non-existent column 'page_ids' from ir.ui.view query during boot. 
2026-03-25 01:26:13,248 143639 INFO cm-test-18.0 odoo.modules.loading: loading website/views/snippets/s_discovery.xml 
2026-03-25 01:26:13,253 143639 WARNING cm-test-18.0 odoo.addons.numa_poly.models.poly: [poly] Removing non-existent column 'page_ids' from ir.ui.view query during boot. 
2026-03-25 01:26:13,257 143639 INFO cm-test-18.0 odoo.modules.loading: loading website/views/snippets/s_striped.xml 
2026-03-25 01:26:13,265 143639 WARNING cm-test-18.0 odoo.addons.numa_poly.models.poly: [poly] Removing non-existent column 'page_ids' from ir.ui.view query during boot. 
2026-03-25 01:26:13,268 143639 INFO cm-test-18.0 odoo.modules.loading: loading website/views/snippets/s_intro_pill.xml 
2026-03-25 01:26:13,275 143639 WARNING cm-test-18.0 odoo.addons.numa_poly.models.poly: [poly] Removing non-existent column 'page_ids' from ir.ui.view query during boot. 
2026-03-25 01:26:13,278 143639 INFO cm-test-18.0 odoo.modules.loading: loading website/views/snippets/s_big_number.xml 
2026-03-25 01:26:13,285 143639 WARNING cm-test-18.0 odoo.addons.numa_poly.models.poly: [poly] Removing non-existent column 'page_ids' from ir.ui.view query during boot. 
2026-03-25 01:26:13,288 143639 INFO cm-test-18.0 odoo.modules.loading: loading website/views/snippets/s_wavy_grid.xml 
2026-03-25 01:26:13,294 143639 WARNING cm-test-18.0 odoo.addons.numa_poly.models.poly: [poly] Removing non-existent column 'page_ids' from ir.ui.view query during boot. 
2026-03-25 01:26:13,297 143639 INFO cm-test-18.0 odoo.modules.loading: loading website/views/snippets/s_images_mosaic.xml 
2026-03-25 01:26:13,302 143639 WARNING cm-test-18.0 odoo.addons.numa_poly.models.poly: [poly] Removing non-existent column 'page_ids' from ir.ui.view query during boot. 
2026-03-25 01:26:13,305 143639 INFO cm-test-18.0 odoo.modules.loading: loading website/views/snippets/s_shape_image.xml 
2026-03-25 01:26:13,311 143639 WARNING cm-test-18.0 odoo.addons.numa_poly.models.poly: [poly] Removing non-existent column 'page_ids' from ir.ui.view query during boot. 
2026-03-25 01:26:13,315 143639 INFO cm-test-18.0 odoo.modules.loading: loading website/views/snippets/s_empowerment.xml 
2026-03-25 01:26:13,324 143639 WARNING cm-test-18.0 odoo.addons.numa_poly.models.poly: [poly] Removing non-existent column 'page_ids' from ir.ui.view query during boot. 
2026-03-25 01:26:13,328 143639 INFO cm-test-18.0 odoo.modules.loading: loading website/views/snippets/s_text_highlight.xml 
2026-03-25 01:26:13,337 143639 WARNING cm-test-18.0 odoo.addons.numa_poly.models.poly: [poly] Removing non-existent column 'page_ids' from ir.ui.view query during boot. 
2026-03-25 01:26:13,343 143639 INFO cm-test-18.0 odoo.modules.loading: loading website/views/snippets/s_pricelist_cafe.xml 
2026-03-25 01:26:13,355 143639 WARNING cm-test-18.0 odoo.addons.numa_poly.models.poly: [poly] Removing non-existent column 'page_ids' from ir.ui.view query during boot. 
2026-03-25 01:26:13,363 143639 WARNING cm-test-18.0 odoo.addons.numa_poly.models.poly: [poly] Removing non-existent column 'page_ids' from ir.ui.view query during boot. 
2026-03-25 01:26:13,370 143639 WARNING cm-test-18.0 odoo.addons.numa_poly.models.poly: [poly] Removing non-existent column 'page_ids' from ir.ui.view query during boot. 
2026-03-25 01:26:13,376 143639 WARNING cm-test-18.0 odoo.addons.numa_poly.models.poly: [poly] Removing non-existent column 'page_ids' from ir.ui.view query during boot. 
2026-03-25 01:26:13,377 143639 WARNING cm-test-18.0 odoo.addons.numa_poly.models.poly: [poly] Removing non-existent column 'groups_id' from ir.ui.view query during boot. 
2026-03-25 01:26:13,400 143639 INFO cm-test-18.0 odoo.modules.loading: loading website/views/snippets/s_progress_bar.xml 
2026-03-25 01:26:13,405 143639 WARNING cm-test-18.0 odoo.addons.numa_poly.models.poly: [poly] Removing non-existent column 'page_ids' from ir.ui.view query during boot. 
2026-03-25 01:26:13,413 143639 WARNING cm-test-18.0 odoo.addons.numa_poly.models.poly: [poly] Removing non-existent column 'page_ids' from ir.ui.view query during boot. 
2026-03-25 01:26:13,414 143639 WARNING cm-test-18.0 odoo.addons.numa_poly.models.poly: [poly] Removing non-existent column 'groups_id' from ir.ui.view query during boot. 
2026-03-25 01:26:13,460 143639 INFO cm-test-18.0 odoo.modules.loading: loading website/views/snippets/s_blockquote.xml 
2026-03-25 01:26:13,467 143639 WARNING cm-test-18.0 odoo.addons.numa_poly.models.poly: [poly] Removing non-existent column 'page_ids' from ir.ui.view query during boot. 
2026-03-25 01:26:13,474 143639 WARNING cm-test-18.0 odoo.addons.numa_poly.models.poly: [poly] Removing non-existent column 'page_ids' from ir.ui.view query during boot. 
2026-03-25 01:26:13,475 143639 WARNING cm-test-18.0 odoo.addons.numa_poly.models.poly: [poly] Removing non-existent column 'groups_id' from ir.ui.view query during boot. 
2026-03-25 01:26:13,501 143639 INFO cm-test-18.0 odoo.modules.loading: loading website/views/snippets/s_badge.xml 
2026-03-25 01:26:13,507 143639 WARNING cm-test-18.0 odoo.addons.numa_poly.models.poly: [poly] Removing non-existent column 'page_ids' from ir.ui.view query during boot. 
2026-03-25 01:26:13,513 143639 WARNING cm-test-18.0 odoo.addons.numa_poly.models.poly: [poly] Removing non-existent column 'page_ids' from ir.ui.view query during boot. 
2026-03-25 01:26:13,514 143639 WARNING cm-test-18.0 odoo.addons.numa_poly.models.poly: [poly] Removing non-existent column 'groups_id' from ir.ui.view query during boot. 
2026-03-25 01:26:13,558 143639 INFO cm-test-18.0 odoo.modules.loading: loading website/views/snippets/s_color_blocks_2.xml 
2026-03-25 01:26:13,566 143639 WARNING cm-test-18.0 odoo.addons.numa_poly.models.poly: [poly] Removing non-existent column 'page_ids' from ir.ui.view query during boot. 
2026-03-25 01:26:13,571 143639 INFO cm-test-18.0 odoo.modules.loading: loading website/views/snippets/s_product_list.xml 
2026-03-25 01:26:13,577 143639 WARNING cm-test-18.0 odoo.addons.numa_poly.models.poly: [poly] Removing non-existent column 'page_ids' from ir.ui.view query during boot. 
2026-03-25 01:26:13,584 143639 INFO cm-test-18.0 odoo.modules.loading: loading website/views/snippets/s_mega_menu_multi_menus.xml 
2026-03-25 01:26:13,591 143639 WARNING cm-test-18.0 odoo.addons.numa_poly.models.poly: [poly] Removing non-existent column 'page_ids' from ir.ui.view query during boot. 
2026-03-25 01:26:13,594 143639 INFO cm-test-18.0 odoo.modules.loading: loading website/views/snippets/s_mega_menu_menu_image_menu.xml 
2026-03-25 01:26:13,601 143639 WARNING cm-test-18.0 odoo.addons.numa_poly.models.poly: [poly] Removing non-existent column 'page_ids' from ir.ui.view query during boot. 
2026-03-25 01:26:13,604 143639 INFO cm-test-18.0 odoo.modules.loading: loading website/views/snippets/s_mega_menu_thumbnails.xml 
2026-03-25 01:26:13,618 143639 WARNING cm-test-18.0 odoo.addons.numa_poly.models.poly: [poly] Removing non-existent column 'page_ids' from ir.ui.view query during boot. 
2026-03-25 01:26:13,632 143639 WARNING cm-test-18.0 odoo.addons.numa_poly.models.poly: [poly] Removing non-existent column 'page_ids' from ir.ui.view query during boot. 
2026-03-25 01:26:13,640 143639 INFO cm-test-18.0 odoo.modules.loading: loading website/views/snippets/s_mega_menu_little_icons.xml 
2026-03-25 01:26:13,650 143639 WARNING cm-test-18.0 odoo.addons.numa_poly.models.poly: [poly] Removing non-existent column 'page_ids' from ir.ui.view query during boot. 
2026-03-25 01:26:13,655 143639 INFO cm-test-18.0 odoo.modules.loading: loading website/views/snippets/s_mega_menu_images_subtitles.xml 
2026-03-25 01:26:13,662 143639 WARNING cm-test-18.0 odoo.addons.numa_poly.models.poly: [poly] Removing non-existent column 'page_ids' from ir.ui.view query during boot. 
2026-03-25 01:26:13,670 143639 WARNING cm-test-18.0 odoo.addons.numa_poly.models.poly: [poly] Removing non-existent column 'page_ids' from ir.ui.view query during boot. 
2026-03-25 01:26:13,674 143639 INFO cm-test-18.0 odoo.modules.loading: loading website/views/snippets/s_mega_menu_menus_logos.xml 
2026-03-25 01:26:13,681 143639 WARNING cm-test-18.0 odoo.addons.numa_poly.models.poly: [poly] Removing non-existent column 'page_ids' from ir.ui.view query during boot. 
2026-03-25 01:26:13,687 143639 INFO cm-test-18.0 odoo.modules.loading: loading website/views/snippets/s_mega_menu_odoo_menu.xml 
2026-03-25 01:26:13,694 143639 WARNING cm-test-18.0 odoo.addons.numa_poly.models.poly: [poly] Removing non-existent column 'page_ids' from ir.ui.view query during boot. 
2026-03-25 01:26:13,700 143639 INFO cm-test-18.0 odoo.modules.loading: loading website/views/snippets/s_mega_menu_big_icons_subtitles.xml 
2026-03-25 01:26:13,707 143639 WARNING cm-test-18.0 odoo.addons.numa_poly.models.poly: [poly] Removing non-existent column 'page_ids' from ir.ui.view query during boot. 
2026-03-25 01:26:13,716 143639 WARNING cm-test-18.0 odoo.addons.numa_poly.models.poly: [poly] Removing non-existent column 'page_ids' from ir.ui.view query during boot. 
2026-03-25 01:26:13,723 143639 INFO cm-test-18.0 odoo.modules.loading: loading website/views/snippets/s_mega_menu_cards.xml 
2026-03-25 01:26:13,733 143639 WARNING cm-test-18.0 odoo.addons.numa_poly.models.poly: [poly] Removing non-existent column 'page_ids' from ir.ui.view query during boot. 
2026-03-25 01:26:13,746 143639 WARNING cm-test-18.0 odoo.addons.numa_poly.models.poly: [poly] Removing non-existent column 'page_ids' from ir.ui.view query during boot. 
2026-03-25 01:26:13,754 143639 INFO cm-test-18.0 odoo.modules.loading: loading website/views/snippets/s_google_map.xml 
2026-03-25 01:26:13,764 143639 WARNING cm-test-18.0 odoo.addons.numa_poly.models.poly: [poly] Removing non-existent column 'page_ids' from ir.ui.view query during boot. 
2026-03-25 01:26:13,770 143639 WARNING cm-test-18.0 odoo.addons.numa_poly.models.poly: [poly] Removing non-existent column 'page_ids' from ir.ui.view query during boot. 
2026-03-25 01:26:13,771 143639 WARNING cm-test-18.0 odoo.addons.numa_poly.models.poly: [poly] Removing non-existent column 'groups_id' from ir.ui.view query during boot. 
2026-03-25 01:26:13,797 143639 INFO cm-test-18.0 odoo.modules.loading: loading website/views/snippets/s_cta_mockups.xml 
2026-03-25 01:26:13,806 143639 WARNING cm-test-18.0 odoo.addons.numa_poly.models.poly: [poly] Removing non-existent column 'page_ids' from ir.ui.view query during boot. 
2026-03-25 01:26:13,811 143639 INFO cm-test-18.0 odoo.modules.loading: loading website/views/snippets/s_map.xml 
2026-03-25 01:26:13,821 143639 WARNING cm-test-18.0 odoo.addons.numa_poly.models.poly: [poly] Removing non-existent column 'page_ids' from ir.ui.view query during boot. 
2026-03-25 01:26:13,832 143639 WARNING cm-test-18.0 odoo.addons.numa_poly.models.poly: [poly] Removing non-existent column 'page_ids' from ir.ui.view query during boot. 
2026-03-25 01:26:13,834 143639 WARNING cm-test-18.0 odoo.addons.numa_poly.models.poly: [poly] Removing non-existent column 'groups_id' from ir.ui.view query during boot. 
2026-03-25 01:26:13,886 143639 INFO cm-test-18.0 odoo.modules.loading: loading website/views/snippets/s_dynamic_snippet.xml 
2026-03-25 01:26:13,893 143639 WARNING cm-test-18.0 odoo.addons.numa_poly.models.poly: [poly] Removing non-existent column 'page_ids' from ir.ui.view query during boot. 
2026-03-25 01:26:13,902 143639 WARNING cm-test-18.0 odoo.addons.numa_poly.models.poly: [poly] Removing non-existent column 'page_ids' from ir.ui.view query during boot. 
2026-03-25 01:26:13,910 143639 WARNING cm-test-18.0 odoo.addons.numa_poly.models.poly: [poly] Removing non-existent column 'page_ids' from ir.ui.view query during boot. 
2026-03-25 01:26:13,916 143639 WARNING cm-test-18.0 odoo.addons.numa_poly.models.poly: [poly] Removing non-existent column 'page_ids' from ir.ui.view query during boot. 
2026-03-25 01:26:13,917 143639 WARNING cm-test-18.0 odoo.addons.numa_poly.models.poly: [poly] Removing non-existent column 'groups_id' from ir.ui.view query during boot. 
2026-03-25 01:26:13,949 143639 INFO cm-test-18.0 odoo.modules.loading: loading website/views/snippets/s_dynamic_snippet_carousel.xml 
2026-03-25 01:26:13,959 143639 WARNING cm-test-18.0 odoo.addons.numa_poly.models.poly: [poly] Removing non-existent column 'page_ids' from ir.ui.view query during boot. 
2026-03-25 01:26:13,973 143639 WARNING cm-test-18.0 odoo.addons.numa_poly.models.poly: [poly] Removing non-existent column 'page_ids' from ir.ui.view query during boot. 
2026-03-25 01:26:13,982 143639 WARNING cm-test-18.0 odoo.addons.numa_poly.models.poly: [poly] Removing non-existent column 'page_ids' from ir.ui.view query during boot. 
2026-03-25 01:26:13,984 143639 WARNING cm-test-18.0 odoo.addons.numa_poly.models.poly: [poly] Removing non-existent column 'groups_id' from ir.ui.view query during boot. 
2026-03-25 01:26:14,017 143639 INFO cm-test-18.0 odoo.modules.loading: loading website/views/snippets/s_embed_code.xml 
2026-03-25 01:26:14,022 143639 WARNING cm-test-18.0 odoo.addons.numa_poly.models.poly: [poly] Removing non-existent column 'page_ids' from ir.ui.view query during boot. 
2026-03-25 01:26:14,028 143639 WARNING cm-test-18.0 odoo.addons.numa_poly.models.poly: [poly] Removing non-existent column 'page_ids' from ir.ui.view query during boot. 
2026-03-25 01:26:14,029 143639 WARNING cm-test-18.0 odoo.addons.numa_poly.models.poly: [poly] Removing non-existent column 'groups_id' from ir.ui.view query during boot. 
2026-03-25 01:26:14,056 143639 INFO cm-test-18.0 odoo.modules.loading: loading website/views/snippets/s_website_controller_page_listing_layout.xml 
2026-03-25 01:26:14,066 143639 WARNING cm-test-18.0 odoo.addons.numa_poly.models.poly: [poly] Removing non-existent column 'page_ids' from ir.ui.view query during boot. 
2026-03-25 01:26:14,067 143639 WARNING cm-test-18.0 odoo.addons.numa_poly.models.poly: [poly] Removing non-existent column 'groups_id' from ir.ui.view query during boot. 
2026-03-25 01:26:14,100 143639 INFO cm-test-18.0 odoo.modules.loading: loading website/views/snippets/s_website_form.xml 
2026-03-25 01:26:14,107 143639 WARNING cm-test-18.0 odoo.addons.numa_poly.models.poly: [poly] Removing non-existent column 'page_ids' from ir.ui.view query during boot. 
2026-03-25 01:26:14,115 143639 WARNING cm-test-18.0 odoo.addons.numa_poly.models.poly: [poly] Removing non-existent column 'page_ids' from ir.ui.view query during boot. 
2026-03-25 01:26:14,116 143639 WARNING cm-test-18.0 odoo.addons.numa_poly.models.poly: [poly] Removing non-existent column 'groups_id' from ir.ui.view query during boot. 
2026-03-25 01:26:14,163 143639 INFO cm-test-18.0 odoo.modules.loading: loading website/views/snippets/s_title_form.xml 
2026-03-25 01:26:14,169 143639 WARNING cm-test-18.0 odoo.addons.numa_poly.models.poly: [poly] Removing non-existent column 'page_ids' from ir.ui.view query during boot. 
2026-03-25 01:26:14,172 143639 INFO cm-test-18.0 odoo.modules.loading: loading website/views/snippets/s_searchbar.xml 
2026-03-25 01:26:14,179 143639 WARNING cm-test-18.0 odoo.addons.numa_poly.models.poly: [poly] Removing non-existent column 'page_ids' from ir.ui.view query during boot. 
2026-03-25 01:26:14,185 143639 WARNING cm-test-18.0 odoo.addons.numa_poly.models.poly: [poly] Removing non-existent column 'page_ids' from ir.ui.view query during boot. 
2026-03-25 01:26:14,191 143639 WARNING cm-test-18.0 odoo.addons.numa_poly.models.poly: [poly] Removing non-existent column 'page_ids' from ir.ui.view query during boot. 
2026-03-25 01:26:14,192 143639 WARNING cm-test-18.0 odoo.addons.numa_poly.models.poly: [poly] Removing non-existent column 'groups_id' from ir.ui.view query during boot. 
2026-03-25 01:26:14,241 143639 INFO cm-test-18.0 odoo.modules.loading: loading website/views/snippets/s_button.xml 
2026-03-25 01:26:14,249 143639 WARNING cm-test-18.0 odoo.addons.numa_poly.models.poly: [poly] Removing non-existent column 'page_ids' from ir.ui.view query during boot. 
2026-03-25 01:26:14,254 143639 INFO cm-test-18.0 odoo.modules.loading: loading website/views/snippets/s_freegrid.xml 
2026-03-25 01:26:14,265 143639 WARNING cm-test-18.0 odoo.addons.numa_poly.models.poly: [poly] Removing non-existent column 'page_ids' from ir.ui.view query during boot. 
2026-03-25 01:26:14,271 143639 INFO cm-test-18.0 odoo.modules.loading: loading website/views/snippets/s_card_offset.xml 
2026-03-25 01:26:14,282 143639 WARNING cm-test-18.0 odoo.addons.numa_poly.models.poly: [poly] Removing non-existent column 'page_ids' from ir.ui.view query during boot. 
2026-03-25 01:26:14,286 143639 INFO cm-test-18.0 odoo.modules.loading: loading website/views/snippets/s_image.xml 
2026-03-25 01:26:14,292 143639 WARNING cm-test-18.0 odoo.addons.numa_poly.models.poly: [poly] Removing non-existent column 'page_ids' from ir.ui.view query during boot. 
2026-03-25 01:26:14,298 143639 WARNING cm-test-18.0 odoo.addons.numa_poly.models.poly: [poly] Removing non-existent column 'page_ids' from ir.ui.view query during boot. 
2026-03-25 01:26:14,299 143639 WARNING cm-test-18.0 odoo.addons.numa_poly.models.poly: [poly] Removing non-existent column 'groups_id' from ir.ui.view query during boot. 
2026-03-25 01:26:14,323 143639 INFO cm-test-18.0 odoo.modules.loading: loading website/views/snippets/s_video.xml 
2026-03-25 01:26:14,329 143639 WARNING cm-test-18.0 odoo.addons.numa_poly.models.poly: [poly] Removing non-existent column 'page_ids' from ir.ui.view query during boot. 
2026-03-25 01:26:14,332 143639 INFO cm-test-18.0 odoo.modules.loading: loading website/views/snippets/s_cta_badge.xml 
2026-03-25 01:26:14,338 143639 WARNING cm-test-18.0 odoo.addons.numa_poly.models.poly: [poly] Removing non-existent column 'page_ids' from ir.ui.view query during boot. 
2026-03-25 01:26:14,349 143639 WARNING cm-test-18.0 odoo.addons.numa_poly.models.poly: [poly] Removing non-existent column 'page_ids' from ir.ui.view query during boot. 
2026-03-25 01:26:14,350 143639 WARNING cm-test-18.0 odoo.addons.numa_poly.models.poly: [poly] Removing non-existent column 'groups_id' from ir.ui.view query during boot. 
2026-03-25 01:26:14,373 143639 INFO cm-test-18.0 odoo.modules.loading: loading website/views/snippets/s_unveil.xml 
2026-03-25 01:26:14,382 143639 WARNING cm-test-18.0 odoo.addons.numa_poly.models.poly: [poly] Removing non-existent column 'page_ids' from ir.ui.view query during boot. 
2026-03-25 01:26:14,385 143639 INFO cm-test-18.0 odoo.modules.loading: loading website/views/snippets/s_image_hexagonal.xml 
2026-03-25 01:26:14,391 143639 WARNING cm-test-18.0 odoo.addons.numa_poly.models.poly: [poly] Removing non-existent column 'page_ids' from ir.ui.view query during boot. 
2026-03-25 01:26:14,395 143639 INFO cm-test-18.0 odoo.modules.loading: loading website/views/snippets/s_striped_center_top.xml 
2026-03-25 01:26:14,405 143639 WARNING cm-test-18.0 odoo.addons.numa_poly.models.poly: [poly] Removing non-existent column 'page_ids' from ir.ui.view query during boot. 
2026-03-25 01:26:14,415 143639 INFO cm-test-18.0 odoo.modules.loading: loading website/views/snippets/s_numbers_list.xml 
2026-03-25 01:26:14,430 143639 WARNING cm-test-18.0 odoo.addons.numa_poly.models.poly: [poly] Removing non-existent column 'page_ids' from ir.ui.view query during boot. 
2026-03-25 01:26:14,436 143639 INFO cm-test-18.0 odoo.modules.loading: loading website/views/snippets/s_quadrant.xml 
2026-03-25 01:26:14,444 143639 WARNING cm-test-18.0 odoo.addons.numa_poly.models.poly: [poly] Removing non-existent column 'page_ids' from ir.ui.view query during boot. 
2026-03-25 01:26:14,451 143639 WARNING cm-test-18.0 odoo.addons.numa_poly.models.poly: [poly] Removing non-existent column 'page_ids' from ir.ui.view query during boot. 
2026-03-25 01:26:14,452 143639 WARNING cm-test-18.0 odoo.addons.numa_poly.models.poly: [poly] Removing non-existent column 'groups_id' from ir.ui.view query during boot. 
2026-03-25 01:26:14,477 143639 INFO cm-test-18.0 odoo.modules.loading: loading website/views/snippets/s_cta_card.xml 
2026-03-25 01:26:14,484 143639 WARNING cm-test-18.0 odoo.addons.numa_poly.models.poly: [poly] Removing non-existent column 'page_ids' from ir.ui.view query during boot. 
2026-03-25 01:26:14,488 143639 INFO cm-test-18.0 odoo.modules.loading: loading website/views/snippets/s_image_frame.xml 
2026-03-25 01:26:14,497 143639 WARNING cm-test-18.0 odoo.addons.numa_poly.models.poly: [poly] Removing non-existent column 'page_ids' from ir.ui.view query during boot. 
2026-03-25 01:26:14,505 143639 INFO cm-test-18.0 odoo.modules.loading: loading website/views/new_page_template_templates.xml 
2026-03-25 01:26:14,519 143639 WARNING cm-test-18.0 odoo.addons.numa_poly.models.poly: [poly] Removing non-existent column 'page_ids' from ir.ui.view query during boot. 
2026-03-25 01:26:14,527 143639 WARNING cm-test-18.0 odoo.addons.numa_poly.models.poly: [poly] Removing non-existent column 'page_ids' from ir.ui.view query during boot. 
2026-03-25 01:26:14,527 143639 WARNING cm-test-18.0 odoo.addons.numa_poly.models.poly: [poly] Removing non-existent column 'groups_id' from ir.ui.view query during boot. 
2026-03-25 01:26:14,535 143639 WARNING cm-test-18.0 odoo.addons.numa_poly.models.poly: [poly] Removing non-existent column 'page_ids' from ir.ui.view query during boot. 
2026-03-25 01:26:14,536 143639 WARNING cm-test-18.0 odoo.addons.numa_poly.models.poly: [poly] Removing non-existent column 'groups_id' from ir.ui.view query during boot. 
2026-03-25 01:26:14,543 143639 WARNING cm-test-18.0 odoo.addons.numa_poly.models.poly: [poly] Removing non-existent column 'page_ids' from ir.ui.view query during boot. 
2026-03-25 01:26:14,544 143639 WARNING cm-test-18.0 odoo.addons.numa_poly.models.poly: [poly] Removing non-existent column 'groups_id' from ir.ui.view query during boot. 
2026-03-25 01:26:14,552 143639 WARNING cm-test-18.0 odoo.addons.numa_poly.models.poly: [poly] Removing non-existent column 'page_ids' from ir.ui.view query during boot. 
2026-03-25 01:26:14,553 143639 WARNING cm-test-18.0 odoo.addons.numa_poly.models.poly: [poly] Removing non-existent column 'groups_id' from ir.ui.view query during boot. 
2026-03-25 01:26:14,560 143639 WARNING cm-test-18.0 odoo.addons.numa_poly.models.poly: [poly] Removing non-existent column 'page_ids' from ir.ui.view query during boot. 
2026-03-25 01:26:14,561 143639 WARNING cm-test-18.0 odoo.addons.numa_poly.models.poly: [poly] Removing non-existent column 'groups_id' from ir.ui.view query during boot. 
2026-03-25 01:26:14,568 143639 WARNING cm-test-18.0 odoo.addons.numa_poly.models.poly: [poly] Removing non-existent column 'page_ids' from ir.ui.view query during boot. 
2026-03-25 01:26:14,569 143639 WARNING cm-test-18.0 odoo.addons.numa_poly.models.poly: [poly] Removing non-existent column 'groups_id' from ir.ui.view query during boot. 
2026-03-25 01:26:14,577 143639 WARNING cm-test-18.0 odoo.addons.numa_poly.models.poly: [poly] Removing non-existent column 'page_ids' from ir.ui.view query during boot. 
2026-03-25 01:26:14,578 143639 WARNING cm-test-18.0 odoo.addons.numa_poly.models.poly: [poly] Removing non-existent column 'groups_id' from ir.ui.view query during boot. 
2026-03-25 01:26:14,588 143639 WARNING cm-test-18.0 odoo.addons.numa_poly.models.poly: [poly] Removing non-existent column 'page_ids' from ir.ui.view query during boot. 
2026-03-25 01:26:14,589 143639 WARNING cm-test-18.0 odoo.addons.numa_poly.models.poly: [poly] Removing non-existent column 'groups_id' from ir.ui.view query during boot. 
2026-03-25 01:26:14,597 143639 WARNING cm-test-18.0 odoo.addons.numa_poly.models.poly: [poly] Removing non-existent column 'page_ids' from ir.ui.view query during boot. 
2026-03-25 01:26:14,598 143639 WARNING cm-test-18.0 odoo.addons.numa_poly.models.poly: [poly] Removing non-existent column 'groups_id' from ir.ui.view query during boot. 
2026-03-25 01:26:14,606 143639 WARNING cm-test-18.0 odoo.addons.numa_poly.models.poly: [poly] Removing non-existent column 'page_ids' from ir.ui.view query during boot. 
2026-03-25 01:26:14,607 143639 WARNING cm-test-18.0 odoo.addons.numa_poly.models.poly: [poly] Removing non-existent column 'groups_id' from ir.ui.view query during boot. 
2026-03-25 01:26:14,614 143639 WARNING cm-test-18.0 odoo.addons.numa_poly.models.poly: [poly] Removing non-existent column 'page_ids' from ir.ui.view query during boot. 
2026-03-25 01:26:14,615 143639 WARNING cm-test-18.0 odoo.addons.numa_poly.models.poly: [poly] Removing non-existent column 'groups_id' from ir.ui.view query during boot. 
2026-03-25 01:26:14,623 143639 WARNING cm-test-18.0 odoo.addons.numa_poly.models.poly: [poly] Removing non-existent column 'page_ids' from ir.ui.view query during boot. 
2026-03-25 01:26:14,623 143639 WARNING cm-test-18.0 odoo.addons.numa_poly.models.poly: [poly] Removing non-existent column 'groups_id' from ir.ui.view query during boot. 
2026-03-25 01:26:14,631 143639 WARNING cm-test-18.0 odoo.addons.numa_poly.models.poly: [poly] Removing non-existent column 'page_ids' from ir.ui.view query during boot. 
2026-03-25 01:26:14,632 143639 WARNING cm-test-18.0 odoo.addons.numa_poly.models.poly: [poly] Removing non-existent column 'groups_id' from ir.ui.view query during boot. 
2026-03-25 01:26:14,640 143639 WARNING cm-test-18.0 odoo.addons.numa_poly.models.poly: [poly] Removing non-existent column 'page_ids' from ir.ui.view query during boot. 
2026-03-25 01:26:14,640 143639 WARNING cm-test-18.0 odoo.addons.numa_poly.models.poly: [poly] Removing non-existent column 'groups_id' from ir.ui.view query during boot. 
2026-03-25 01:26:14,653 143639 WARNING cm-test-18.0 odoo.addons.numa_poly.models.poly: [poly] Removing non-existent column 'page_ids' from ir.ui.view query during boot. 
2026-03-25 01:26:14,654 143639 WARNING cm-test-18.0 odoo.addons.numa_poly.models.poly: [poly] Removing non-existent column 'groups_id' from ir.ui.view query during boot. 
2026-03-25 01:26:14,665 143639 WARNING cm-test-18.0 odoo.addons.numa_poly.models.poly: [poly] Removing non-existent column 'page_ids' from ir.ui.view query during boot. 
2026-03-25 01:26:14,666 143639 WARNING cm-test-18.0 odoo.addons.numa_poly.models.poly: [poly] Removing non-existent column 'groups_id' from ir.ui.view query during boot. 
2026-03-25 01:26:14,675 143639 WARNING cm-test-18.0 odoo.addons.numa_poly.models.poly: [poly] Removing non-existent column 'page_ids' from ir.ui.view query during boot. 
2026-03-25 01:26:14,676 143639 WARNING cm-test-18.0 odoo.addons.numa_poly.models.poly: [poly] Removing non-existent column 'groups_id' from ir.ui.view query during boot. 
2026-03-25 01:26:14,683 143639 WARNING cm-test-18.0 odoo.addons.numa_poly.models.poly: [poly] Removing non-existent column 'page_ids' from ir.ui.view query during boot. 
2026-03-25 01:26:14,684 143639 WARNING cm-test-18.0 odoo.addons.numa_poly.models.poly: [poly] Removing non-existent column 'groups_id' from ir.ui.view query during boot. 
2026-03-25 01:26:14,692 143639 WARNING cm-test-18.0 odoo.addons.numa_poly.models.poly: [poly] Removing non-existent column 'page_ids' from ir.ui.view query during boot. 
2026-03-25 01:26:14,692 143639 WARNING cm-test-18.0 odoo.addons.numa_poly.models.poly: [poly] Removing non-existent column 'groups_id' from ir.ui.view query during boot. 
2026-03-25 01:26:14,701 143639 WARNING cm-test-18.0 odoo.addons.numa_poly.models.poly: [poly] Removing non-existent column 'page_ids' from ir.ui.view query during boot. 
2026-03-25 01:26:14,701 143639 WARNING cm-test-18.0 odoo.addons.numa_poly.models.poly: [poly] Removing non-existent column 'groups_id' from ir.ui.view query during boot. 
2026-03-25 01:26:14,709 143639 WARNING cm-test-18.0 odoo.addons.numa_poly.models.poly: [poly] Removing non-existent column 'page_ids' from ir.ui.view query during boot. 
2026-03-25 01:26:14,710 143639 WARNING cm-test-18.0 odoo.addons.numa_poly.models.poly: [poly] Removing non-existent column 'groups_id' from ir.ui.view query during boot. 
2026-03-25 01:26:14,717 143639 WARNING cm-test-18.0 odoo.addons.numa_poly.models.poly: [poly] Removing non-existent column 'page_ids' from ir.ui.view query during boot. 
2026-03-25 01:26:14,718 143639 WARNING cm-test-18.0 odoo.addons.numa_poly.models.poly: [poly] Removing non-existent column 'groups_id' from ir.ui.view query during boot. 
2026-03-25 01:26:14,728 143639 WARNING cm-test-18.0 odoo.addons.numa_poly.models.poly: [poly] Removing non-existent column 'page_ids' from ir.ui.view query during boot. 
2026-03-25 01:26:14,729 143639 WARNING cm-test-18.0 odoo.addons.numa_poly.models.poly: [poly] Removing non-existent column 'groups_id' from ir.ui.view query during boot. 
2026-03-25 01:26:14,738 143639 WARNING cm-test-18.0 odoo.addons.numa_poly.models.poly: [poly] Removing non-existent column 'page_ids' from ir.ui.view query during boot. 
2026-03-25 01:26:14,738 143639 WARNING cm-test-18.0 odoo.addons.numa_poly.models.poly: [poly] Removing non-existent column 'groups_id' from ir.ui.view query during boot. 
2026-03-25 01:26:14,746 143639 WARNING cm-test-18.0 odoo.addons.numa_poly.models.poly: [poly] Removing non-existent column 'page_ids' from ir.ui.view query during boot. 
2026-03-25 01:26:14,747 143639 WARNING cm-test-18.0 odoo.addons.numa_poly.models.poly: [poly] Removing non-existent column 'groups_id' from ir.ui.view query during boot. 
2026-03-25 01:26:14,754 143639 WARNING cm-test-18.0 odoo.addons.numa_poly.models.poly: [poly] Removing non-existent column 'page_ids' from ir.ui.view query during boot. 
2026-03-25 01:26:14,755 143639 WARNING cm-test-18.0 odoo.addons.numa_poly.models.poly: [poly] Removing non-existent column 'groups_id' from ir.ui.view query during boot. 
2026-03-25 01:26:14,762 143639 WARNING cm-test-18.0 odoo.addons.numa_poly.models.poly: [poly] Removing non-existent column 'page_ids' from ir.ui.view query during boot. 
2026-03-25 01:26:14,763 143639 WARNING cm-test-18.0 odoo.addons.numa_poly.models.poly: [poly] Removing non-existent column 'groups_id' from ir.ui.view query during boot. 
2026-03-25 01:26:14,770 143639 WARNING cm-test-18.0 odoo.addons.numa_poly.models.poly: [poly] Removing non-existent column 'page_ids' from ir.ui.view query during boot. 
2026-03-25 01:26:14,771 143639 WARNING cm-test-18.0 odoo.addons.numa_poly.models.poly: [poly] Removing non-existent column 'groups_id' from ir.ui.view query during boot. 
2026-03-25 01:26:14,780 143639 WARNING cm-test-18.0 odoo.addons.numa_poly.models.poly: [poly] Removing non-existent column 'page_ids' from ir.ui.view query during boot. 
2026-03-25 01:26:14,781 143639 WARNING cm-test-18.0 odoo.addons.numa_poly.models.poly: [poly] Removing non-existent column 'groups_id' from ir.ui.view query during boot. 
2026-03-25 01:26:14,792 143639 WARNING cm-test-18.0 odoo.addons.numa_poly.models.poly: [poly] Removing non-existent column 'page_ids' from ir.ui.view query during boot. 
2026-03-25 01:26:14,793 143639 WARNING cm-test-18.0 odoo.addons.numa_poly.models.poly: [poly] Removing non-existent column 'groups_id' from ir.ui.view query during boot. 
2026-03-25 01:26:14,807 143639 WARNING cm-test-18.0 odoo.addons.numa_poly.models.poly: [poly] Removing non-existent column 'page_ids' from ir.ui.view query during boot. 
2026-03-25 01:26:14,808 143639 WARNING cm-test-18.0 odoo.addons.numa_poly.models.poly: [poly] Removing non-existent column 'groups_id' from ir.ui.view query during boot. 
2026-03-25 01:26:14,815 143639 WARNING cm-test-18.0 odoo.addons.numa_poly.models.poly: [poly] Removing non-existent column 'page_ids' from ir.ui.view query during boot. 
2026-03-25 01:26:14,816 143639 WARNING cm-test-18.0 odoo.addons.numa_poly.models.poly: [poly] Removing non-existent column 'groups_id' from ir.ui.view query during boot. 
2026-03-25 01:26:14,824 143639 WARNING cm-test-18.0 odoo.addons.numa_poly.models.poly: [poly] Removing non-existent column 'page_ids' from ir.ui.view query during boot. 
2026-03-25 01:26:14,825 143639 WARNING cm-test-18.0 odoo.addons.numa_poly.models.poly: [poly] Removing non-existent column 'groups_id' from ir.ui.view query during boot. 
2026-03-25 01:26:14,833 143639 WARNING cm-test-18.0 odoo.addons.numa_poly.models.poly: [poly] Removing non-existent column 'page_ids' from ir.ui.view query during boot. 
2026-03-25 01:26:14,833 143639 WARNING cm-test-18.0 odoo.addons.numa_poly.models.poly: [poly] Removing non-existent column 'groups_id' from ir.ui.view query during boot. 
2026-03-25 01:26:14,842 143639 WARNING cm-test-18.0 odoo.addons.numa_poly.models.poly: [poly] Removing non-existent column 'page_ids' from ir.ui.view query during boot. 
2026-03-25 01:26:14,843 143639 WARNING cm-test-18.0 odoo.addons.numa_poly.models.poly: [poly] Removing non-existent column 'groups_id' from ir.ui.view query during boot. 
2026-03-25 01:26:14,852 143639 WARNING cm-test-18.0 odoo.addons.numa_poly.models.poly: [poly] Removing non-existent column 'page_ids' from ir.ui.view query during boot. 
2026-03-25 01:26:14,853 143639 WARNING cm-test-18.0 odoo.addons.numa_poly.models.poly: [poly] Removing non-existent column 'groups_id' from ir.ui.view query during boot. 
2026-03-25 01:26:14,873 143639 WARNING cm-test-18.0 odoo.addons.numa_poly.models.poly: [poly] Removing non-existent column 'page_ids' from ir.ui.view query during boot. 
2026-03-25 01:26:14,874 143639 WARNING cm-test-18.0 odoo.addons.numa_poly.models.poly: [poly] Removing non-existent column 'groups_id' from ir.ui.view query during boot. 
2026-03-25 01:26:14,887 143639 WARNING cm-test-18.0 odoo.addons.numa_poly.models.poly: [poly] Removing non-existent column 'page_ids' from ir.ui.view query during boot. 
2026-03-25 01:26:14,889 143639 WARNING cm-test-18.0 odoo.addons.numa_poly.models.poly: [poly] Removing non-existent column 'groups_id' from ir.ui.view query during boot. 
2026-03-25 01:26:14,900 143639 WARNING cm-test-18.0 odoo.addons.numa_poly.models.poly: [poly] Removing non-existent column 'page_ids' from ir.ui.view query during boot. 
2026-03-25 01:26:14,902 143639 WARNING cm-test-18.0 odoo.addons.numa_poly.models.poly: [poly] Removing non-existent column 'groups_id' from ir.ui.view query during boot. 
2026-03-25 01:26:14,911 143639 WARNING cm-test-18.0 odoo.addons.numa_poly.models.poly: [poly] Removing non-existent column 'page_ids' from ir.ui.view query during boot. 
2026-03-25 01:26:14,912 143639 WARNING cm-test-18.0 odoo.addons.numa_poly.models.poly: [poly] Removing non-existent column 'groups_id' from ir.ui.view query during boot. 
2026-03-25 01:26:14,922 143639 WARNING cm-test-18.0 odoo.addons.numa_poly.models.poly: [poly] Removing non-existent column 'page_ids' from ir.ui.view query during boot. 
2026-03-25 01:26:14,923 143639 WARNING cm-test-18.0 odoo.addons.numa_poly.models.poly: [poly] Removing non-existent column 'groups_id' from ir.ui.view query during boot. 
2026-03-25 01:26:14,931 143639 WARNING cm-test-18.0 odoo.addons.numa_poly.models.poly: [poly] Removing non-existent column 'page_ids' from ir.ui.view query during boot. 
2026-03-25 01:26:14,932 143639 WARNING cm-test-18.0 odoo.addons.numa_poly.models.poly: [poly] Removing non-existent column 'groups_id' from ir.ui.view query during boot. 
2026-03-25 01:26:14,940 143639 WARNING cm-test-18.0 odoo.addons.numa_poly.models.poly: [poly] Removing non-existent column 'page_ids' from ir.ui.view query during boot. 
2026-03-25 01:26:14,940 143639 WARNING cm-test-18.0 odoo.addons.numa_poly.models.poly: [poly] Removing non-existent column 'groups_id' from ir.ui.view query during boot. 
2026-03-25 01:26:14,951 143639 WARNING cm-test-18.0 odoo.addons.numa_poly.models.poly: [poly] Removing non-existent column 'page_ids' from ir.ui.view query during boot. 
2026-03-25 01:26:14,952 143639 WARNING cm-test-18.0 odoo.addons.numa_poly.models.poly: [poly] Removing non-existent column 'groups_id' from ir.ui.view query during boot. 
2026-03-25 01:26:14,963 143639 WARNING cm-test-18.0 odoo.addons.numa_poly.models.poly: [poly] Removing non-existent column 'page_ids' from ir.ui.view query during boot. 
2026-03-25 01:26:14,964 143639 WARNING cm-test-18.0 odoo.addons.numa_poly.models.poly: [poly] Removing non-existent column 'groups_id' from ir.ui.view query during boot. 
2026-03-25 01:26:14,972 143639 WARNING cm-test-18.0 odoo.addons.numa_poly.models.poly: [poly] Removing non-existent column 'page_ids' from ir.ui.view query during boot. 
2026-03-25 01:26:14,973 143639 WARNING cm-test-18.0 odoo.addons.numa_poly.models.poly: [poly] Removing non-existent column 'groups_id' from ir.ui.view query during boot. 
2026-03-25 01:26:14,981 143639 WARNING cm-test-18.0 odoo.addons.numa_poly.models.poly: [poly] Removing non-existent column 'page_ids' from ir.ui.view query during boot. 
2026-03-25 01:26:14,981 143639 WARNING cm-test-18.0 odoo.addons.numa_poly.models.poly: [poly] Removing non-existent column 'groups_id' from ir.ui.view query during boot. 
2026-03-25 01:26:14,989 143639 WARNING cm-test-18.0 odoo.addons.numa_poly.models.poly: [poly] Removing non-existent column 'page_ids' from ir.ui.view query during boot. 
2026-03-25 01:26:14,989 143639 WARNING cm-test-18.0 odoo.addons.numa_poly.models.poly: [poly] Removing non-existent column 'groups_id' from ir.ui.view query during boot. 
2026-03-25 01:26:14,997 143639 WARNING cm-test-18.0 odoo.addons.numa_poly.models.poly: [poly] Removing non-existent column 'page_ids' from ir.ui.view query during boot. 
2026-03-25 01:26:14,998 143639 WARNING cm-test-18.0 odoo.addons.numa_poly.models.poly: [poly] Removing non-existent column 'groups_id' from ir.ui.view query during boot. 
2026-03-25 01:26:15,005 143639 WARNING cm-test-18.0 odoo.addons.numa_poly.models.poly: [poly] Removing non-existent column 'page_ids' from ir.ui.view query during boot. 
2026-03-25 01:26:15,006 143639 WARNING cm-test-18.0 odoo.addons.numa_poly.models.poly: [poly] Removing non-existent column 'groups_id' from ir.ui.view query during boot. 
2026-03-25 01:26:15,013 143639 WARNING cm-test-18.0 odoo.addons.numa_poly.models.poly: [poly] Removing non-existent column 'page_ids' from ir.ui.view query during boot. 
2026-03-25 01:26:15,013 143639 WARNING cm-test-18.0 odoo.addons.numa_poly.models.poly: [poly] Removing non-existent column 'groups_id' from ir.ui.view query during boot. 
2026-03-25 01:26:15,025 143639 WARNING cm-test-18.0 odoo.addons.numa_poly.models.poly: [poly] Removing non-existent column 'page_ids' from ir.ui.view query during boot. 
2026-03-25 01:26:15,026 143639 WARNING cm-test-18.0 odoo.addons.numa_poly.models.poly: [poly] Removing non-existent column 'groups_id' from ir.ui.view query during boot. 
2026-03-25 01:26:15,033 143639 WARNING cm-test-18.0 odoo.addons.numa_poly.models.poly: [poly] Removing non-existent column 'page_ids' from ir.ui.view query during boot. 
2026-03-25 01:26:15,034 143639 WARNING cm-test-18.0 odoo.addons.numa_poly.models.poly: [poly] Removing non-existent column 'groups_id' from ir.ui.view query during boot. 
2026-03-25 01:26:15,041 143639 WARNING cm-test-18.0 odoo.addons.numa_poly.models.poly: [poly] Removing non-existent column 'page_ids' from ir.ui.view query during boot. 
2026-03-25 01:26:15,042 143639 WARNING cm-test-18.0 odoo.addons.numa_poly.models.poly: [poly] Removing non-existent column 'groups_id' from ir.ui.view query during boot. 
2026-03-25 01:26:15,051 143639 WARNING cm-test-18.0 odoo.addons.numa_poly.models.poly: [poly] Removing non-existent column 'page_ids' from ir.ui.view query during boot. 
2026-03-25 01:26:15,051 143639 WARNING cm-test-18.0 odoo.addons.numa_poly.models.poly: [poly] Removing non-existent column 'groups_id' from ir.ui.view query during boot. 
2026-03-25 01:26:15,058 143639 WARNING cm-test-18.0 odoo.addons.numa_poly.models.poly: [poly] Removing non-existent column 'page_ids' from ir.ui.view query during boot. 
2026-03-25 01:26:15,059 143639 WARNING cm-test-18.0 odoo.addons.numa_poly.models.poly: [poly] Removing non-existent column 'groups_id' from ir.ui.view query during boot. 
2026-03-25 01:26:15,067 143639 WARNING cm-test-18.0 odoo.addons.numa_poly.models.poly: [poly] Removing non-existent column 'page_ids' from ir.ui.view query during boot. 
2026-03-25 01:26:15,067 143639 WARNING cm-test-18.0 odoo.addons.numa_poly.models.poly: [poly] Removing non-existent column 'groups_id' from ir.ui.view query during boot. 
2026-03-25 01:26:15,074 143639 WARNING cm-test-18.0 odoo.addons.numa_poly.models.poly: [poly] Removing non-existent column 'page_ids' from ir.ui.view query during boot. 
2026-03-25 01:26:15,075 143639 WARNING cm-test-18.0 odoo.addons.numa_poly.models.poly: [poly] Removing non-existent column 'groups_id' from ir.ui.view query during boot. 
2026-03-25 01:26:15,083 143639 WARNING cm-test-18.0 odoo.addons.numa_poly.models.poly: [poly] Removing non-existent column 'page_ids' from ir.ui.view query during boot. 
2026-03-25 01:26:15,084 143639 WARNING cm-test-18.0 odoo.addons.numa_poly.models.poly: [poly] Removing non-existent column 'groups_id' from ir.ui.view query during boot. 
2026-03-25 01:26:15,097 143639 WARNING cm-test-18.0 odoo.addons.numa_poly.models.poly: [poly] Removing non-existent column 'page_ids' from ir.ui.view query during boot. 
2026-03-25 01:26:15,099 143639 WARNING cm-test-18.0 odoo.addons.numa_poly.models.poly: [poly] Removing non-existent column 'groups_id' from ir.ui.view query during boot. 
2026-03-25 01:26:15,109 143639 WARNING cm-test-18.0 odoo.addons.numa_poly.models.poly: [poly] Removing non-existent column 'page_ids' from ir.ui.view query during boot. 
2026-03-25 01:26:15,109 143639 WARNING cm-test-18.0 odoo.addons.numa_poly.models.poly: [poly] Removing non-existent column 'groups_id' from ir.ui.view query during boot. 
2026-03-25 01:26:15,116 143639 WARNING cm-test-18.0 odoo.addons.numa_poly.models.poly: [poly] Removing non-existent column 'page_ids' from ir.ui.view query during boot. 
2026-03-25 01:26:15,117 143639 WARNING cm-test-18.0 odoo.addons.numa_poly.models.poly: [poly] Removing non-existent column 'groups_id' from ir.ui.view query during boot. 
2026-03-25 01:26:15,124 143639 WARNING cm-test-18.0 odoo.addons.numa_poly.models.poly: [poly] Removing non-existent column 'page_ids' from ir.ui.view query during boot. 
2026-03-25 01:26:15,125 143639 WARNING cm-test-18.0 odoo.addons.numa_poly.models.poly: [poly] Removing non-existent column 'groups_id' from ir.ui.view query during boot. 
2026-03-25 01:26:15,134 143639 WARNING cm-test-18.0 odoo.addons.numa_poly.models.poly: [poly] Removing non-existent column 'page_ids' from ir.ui.view query during boot. 
2026-03-25 01:26:15,134 143639 WARNING cm-test-18.0 odoo.addons.numa_poly.models.poly: [poly] Removing non-existent column 'groups_id' from ir.ui.view query during boot. 
2026-03-25 01:26:15,142 143639 WARNING cm-test-18.0 odoo.addons.numa_poly.models.poly: [poly] Removing non-existent column 'page_ids' from ir.ui.view query during boot. 
2026-03-25 01:26:15,142 143639 WARNING cm-test-18.0 odoo.addons.numa_poly.models.poly: [poly] Removing non-existent column 'groups_id' from ir.ui.view query during boot. 
2026-03-25 01:26:15,155 143639 WARNING cm-test-18.0 odoo.addons.numa_poly.models.poly: [poly] Removing non-existent column 'page_ids' from ir.ui.view query during boot. 
2026-03-25 01:26:15,156 143639 WARNING cm-test-18.0 odoo.addons.numa_poly.models.poly: [poly] Removing non-existent column 'groups_id' from ir.ui.view query during boot. 
2026-03-25 01:26:15,174 143639 WARNING cm-test-18.0 odoo.addons.numa_poly.models.poly: [poly] Removing non-existent column 'page_ids' from ir.ui.view query during boot. 
2026-03-25 01:26:15,175 143639 WARNING cm-test-18.0 odoo.addons.numa_poly.models.poly: [poly] Removing non-existent column 'groups_id' from ir.ui.view query during boot. 
2026-03-25 01:26:15,190 143639 WARNING cm-test-18.0 odoo.addons.numa_poly.models.poly: [poly] Removing non-existent column 'page_ids' from ir.ui.view query during boot. 
2026-03-25 01:26:15,191 143639 WARNING cm-test-18.0 odoo.addons.numa_poly.models.poly: [poly] Removing non-existent column 'groups_id' from ir.ui.view query during boot. 
2026-03-25 01:26:15,198 143639 WARNING cm-test-18.0 odoo.addons.numa_poly.models.poly: [poly] Removing non-existent column 'page_ids' from ir.ui.view query during boot. 
2026-03-25 01:26:15,199 143639 WARNING cm-test-18.0 odoo.addons.numa_poly.models.poly: [poly] Removing non-existent column 'groups_id' from ir.ui.view query during boot. 
2026-03-25 01:26:15,206 143639 WARNING cm-test-18.0 odoo.addons.numa_poly.models.poly: [poly] Removing non-existent column 'page_ids' from ir.ui.view query during boot. 
2026-03-25 01:26:15,207 143639 WARNING cm-test-18.0 odoo.addons.numa_poly.models.poly: [poly] Removing non-existent column 'groups_id' from ir.ui.view query during boot. 
2026-03-25 01:26:15,214 143639 WARNING cm-test-18.0 odoo.addons.numa_poly.models.poly: [poly] Removing non-existent column 'page_ids' from ir.ui.view query during boot. 
2026-03-25 01:26:15,215 143639 WARNING cm-test-18.0 odoo.addons.numa_poly.models.poly: [poly] Removing non-existent column 'groups_id' from ir.ui.view query during boot. 
2026-03-25 01:26:15,223 143639 WARNING cm-test-18.0 odoo.addons.numa_poly.models.poly: [poly] Removing non-existent column 'page_ids' from ir.ui.view query during boot. 
2026-03-25 01:26:15,224 143639 WARNING cm-test-18.0 odoo.addons.numa_poly.models.poly: [poly] Removing non-existent column 'groups_id' from ir.ui.view query during boot. 
2026-03-25 01:26:15,232 143639 WARNING cm-test-18.0 odoo.addons.numa_poly.models.poly: [poly] Removing non-existent column 'page_ids' from ir.ui.view query during boot. 
2026-03-25 01:26:15,232 143639 WARNING cm-test-18.0 odoo.addons.numa_poly.models.poly: [poly] Removing non-existent column 'groups_id' from ir.ui.view query during boot. 
2026-03-25 01:26:15,240 143639 WARNING cm-test-18.0 odoo.addons.numa_poly.models.poly: [poly] Removing non-existent column 'page_ids' from ir.ui.view query during boot. 
2026-03-25 01:26:15,241 143639 WARNING cm-test-18.0 odoo.addons.numa_poly.models.poly: [poly] Removing non-existent column 'groups_id' from ir.ui.view query during boot. 
2026-03-25 01:26:15,252 143639 WARNING cm-test-18.0 odoo.addons.numa_poly.models.poly: [poly] Removing non-existent column 'page_ids' from ir.ui.view query during boot. 
2026-03-25 01:26:15,253 143639 WARNING cm-test-18.0 odoo.addons.numa_poly.models.poly: [poly] Removing non-existent column 'groups_id' from ir.ui.view query during boot. 
2026-03-25 01:26:15,267 143639 WARNING cm-test-18.0 odoo.addons.numa_poly.models.poly: [poly] Removing non-existent column 'page_ids' from ir.ui.view query during boot. 
2026-03-25 01:26:15,268 143639 WARNING cm-test-18.0 odoo.addons.numa_poly.models.poly: [poly] Removing non-existent column 'groups_id' from ir.ui.view query during boot. 
2026-03-25 01:26:15,278 143639 WARNING cm-test-18.0 odoo.addons.numa_poly.models.poly: [poly] Removing non-existent column 'page_ids' from ir.ui.view query during boot. 
2026-03-25 01:26:15,279 143639 WARNING cm-test-18.0 odoo.addons.numa_poly.models.poly: [poly] Removing non-existent column 'groups_id' from ir.ui.view query during boot. 
2026-03-25 01:26:15,289 143639 WARNING cm-test-18.0 odoo.addons.numa_poly.models.poly: [poly] Removing non-existent column 'page_ids' from ir.ui.view query during boot. 
2026-03-25 01:26:15,290 143639 WARNING cm-test-18.0 odoo.addons.numa_poly.models.poly: [poly] Removing non-existent column 'groups_id' from ir.ui.view query during boot. 
2026-03-25 01:26:15,300 143639 WARNING cm-test-18.0 odoo.addons.numa_poly.models.poly: [poly] Removing non-existent column 'page_ids' from ir.ui.view query during boot. 
2026-03-25 01:26:15,300 143639 WARNING cm-test-18.0 odoo.addons.numa_poly.models.poly: [poly] Removing non-existent column 'groups_id' from ir.ui.view query during boot. 
2026-03-25 01:26:15,309 143639 WARNING cm-test-18.0 odoo.addons.numa_poly.models.poly: [poly] Removing non-existent column 'page_ids' from ir.ui.view query during boot. 
2026-03-25 01:26:15,309 143639 WARNING cm-test-18.0 odoo.addons.numa_poly.models.poly: [poly] Removing non-existent column 'groups_id' from ir.ui.view query during boot. 
2026-03-25 01:26:15,318 143639 WARNING cm-test-18.0 odoo.addons.numa_poly.models.poly: [poly] Removing non-existent column 'page_ids' from ir.ui.view query during boot. 
2026-03-25 01:26:15,319 143639 WARNING cm-test-18.0 odoo.addons.numa_poly.models.poly: [poly] Removing non-existent column 'groups_id' from ir.ui.view query during boot. 
2026-03-25 01:26:15,331 143639 WARNING cm-test-18.0 odoo.addons.numa_poly.models.poly: [poly] Removing non-existent column 'page_ids' from ir.ui.view query during boot. 
2026-03-25 01:26:15,332 143639 WARNING cm-test-18.0 odoo.addons.numa_poly.models.poly: [poly] Removing non-existent column 'groups_id' from ir.ui.view query during boot. 
2026-03-25 01:26:15,340 143639 WARNING cm-test-18.0 odoo.addons.numa_poly.models.poly: [poly] Removing non-existent column 'page_ids' from ir.ui.view query during boot. 
2026-03-25 01:26:15,340 143639 WARNING cm-test-18.0 odoo.addons.numa_poly.models.poly: [poly] Removing non-existent column 'groups_id' from ir.ui.view query during boot. 
2026-03-25 01:26:15,348 143639 WARNING cm-test-18.0 odoo.addons.numa_poly.models.poly: [poly] Removing non-existent column 'page_ids' from ir.ui.view query during boot. 
2026-03-25 01:26:15,349 143639 WARNING cm-test-18.0 odoo.addons.numa_poly.models.poly: [poly] Removing non-existent column 'groups_id' from ir.ui.view query during boot. 
2026-03-25 01:26:15,357 143639 WARNING cm-test-18.0 odoo.addons.numa_poly.models.poly: [poly] Removing non-existent column 'page_ids' from ir.ui.view query during boot. 
2026-03-25 01:26:15,358 143639 WARNING cm-test-18.0 odoo.addons.numa_poly.models.poly: [poly] Removing non-existent column 'groups_id' from ir.ui.view query during boot. 
2026-03-25 01:26:15,365 143639 WARNING cm-test-18.0 odoo.addons.numa_poly.models.poly: [poly] Removing non-existent column 'page_ids' from ir.ui.view query during boot. 
2026-03-25 01:26:15,366 143639 WARNING cm-test-18.0 odoo.addons.numa_poly.models.poly: [poly] Removing non-existent column 'groups_id' from ir.ui.view query during boot. 
2026-03-25 01:26:15,373 143639 WARNING cm-test-18.0 odoo.addons.numa_poly.models.poly: [poly] Removing non-existent column 'page_ids' from ir.ui.view query during boot. 
2026-03-25 01:26:15,374 143639 WARNING cm-test-18.0 odoo.addons.numa_poly.models.poly: [poly] Removing non-existent column 'groups_id' from ir.ui.view query during boot. 
2026-03-25 01:26:15,392 143639 WARNING cm-test-18.0 odoo.addons.numa_poly.models.poly: [poly] Removing non-existent column 'page_ids' from ir.ui.view query during boot. 
2026-03-25 01:26:15,393 143639 WARNING cm-test-18.0 odoo.addons.numa_poly.models.poly: [poly] Removing non-existent column 'groups_id' from ir.ui.view query during boot. 
2026-03-25 01:26:15,401 143639 WARNING cm-test-18.0 odoo.addons.numa_poly.models.poly: [poly] Removing non-existent column 'page_ids' from ir.ui.view query during boot. 
2026-03-25 01:26:15,401 143639 WARNING cm-test-18.0 odoo.addons.numa_poly.models.poly: [poly] Removing non-existent column 'groups_id' from ir.ui.view query during boot. 
2026-03-25 01:26:15,413 143639 WARNING cm-test-18.0 odoo.addons.numa_poly.models.poly: [poly] Removing non-existent column 'page_ids' from ir.ui.view query during boot. 
2026-03-25 01:26:15,414 143639 WARNING cm-test-18.0 odoo.addons.numa_poly.models.poly: [poly] Removing non-existent column 'groups_id' from ir.ui.view query during boot. 
2026-03-25 01:26:15,434 143639 WARNING cm-test-18.0 odoo.addons.numa_poly.models.poly: [poly] Removing non-existent column 'page_ids' from ir.ui.view query during boot. 
2026-03-25 01:26:15,435 143639 WARNING cm-test-18.0 odoo.addons.numa_poly.models.poly: [poly] Removing non-existent column 'groups_id' from ir.ui.view query during boot. 
2026-03-25 01:26:15,444 143639 WARNING cm-test-18.0 odoo.addons.numa_poly.models.poly: [poly] Removing non-existent column 'page_ids' from ir.ui.view query during boot. 
2026-03-25 01:26:15,445 143639 WARNING cm-test-18.0 odoo.addons.numa_poly.models.poly: [poly] Removing non-existent column 'groups_id' from ir.ui.view query during boot. 
2026-03-25 01:26:15,454 143639 WARNING cm-test-18.0 odoo.addons.numa_poly.models.poly: [poly] Removing non-existent column 'page_ids' from ir.ui.view query during boot. 
2026-03-25 01:26:15,454 143639 WARNING cm-test-18.0 odoo.addons.numa_poly.models.poly: [poly] Removing non-existent column 'groups_id' from ir.ui.view query during boot. 
2026-03-25 01:26:15,463 143639 WARNING cm-test-18.0 odoo.addons.numa_poly.models.poly: [poly] Removing non-existent column 'page_ids' from ir.ui.view query during boot. 
2026-03-25 01:26:15,463 143639 WARNING cm-test-18.0 odoo.addons.numa_poly.models.poly: [poly] Removing non-existent column 'groups_id' from ir.ui.view query during boot. 
2026-03-25 01:26:15,472 143639 WARNING cm-test-18.0 odoo.addons.numa_poly.models.poly: [poly] Removing non-existent column 'page_ids' from ir.ui.view query during boot. 
2026-03-25 01:26:15,473 143639 WARNING cm-test-18.0 odoo.addons.numa_poly.models.poly: [poly] Removing non-existent column 'groups_id' from ir.ui.view query during boot. 
2026-03-25 01:26:15,480 143639 WARNING cm-test-18.0 odoo.addons.numa_poly.models.poly: [poly] Removing non-existent column 'page_ids' from ir.ui.view query during boot. 
2026-03-25 01:26:15,481 143639 WARNING cm-test-18.0 odoo.addons.numa_poly.models.poly: [poly] Removing non-existent column 'groups_id' from ir.ui.view query during boot. 
2026-03-25 01:26:15,489 143639 WARNING cm-test-18.0 odoo.addons.numa_poly.models.poly: [poly] Removing non-existent column 'page_ids' from ir.ui.view query during boot. 
2026-03-25 01:26:15,496 143639 WARNING cm-test-18.0 odoo.addons.numa_poly.models.poly: [poly] Removing non-existent column 'groups_id' from ir.ui.view query during boot. 
2026-03-25 01:26:15,506 143639 WARNING cm-test-18.0 odoo.addons.numa_poly.models.poly: [poly] Removing non-existent column 'page_ids' from ir.ui.view query during boot. 
2026-03-25 01:26:15,507 143639 WARNING cm-test-18.0 odoo.addons.numa_poly.models.poly: [poly] Removing non-existent column 'groups_id' from ir.ui.view query during boot. 
2026-03-25 01:26:15,516 143639 WARNING cm-test-18.0 odoo.addons.numa_poly.models.poly: [poly] Removing non-existent column 'page_ids' from ir.ui.view query during boot. 
2026-03-25 01:26:15,517 143639 WARNING cm-test-18.0 odoo.addons.numa_poly.models.poly: [poly] Removing non-existent column 'groups_id' from ir.ui.view query during boot. 
2026-03-25 01:26:15,525 143639 WARNING cm-test-18.0 odoo.addons.numa_poly.models.poly: [poly] Removing non-existent column 'page_ids' from ir.ui.view query during boot. 
2026-03-25 01:26:15,526 143639 WARNING cm-test-18.0 odoo.addons.numa_poly.models.poly: [poly] Removing non-existent column 'groups_id' from ir.ui.view query during boot. 
2026-03-25 01:26:15,534 143639 WARNING cm-test-18.0 odoo.addons.numa_poly.models.poly: [poly] Removing non-existent column 'page_ids' from ir.ui.view query during boot. 
2026-03-25 01:26:15,534 143639 WARNING cm-test-18.0 odoo.addons.numa_poly.models.poly: [poly] Removing non-existent column 'groups_id' from ir.ui.view query during boot. 
2026-03-25 01:26:15,542 143639 WARNING cm-test-18.0 odoo.addons.numa_poly.models.poly: [poly] Removing non-existent column 'page_ids' from ir.ui.view query during boot. 
2026-03-25 01:26:15,542 143639 WARNING cm-test-18.0 odoo.addons.numa_poly.models.poly: [poly] Removing non-existent column 'groups_id' from ir.ui.view query during boot. 
2026-03-25 01:26:15,550 143639 WARNING cm-test-18.0 odoo.addons.numa_poly.models.poly: [poly] Removing non-existent column 'page_ids' from ir.ui.view query during boot. 
2026-03-25 01:26:15,551 143639 WARNING cm-test-18.0 odoo.addons.numa_poly.models.poly: [poly] Removing non-existent column 'groups_id' from ir.ui.view query during boot. 
2026-03-25 01:26:15,558 143639 WARNING cm-test-18.0 odoo.addons.numa_poly.models.poly: [poly] Removing non-existent column 'page_ids' from ir.ui.view query during boot. 
2026-03-25 01:26:15,559 143639 WARNING cm-test-18.0 odoo.addons.numa_poly.models.poly: [poly] Removing non-existent column 'groups_id' from ir.ui.view query during boot. 
2026-03-25 01:26:15,567 143639 WARNING cm-test-18.0 odoo.addons.numa_poly.models.poly: [poly] Removing non-existent column 'page_ids' from ir.ui.view query during boot. 
2026-03-25 01:26:15,568 143639 WARNING cm-test-18.0 odoo.addons.numa_poly.models.poly: [poly] Removing non-existent column 'groups_id' from ir.ui.view query during boot. 
2026-03-25 01:26:15,575 143639 WARNING cm-test-18.0 odoo.addons.numa_poly.models.poly: [poly] Removing non-existent column 'page_ids' from ir.ui.view query during boot. 
2026-03-25 01:26:15,575 143639 WARNING cm-test-18.0 odoo.addons.numa_poly.models.poly: [poly] Removing non-existent column 'groups_id' from ir.ui.view query during boot. 
2026-03-25 01:26:15,583 143639 WARNING cm-test-18.0 odoo.addons.numa_poly.models.poly: [poly] Removing non-existent column 'page_ids' from ir.ui.view query during boot. 
2026-03-25 01:26:15,583 143639 WARNING cm-test-18.0 odoo.addons.numa_poly.models.poly: [poly] Removing non-existent column 'groups_id' from ir.ui.view query during boot. 
2026-03-25 01:26:15,591 143639 WARNING cm-test-18.0 odoo.addons.numa_poly.models.poly: [poly] Removing non-existent column 'page_ids' from ir.ui.view query during boot. 
2026-03-25 01:26:15,591 143639 WARNING cm-test-18.0 odoo.addons.numa_poly.models.poly: [poly] Removing non-existent column 'groups_id' from ir.ui.view query during boot. 
2026-03-25 01:26:15,604 143639 WARNING cm-test-18.0 odoo.addons.numa_poly.models.poly: [poly] Removing non-existent column 'page_ids' from ir.ui.view query during boot. 
2026-03-25 01:26:15,605 143639 WARNING cm-test-18.0 odoo.addons.numa_poly.models.poly: [poly] Removing non-existent column 'groups_id' from ir.ui.view query during boot. 
2026-03-25 01:26:15,613 143639 WARNING cm-test-18.0 odoo.addons.numa_poly.models.poly: [poly] Removing non-existent column 'page_ids' from ir.ui.view query during boot. 
2026-03-25 01:26:15,613 143639 WARNING cm-test-18.0 odoo.addons.numa_poly.models.poly: [poly] Removing non-existent column 'groups_id' from ir.ui.view query during boot. 
2026-03-25 01:26:15,621 143639 WARNING cm-test-18.0 odoo.addons.numa_poly.models.poly: [poly] Removing non-existent column 'page_ids' from ir.ui.view query during boot. 
2026-03-25 01:26:15,622 143639 WARNING cm-test-18.0 odoo.addons.numa_poly.models.poly: [poly] Removing non-existent column 'groups_id' from ir.ui.view query during boot. 
2026-03-25 01:26:15,630 143639 WARNING cm-test-18.0 odoo.addons.numa_poly.models.poly: [poly] Removing non-existent column 'page_ids' from ir.ui.view query during boot. 
2026-03-25 01:26:15,631 143639 WARNING cm-test-18.0 odoo.addons.numa_poly.models.poly: [poly] Removing non-existent column 'groups_id' from ir.ui.view query during boot. 
2026-03-25 01:26:15,638 143639 WARNING cm-test-18.0 odoo.addons.numa_poly.models.poly: [poly] Removing non-existent column 'page_ids' from ir.ui.view query during boot. 
2026-03-25 01:26:15,639 143639 WARNING cm-test-18.0 odoo.addons.numa_poly.models.poly: [poly] Removing non-existent column 'groups_id' from ir.ui.view query during boot. 
2026-03-25 01:26:15,647 143639 WARNING cm-test-18.0 odoo.addons.numa_poly.models.poly: [poly] Removing non-existent column 'page_ids' from ir.ui.view query during boot. 
2026-03-25 01:26:15,648 143639 WARNING cm-test-18.0 odoo.addons.numa_poly.models.poly: [poly] Removing non-existent column 'groups_id' from ir.ui.view query during boot. 
2026-03-25 01:26:15,655 143639 WARNING cm-test-18.0 odoo.addons.numa_poly.models.poly: [poly] Removing non-existent column 'page_ids' from ir.ui.view query during boot. 
2026-03-25 01:26:15,656 143639 WARNING cm-test-18.0 odoo.addons.numa_poly.models.poly: [poly] Removing non-existent column 'groups_id' from ir.ui.view query during boot. 
2026-03-25 01:26:15,665 143639 WARNING cm-test-18.0 odoo.addons.numa_poly.models.poly: [poly] Removing non-existent column 'page_ids' from ir.ui.view query during boot. 
2026-03-25 01:26:15,665 143639 WARNING cm-test-18.0 odoo.addons.numa_poly.models.poly: [poly] Removing non-existent column 'groups_id' from ir.ui.view query during boot. 
2026-03-25 01:26:15,674 143639 WARNING cm-test-18.0 odoo.addons.numa_poly.models.poly: [poly] Removing non-existent column 'page_ids' from ir.ui.view query during boot. 
2026-03-25 01:26:15,675 143639 WARNING cm-test-18.0 odoo.addons.numa_poly.models.poly: [poly] Removing non-existent column 'groups_id' from ir.ui.view query during boot. 
2026-03-25 01:26:15,683 143639 WARNING cm-test-18.0 odoo.addons.numa_poly.models.poly: [poly] Removing non-existent column 'page_ids' from ir.ui.view query during boot. 
2026-03-25 01:26:15,684 143639 WARNING cm-test-18.0 odoo.addons.numa_poly.models.poly: [poly] Removing non-existent column 'groups_id' from ir.ui.view query during boot. 
2026-03-25 01:26:15,691 143639 WARNING cm-test-18.0 odoo.addons.numa_poly.models.poly: [poly] Removing non-existent column 'page_ids' from ir.ui.view query during boot. 
2026-03-25 01:26:15,692 143639 WARNING cm-test-18.0 odoo.addons.numa_poly.models.poly: [poly] Removing non-existent column 'groups_id' from ir.ui.view query during boot. 
2026-03-25 01:26:15,702 143639 WARNING cm-test-18.0 odoo.addons.numa_poly.models.poly: [poly] Removing non-existent column 'page_ids' from ir.ui.view query during boot. 
2026-03-25 01:26:15,703 143639 WARNING cm-test-18.0 odoo.addons.numa_poly.models.poly: [poly] Removing non-existent column 'groups_id' from ir.ui.view query during boot. 
2026-03-25 01:26:15,723 143639 WARNING cm-test-18.0 odoo.addons.numa_poly.models.poly: [poly] Removing non-existent column 'page_ids' from ir.ui.view query during boot. 
2026-03-25 01:26:15,723 143639 WARNING cm-test-18.0 odoo.addons.numa_poly.models.poly: [poly] Removing non-existent column 'groups_id' from ir.ui.view query during boot. 
2026-03-25 01:26:15,773 143639 WARNING cm-test-18.0 odoo.addons.numa_poly.models.poly: [poly] Removing non-existent column 'page_ids' from ir.ui.view query during boot. 
2026-03-25 01:26:15,777 143639 WARNING cm-test-18.0 odoo.addons.numa_poly.models.poly: [poly] Removing non-existent column 'page_ids' from ir.ui.view query during boot. 
2026-03-25 01:26:15,781 143639 WARNING cm-test-18.0 odoo.addons.numa_poly.models.poly: [poly] Removing non-existent column 'page_ids' from ir.ui.view query during boot. 
2026-03-25 01:26:15,785 143639 WARNING cm-test-18.0 odoo.addons.numa_poly.models.poly: [poly] Removing non-existent column 'page_ids' from ir.ui.view query during boot. 
2026-03-25 01:26:15,788 143639 WARNING cm-test-18.0 odoo.addons.numa_poly.models.poly: [poly] Removing non-existent column 'page_ids' from ir.ui.view query during boot. 
2026-03-25 01:26:15,792 143639 WARNING cm-test-18.0 odoo.addons.numa_poly.models.poly: [poly] Removing non-existent column 'page_ids' from ir.ui.view query during boot. 
2026-03-25 01:26:15,796 143639 WARNING cm-test-18.0 odoo.addons.numa_poly.models.poly: [poly] Removing non-existent column 'page_ids' from ir.ui.view query during boot. 
2026-03-25 01:26:15,800 143639 WARNING cm-test-18.0 odoo.addons.numa_poly.models.poly: [poly] Removing non-existent column 'page_ids' from ir.ui.view query during boot. 
2026-03-25 01:26:15,808 143639 WARNING cm-test-18.0 odoo.addons.numa_poly.models.poly: [poly] Removing non-existent column 'page_ids' from ir.ui.view query during boot. 
2026-03-25 01:26:15,814 143639 WARNING cm-test-18.0 odoo.addons.numa_poly.models.poly: [poly] Removing non-existent column 'page_ids' from ir.ui.view query during boot. 
2026-03-25 01:26:15,822 143639 WARNING cm-test-18.0 odoo.addons.numa_poly.models.poly: [poly] Removing non-existent column 'page_ids' from ir.ui.view query during boot. 
2026-03-25 01:26:15,826 143639 WARNING cm-test-18.0 odoo.addons.numa_poly.models.poly: [poly] Removing non-existent column 'page_ids' from ir.ui.view query during boot. 
2026-03-25 01:26:15,832 143639 WARNING cm-test-18.0 odoo.addons.numa_poly.models.poly: [poly] Removing non-existent column 'page_ids' from ir.ui.view query during boot. 
2026-03-25 01:26:15,842 143639 WARNING cm-test-18.0 odoo.addons.numa_poly.models.poly: [poly] Removing non-existent column 'page_ids' from ir.ui.view query during boot. 
2026-03-25 01:26:15,848 143639 WARNING cm-test-18.0 odoo.addons.numa_poly.models.poly: [poly] Removing non-existent column 'page_ids' from ir.ui.view query during boot. 
2026-03-25 01:26:15,853 143639 WARNING cm-test-18.0 odoo.addons.numa_poly.models.poly: [poly] Removing non-existent column 'page_ids' from ir.ui.view query during boot. 
2026-03-25 01:26:15,857 143639 WARNING cm-test-18.0 odoo.addons.numa_poly.models.poly: [poly] Removing non-existent column 'page_ids' from ir.ui.view query during boot. 
2026-03-25 01:26:15,864 143639 WARNING cm-test-18.0 odoo.addons.numa_poly.models.poly: [poly] Removing non-existent column 'page_ids' from ir.ui.view query during boot. 
2026-03-25 01:26:15,872 143639 WARNING cm-test-18.0 odoo.addons.numa_poly.models.poly: [poly] Removing non-existent column 'page_ids' from ir.ui.view query during boot. 
2026-03-25 01:26:15,879 143639 WARNING cm-test-18.0 odoo.addons.numa_poly.models.poly: [poly] Removing non-existent column 'page_ids' from ir.ui.view query during boot. 
2026-03-25 01:26:15,886 143639 WARNING cm-test-18.0 odoo.addons.numa_poly.models.poly: [poly] Removing non-existent column 'page_ids' from ir.ui.view query during boot. 
2026-03-25 01:26:15,893 143639 WARNING cm-test-18.0 odoo.addons.numa_poly.models.poly: [poly] Removing non-existent column 'page_ids' from ir.ui.view query during boot. 
2026-03-25 01:26:15,898 143639 WARNING cm-test-18.0 odoo.addons.numa_poly.models.poly: [poly] Removing non-existent column 'page_ids' from ir.ui.view query during boot. 
2026-03-25 01:26:15,904 143639 WARNING cm-test-18.0 odoo.addons.numa_poly.models.poly: [poly] Removing non-existent column 'page_ids' from ir.ui.view query during boot. 
2026-03-25 01:26:15,911 143639 WARNING cm-test-18.0 odoo.addons.numa_poly.models.poly: [poly] Removing non-existent column 'page_ids' from ir.ui.view query during boot. 
2026-03-25 01:26:15,918 143639 WARNING cm-test-18.0 odoo.addons.numa_poly.models.poly: [poly] Removing non-existent column 'page_ids' from ir.ui.view query during boot. 
2026-03-25 01:26:15,925 143639 WARNING cm-test-18.0 odoo.addons.numa_poly.models.poly: [poly] Removing non-existent column 'page_ids' from ir.ui.view query during boot. 
2026-03-25 01:26:15,934 143639 WARNING cm-test-18.0 odoo.addons.numa_poly.models.poly: [poly] Removing non-existent column 'page_ids' from ir.ui.view query during boot. 
2026-03-25 01:26:15,944 143639 WARNING cm-test-18.0 odoo.addons.numa_poly.models.poly: [poly] Removing non-existent column 'page_ids' from ir.ui.view query during boot. 
2026-03-25 01:26:15,951 143639 WARNING cm-test-18.0 odoo.addons.numa_poly.models.poly: [poly] Removing non-existent column 'page_ids' from ir.ui.view query during boot. 
2026-03-25 01:26:15,959 143639 WARNING cm-test-18.0 odoo.addons.numa_poly.models.poly: [poly] Removing non-existent column 'page_ids' from ir.ui.view query during boot. 
2026-03-25 01:26:15,966 143639 WARNING cm-test-18.0 odoo.addons.numa_poly.models.poly: [poly] Removing non-existent column 'page_ids' from ir.ui.view query during boot. 
2026-03-25 01:26:15,973 143639 WARNING cm-test-18.0 odoo.addons.numa_poly.models.poly: [poly] Removing non-existent column 'page_ids' from ir.ui.view query during boot. 
2026-03-25 01:26:15,979 143639 WARNING cm-test-18.0 odoo.addons.numa_poly.models.poly: [poly] Removing non-existent column 'page_ids' from ir.ui.view query during boot. 
2026-03-25 01:26:15,985 143639 WARNING cm-test-18.0 odoo.addons.numa_poly.models.poly: [poly] Removing non-existent column 'page_ids' from ir.ui.view query during boot. 
2026-03-25 01:26:15,991 143639 WARNING cm-test-18.0 odoo.addons.numa_poly.models.poly: [poly] Removing non-existent column 'page_ids' from ir.ui.view query during boot. 
2026-03-25 01:26:15,996 143639 WARNING cm-test-18.0 odoo.addons.numa_poly.models.poly: [poly] Removing non-existent column 'page_ids' from ir.ui.view query during boot. 
2026-03-25 01:26:16,000 143639 WARNING cm-test-18.0 odoo.addons.numa_poly.models.poly: [poly] Removing non-existent column 'page_ids' from ir.ui.view query during boot. 
2026-03-25 01:26:16,005 143639 WARNING cm-test-18.0 odoo.addons.numa_poly.models.poly: [poly] Removing non-existent column 'page_ids' from ir.ui.view query during boot. 
2026-03-25 01:26:16,008 143639 INFO cm-test-18.0 odoo.addons.website.models.ir_module_module: Updated 39 primary page templates for 'website' 
2026-03-25 01:26:16,008 143639 INFO cm-test-18.0 odoo.modules.loading: loading website/views/website_views.xml 
2026-03-25 01:26:16,033 143639 WARNING cm-test-18.0 odoo.addons.numa_poly.models.poly: [poly] Removing non-existent column 'controller_page_ids' from ir.ui.view query during boot. 
2026-03-25 01:26:16,033 143639 WARNING cm-test-18.0 odoo.addons.numa_poly.models.poly: [poly] Removing non-existent column 'page_ids' from ir.ui.view query during boot. 
2026-03-25 01:26:16,041 143639 WARNING cm-test-18.0 odoo.addons.numa_poly.models.poly: [poly] Removing non-existent column 'controller_page_ids' from ir.ui.view query during boot. 
2026-03-25 01:26:16,042 143639 WARNING cm-test-18.0 odoo.addons.numa_poly.models.poly: [poly] Removing non-existent column 'page_ids' from ir.ui.view query during boot. 
2026-03-25 01:26:16,043 143639 WARNING cm-test-18.0 odoo.addons.numa_poly.models.poly: [poly] Removing non-existent column 'groups_id' from ir.ui.view query during boot. 
2026-03-25 01:26:16,052 143639 WARNING cm-test-18.0 odoo.addons.numa_poly.models.poly: [poly] Removing non-existent column 'controller_page_ids' from ir.ui.view query during boot. 
2026-03-25 01:26:16,052 143639 WARNING cm-test-18.0 odoo.addons.numa_poly.models.poly: [poly] Removing non-existent column 'page_ids' from ir.ui.view query during boot. 
2026-03-25 01:26:16,061 143639 WARNING cm-test-18.0 odoo.addons.numa_poly.models.poly: [poly] Removing non-existent column 'controller_page_ids' from ir.ui.view query during boot. 
2026-03-25 01:26:16,061 143639 WARNING cm-test-18.0 odoo.addons.numa_poly.models.poly: [poly] Removing non-existent column 'page_ids' from ir.ui.view query during boot. 
2026-03-25 01:26:16,070 143639 WARNING cm-test-18.0 odoo.addons.numa_poly.models.poly: [poly] Removing non-existent column 'controller_page_ids' from ir.ui.view query during boot. 
2026-03-25 01:26:16,071 143639 WARNING cm-test-18.0 odoo.addons.numa_poly.models.poly: [poly] Removing non-existent column 'page_ids' from ir.ui.view query during boot. 
2026-03-25 01:26:16,085 143639 WARNING cm-test-18.0 odoo.addons.numa_poly.models.poly: [poly] Removing non-existent column 'controller_page_ids' from ir.ui.view query during boot. 
2026-03-25 01:26:16,086 143639 WARNING cm-test-18.0 odoo.addons.numa_poly.models.poly: [poly] Removing non-existent column 'page_ids' from ir.ui.view query during boot. 
2026-03-25 01:26:16,096 143639 WARNING cm-test-18.0 odoo.addons.numa_poly.models.poly: [poly] Removing non-existent column 'controller_page_ids' from ir.ui.view query during boot. 
2026-03-25 01:26:16,096 143639 WARNING cm-test-18.0 odoo.addons.numa_poly.models.poly: [poly] Removing non-existent column 'page_ids' from ir.ui.view query during boot. 
2026-03-25 01:26:16,097 143639 WARNING cm-test-18.0 odoo.addons.numa_poly.models.poly: [poly] Removing non-existent column 'groups_id' from ir.ui.view query during boot. 
2026-03-25 01:26:16,104 143639 WARNING cm-test-18.0 odoo.addons.numa_poly.models.poly: [poly] Removing non-existent column 'controller_page_ids' from ir.ui.view query during boot. 
2026-03-25 01:26:16,105 143639 WARNING cm-test-18.0 odoo.addons.numa_poly.models.poly: [poly] Removing non-existent column 'page_ids' from ir.ui.view query during boot. 
2026-03-25 01:26:16,127 143639 WARNING cm-test-18.0 odoo.addons.numa_poly.models.poly: [poly] Removing non-existent column 'controller_page_ids' from ir.ui.view query during boot. 
2026-03-25 01:26:16,128 143639 WARNING cm-test-18.0 odoo.addons.numa_poly.models.poly: [poly] Removing non-existent column 'page_ids' from ir.ui.view query during boot. 
2026-03-25 01:26:16,135 143639 WARNING cm-test-18.0 odoo.addons.numa_poly.models.poly: [poly] Removing non-existent column 'controller_page_ids' from ir.ui.view query during boot. 
2026-03-25 01:26:16,135 143639 WARNING cm-test-18.0 odoo.addons.numa_poly.models.poly: [poly] Removing non-existent column 'page_ids' from ir.ui.view query during boot. 
2026-03-25 01:26:16,144 143639 WARNING cm-test-18.0 odoo.addons.numa_poly.models.poly: [poly] Removing non-existent column 'controller_page_ids' from ir.ui.view query during boot. 
2026-03-25 01:26:16,145 143639 WARNING cm-test-18.0 odoo.addons.numa_poly.models.poly: [poly] Removing non-existent column 'page_ids' from ir.ui.view query during boot. 
2026-03-25 01:26:16,145 143639 WARNING cm-test-18.0 odoo.addons.numa_poly.models.poly: [poly] Removing non-existent column 'groups_id' from ir.ui.view query during boot. 
2026-03-25 01:26:16,219 143639 INFO cm-test-18.0 odoo.models.unlink: User #1 deleted ir.actions.act_window.view records with IDs: [9555, 9556] 
2026-03-25 01:26:16,224 143639 INFO cm-test-18.0 odoo.models.unlink: User #1 deleted ir.poly_base records with IDs: [9555, 9556] 
2026-03-25 01:26:16,310 143639 INFO cm-test-18.0 odoo.modules.loading: loading website/views/website_pages_views.xml 
2026-03-25 01:26:16,318 143639 WARNING cm-test-18.0 odoo.addons.numa_poly.models.poly: [poly] Removing non-existent column 'controller_page_ids' from ir.ui.view query during boot. 
2026-03-25 01:26:16,326 143639 WARNING cm-test-18.0 odoo.addons.numa_poly.models.poly: [poly] Removing non-existent column 'controller_page_ids' from ir.ui.view query during boot. 
2026-03-25 01:26:16,335 143639 WARNING cm-test-18.0 odoo.addons.numa_poly.models.poly: [poly] Removing non-existent column 'controller_page_ids' from ir.ui.view query during boot. 
2026-03-25 01:26:16,336 143639 WARNING cm-test-18.0 odoo.addons.numa_poly.models.poly: [poly] Removing non-existent column 'groups_id' from ir.ui.view query during boot. 
2026-03-25 01:26:16,342 143639 WARNING cm-test-18.0 odoo.addons.numa_poly.models.poly: [poly] Removing non-existent column 'controller_page_ids' from ir.ui.view query during boot. 
2026-03-25 01:26:16,349 143639 WARNING cm-test-18.0 odoo.addons.numa_poly.models.poly: [poly] Removing non-existent column 'controller_page_ids' from ir.ui.view query during boot. 
2026-03-25 01:26:16,357 143639 WARNING cm-test-18.0 odoo.addons.numa_poly.models.poly: [poly] Removing non-existent column 'controller_page_ids' from ir.ui.view query during boot. 
2026-03-25 01:26:16,369 143639 INFO cm-test-18.0 odoo.models.unlink: User #1 deleted ir.actions.act_window.view records with IDs: [9557, 9558] 
2026-03-25 01:26:16,372 143639 INFO cm-test-18.0 odoo.models.unlink: User #1 deleted ir.poly_base records with IDs: [9557, 9558] 
2026-03-25 01:26:16,386 143639 WARNING cm-test-18.0 odoo.addons.numa_poly.models.poly: [poly] Removing non-existent column 'controller_page_ids' from ir.ui.view query during boot. 
2026-03-25 01:26:16,388 143639 WARNING cm-test-18.0 odoo.addons.numa_poly.models.poly: [poly] Removing non-existent column 'groups_id' from ir.ui.view query during boot. 
2026-03-25 01:26:16,398 143639 WARNING cm-test-18.0 odoo.addons.numa_poly.models.poly: [poly] Removing non-existent column 'controller_page_ids' from ir.ui.view query during boot. 
2026-03-25 01:26:16,400 143639 WARNING cm-test-18.0 odoo.addons.numa_poly.models.poly: [poly] Removing non-existent column 'groups_id' from ir.ui.view query during boot. 
2026-03-25 01:26:16,407 143639 INFO cm-test-18.0 odoo.modules.loading: loading website/views/website_controller_pages_views.xml 
2026-03-25 01:26:16,415 143639 WARNING cm-test-18.0 odoo.addons.numa_poly.models.poly: [poly] Removing non-existent column 'controller_page_ids' from ir.ui.view query during boot. 
2026-03-25 01:26:16,423 143639 WARNING cm-test-18.0 odoo.addons.numa_poly.models.poly: [poly] Removing non-existent column 'controller_page_ids' from ir.ui.view query during boot. 
2026-03-25 01:26:16,430 143639 WARNING cm-test-18.0 odoo.addons.numa_poly.models.poly: [poly] Removing non-existent column 'controller_page_ids' from ir.ui.view query during boot. 
2026-03-25 01:26:16,437 143639 WARNING cm-test-18.0 odoo.addons.numa_poly.models.poly: [poly] Removing non-existent column 'controller_page_ids' from ir.ui.view query during boot. 
2026-03-25 01:26:16,451 143639 INFO cm-test-18.0 odoo.modules.loading: loading website/views/website_visitor_views.xml 
2026-03-25 01:26:16,459 143639 WARNING cm-test-18.0 odoo.addons.numa_poly.models.poly: [poly] Removing non-existent column 'controller_page_ids' from ir.ui.view query during boot. 
2026-03-25 01:26:16,467 143639 WARNING cm-test-18.0 odoo.addons.numa_poly.models.poly: [poly] Removing non-existent column 'controller_page_ids' from ir.ui.view query during boot. 
2026-03-25 01:26:16,475 143639 WARNING cm-test-18.0 odoo.addons.numa_poly.models.poly: [poly] Removing non-existent column 'controller_page_ids' from ir.ui.view query during boot. 
2026-03-25 01:26:16,486 143639 WARNING cm-test-18.0 odoo.addons.numa_poly.models.poly: [poly] Removing non-existent column 'flag_image' from res.lang query during boot. 
2026-03-25 01:26:16,497 143639 INFO cm-test-18.0 odoo.models.unlink: User #1 deleted ir.actions.act_window.view records with IDs: [9559, 9560] 
2026-03-25 01:26:16,501 143639 INFO cm-test-18.0 odoo.models.unlink: User #1 deleted ir.poly_base records with IDs: [9559, 9560] 
2026-03-25 01:26:16,511 143639 WARNING cm-test-18.0 odoo.addons.numa_poly.models.poly: [poly] Removing non-existent column 'flag_image' from res.lang query during boot. 
2026-03-25 01:26:16,516 143639 WARNING cm-test-18.0 odoo.addons.numa_poly.models.poly: [poly] Removing non-existent column 'controller_page_ids' from ir.ui.view query during boot. 
2026-03-25 01:26:16,526 143639 WARNING cm-test-18.0 odoo.addons.numa_poly.models.poly: [poly] Removing non-existent column 'controller_page_ids' from ir.ui.view query during boot. 
2026-03-25 01:26:16,534 143639 WARNING cm-test-18.0 odoo.addons.numa_poly.models.poly: [poly] Removing non-existent column 'controller_page_ids' from ir.ui.view query during boot. 
2026-03-25 01:26:16,544 143639 WARNING cm-test-18.0 odoo.addons.numa_poly.models.poly: [poly] Removing non-existent column 'controller_page_ids' from ir.ui.view query during boot. 
2026-03-25 01:26:16,555 143639 WARNING cm-test-18.0 odoo.addons.numa_poly.models.poly: [poly] Removing non-existent column 'controller_page_ids' from ir.ui.view query during boot. 
2026-03-25 01:26:16,571 143639 WARNING cm-test-18.0 odoo.addons.numa_poly.models.poly: [poly] Removing non-existent column 'controller_page_ids' from ir.ui.view query during boot. 
2026-03-25 01:26:16,578 143639 WARNING cm-test-18.0 odoo.addons.numa_poly.models.poly: [poly] Removing non-existent column 'controller_page_ids' from ir.ui.view query during boot. 
2026-03-25 01:26:16,592 143639 INFO cm-test-18.0 odoo.models.unlink: User #1 deleted ir.actions.act_window.view records with IDs: [9561, 9562] 
2026-03-25 01:26:16,594 143639 INFO cm-test-18.0 odoo.models.unlink: User #1 deleted ir.poly_base records with IDs: [9561, 9562] 
2026-03-25 01:26:16,610 143639 INFO cm-test-18.0 odoo.modules.loading: loading website/views/res_config_settings_views.xml 
2026-03-25 01:26:16,626 143639 WARNING cm-test-18.0 odoo.addons.numa_poly.models.poly: [poly] Removing non-existent column 'controller_page_ids' from ir.ui.view query during boot. 
2026-03-25 01:26:16,627 143639 WARNING cm-test-18.0 odoo.addons.numa_poly.models.poly: [poly] Removing non-existent column 'groups_id' from ir.ui.view query during boot. 
2026-03-25 01:26:16,658 143639 WARNING cm-test-18.0 odoo.addons.numa_poly.models.poly: [poly] Removing non-existent column 'controller_page_ids' from ir.ui.view query during boot. 
2026-03-25 01:26:16,660 143639 WARNING cm-test-18.0 odoo.addons.numa_poly.models.poly: [poly] Removing non-existent column 'groups_id' from ir.ui.view query during boot. 
2026-03-25 01:26:16,706 143639 INFO cm-test-18.0 odoo.modules.loading: loading website/views/website_rewrite.xml 
2026-03-25 01:26:16,711 143639 WARNING cm-test-18.0 odoo.addons.numa_poly.models.poly: [poly] Removing non-existent column 'controller_page_ids' from ir.ui.view query during boot. 
2026-03-25 01:26:16,716 143639 WARNING cm-test-18.0 odoo.addons.numa_poly.models.poly: [poly] Removing non-existent column 'controller_page_ids' from ir.ui.view query during boot. 
2026-03-25 01:26:16,735 143639 WARNING cm-test-18.0 odoo.addons.numa_poly.models.poly: [poly] Removing non-existent column 'controller_page_ids' from ir.ui.view query during boot. 
2026-03-25 01:26:16,741 143639 INFO cm-test-18.0 odoo.modules.loading: loading website/views/ir_actions_server_views.xml 
2026-03-25 01:26:16,754 143639 WARNING cm-test-18.0 odoo.addons.numa_poly.models.poly: [poly] Removing non-existent column 'controller_page_ids' from ir.ui.view query during boot. 
2026-03-25 01:26:16,755 143639 WARNING cm-test-18.0 odoo.addons.numa_poly.models.poly: [poly] Removing non-existent column 'groups_id' from ir.ui.view query during boot. 
2026-03-25 01:26:16,775 143639 WARNING cm-test-18.0 odoo.addons.numa_poly.models.poly: [poly] Removing non-existent column 'controller_page_ids' from ir.ui.view query during boot. 
2026-03-25 01:26:16,776 143639 WARNING cm-test-18.0 odoo.addons.numa_poly.models.poly: [poly] Removing non-existent column 'groups_id' from ir.ui.view query during boot. 
2026-03-25 01:26:16,787 143639 WARNING cm-test-18.0 odoo.addons.numa_poly.models.poly: [poly] Removing non-existent column 'controller_page_ids' from ir.ui.view query during boot. 
2026-03-25 01:26:16,788 143639 WARNING cm-test-18.0 odoo.addons.numa_poly.models.poly: [poly] Removing non-existent column 'groups_id' from ir.ui.view query during boot. 
2026-03-25 01:26:16,794 143639 INFO cm-test-18.0 odoo.modules.loading: loading website/views/ir_asset_views.xml 
2026-03-25 01:26:16,801 143639 WARNING cm-test-18.0 odoo.addons.numa_poly.models.poly: [poly] Removing non-existent column 'controller_page_ids' from ir.ui.view query during boot. 
2026-03-25 01:26:16,802 143639 WARNING cm-test-18.0 odoo.addons.numa_poly.models.poly: [poly] Removing non-existent column 'groups_id' from ir.ui.view query during boot. 
2026-03-25 01:26:16,811 143639 WARNING cm-test-18.0 odoo.addons.numa_poly.models.poly: [poly] Removing non-existent column 'controller_page_ids' from ir.ui.view query during boot. 
2026-03-25 01:26:16,812 143639 WARNING cm-test-18.0 odoo.addons.numa_poly.models.poly: [poly] Removing non-existent column 'groups_id' from ir.ui.view query during boot. 
2026-03-25 01:26:16,818 143639 INFO cm-test-18.0 odoo.modules.loading: loading website/views/ir_attachment_views.xml 
2026-03-25 01:26:16,824 143639 WARNING cm-test-18.0 odoo.addons.numa_poly.models.poly: [poly] Removing non-existent column 'controller_page_ids' from ir.ui.view query during boot. 
2026-03-25 01:26:16,825 143639 WARNING cm-test-18.0 odoo.addons.numa_poly.models.poly: [poly] Removing non-existent column 'groups_id' from ir.ui.view query during boot. 
2026-03-25 01:26:16,835 143639 WARNING cm-test-18.0 odoo.addons.numa_poly.models.poly: [poly] Removing non-existent column 'controller_page_ids' from ir.ui.view query during boot. 
2026-03-25 01:26:16,836 143639 WARNING cm-test-18.0 odoo.addons.numa_poly.models.poly: [poly] Removing non-existent column 'groups_id' from ir.ui.view query during boot. 
2026-03-25 01:26:16,842 143639 INFO cm-test-18.0 odoo.modules.loading: loading website/views/ir_model_views.xml 
2026-03-25 01:26:16,848 143639 WARNING cm-test-18.0 odoo.addons.numa_poly.models.poly: [poly] Removing non-existent column 'controller_page_ids' from ir.ui.view query during boot. 
2026-03-25 01:26:16,850 143639 WARNING cm-test-18.0 odoo.addons.numa_poly.models.poly: [poly] Removing non-existent column 'groups_id' from ir.ui.view query during boot. 
2026-03-25 01:26:16,866 143639 WARNING cm-test-18.0 odoo.addons.numa_poly.models.poly: [poly] Removing non-existent column 'controller_page_ids' from ir.ui.view query during boot. 
2026-03-25 01:26:16,867 143639 WARNING cm-test-18.0 odoo.addons.numa_poly.models.poly: [poly] Removing non-existent column 'groups_id' from ir.ui.view query during boot. 
2026-03-25 01:26:16,877 143639 INFO cm-test-18.0 odoo.modules.loading: loading website/views/res_partner_views.xml 
2026-03-25 01:26:16,884 143639 WARNING cm-test-18.0 odoo.addons.numa_poly.models.poly: [poly] Removing non-existent column 'controller_page_ids' from ir.ui.view query during boot. 
2026-03-25 01:26:16,885 143639 WARNING cm-test-18.0 odoo.addons.numa_poly.models.poly: [poly] Removing non-existent column 'groups_id' from ir.ui.view query during boot. 
2026-03-25 01:26:16,901 143639 INFO cm-test-18.0 odoo.modules.loading: loading website/views/neutralize_views.xml 
2026-03-25 01:26:16,911 143639 WARNING cm-test-18.0 odoo.addons.numa_poly.models.poly: [poly] Removing non-existent column 'groups_id' from ir.ui.view query during boot. 
2026-03-25 01:26:16,933 143639 INFO cm-test-18.0 odoo.modules.loading: loading website/wizard/base_language_install_views.xml 
2026-03-25 01:26:16,943 143639 WARNING cm-test-18.0 odoo.addons.numa_poly.models.poly: [poly] Removing non-existent column 'controller_page_ids' from ir.ui.view query during boot. 
2026-03-25 01:26:16,944 143639 WARNING cm-test-18.0 odoo.addons.numa_poly.models.poly: [poly] Removing non-existent column 'groups_id' from ir.ui.view query during boot. 
2026-03-25 01:26:16,951 143639 INFO cm-test-18.0 odoo.modules.loading: loading website/wizard/blocked_third_party_domains.xml 
2026-03-25 01:26:16,958 143639 WARNING cm-test-18.0 odoo.addons.numa_poly.models.poly: [poly] Removing non-existent column 'controller_page_ids' from ir.ui.view query during boot. 
2026-03-25 01:26:16,963 143639 INFO cm-test-18.0 odoo.modules.loading: loading website/wizard/website_robots.xml 
2026-03-25 01:26:16,971 143639 WARNING cm-test-18.0 odoo.addons.numa_poly.models.poly: [poly] Removing non-existent column 'controller_page_ids' from ir.ui.view query during boot. 
2026-03-25 01:26:16,975 143639 INFO cm-test-18.0 odoo.modules.loading: loading website/data/update_theme_images.xml 
2026-03-25 01:26:16,986 143639 INFO cm-test-18.0 odoo.modules.loading: Module website: loading demo 
2026-03-25 01:26:16,987 143639 INFO cm-test-18.0 odoo.modules.loading: loading website/data/website_demo.xml 
2026-03-25 01:26:16,996 143639 INFO cm-test-18.0 odoo.modules.loading: loading website/data/website_visitor_demo.xml 
2026-03-25 01:26:17,007 143639 WARNING cm-test-18.0 odoo.addons.numa_poly.models.poly: [poly] Removing non-existent column 'flag_image' from res.lang query during boot. 
2026-03-25 01:26:17,008 143639 WARNING cm-test-18.0 odoo.addons.numa_poly.models.poly: [poly] Removing non-existent column 'dependencies_id' from ir.module.module query during boot. 
2026-03-25 01:26:17,009 143639 INFO cm-test-18.0 odoo.addons.base.models.ir_module: module website: loading translation file /home/gamarino/odoo/numa-public-odoo-18.0-numa/addons/website/i18n/es.po for language es_AR 
2026-03-25 01:26:17,010 143639 INFO cm-test-18.0 odoo.tools.translate: loading base translation file /home/gamarino/odoo/numa-public-odoo-18.0-numa/addons/website/i18n/es.po for language es_AR 
2026-03-25 01:26:17,326 143639 INFO cm-test-18.0 odoo.addons.base.models.ir_module: module website: loading translation file /home/gamarino/odoo/numa-public-odoo-18.0-numa/addons/website/i18n/es_419.po for language es_AR 
2026-03-25 01:26:17,326 143639 INFO cm-test-18.0 odoo.tools.translate: loading base translation file /home/gamarino/odoo/numa-public-odoo-18.0-numa/addons/website/i18n/es_419.po for language es_AR 
2026-03-25 01:26:18,395 143639 INFO cm-test-18.0 odoo.modules.loading: Module website loaded in 21.97s, 12787 queries (+12787 other) 
2026-03-25 01:26:18,395 143639 INFO cm-test-18.0 odoo.modules.loading: Loading module account_debit_note (81/211) 
2026-03-25 01:26:18,412 143639 INFO cm-test-18.0 odoo.addons.numa_poly.models.poly: [poly] Entering Phase 1: MRO Injection and attribute building 
2026-03-25 01:26:21,679 143639 INFO cm-test-18.0 odoo.addons.numa_poly.models.poly: [poly] Entering Phase 2: Final field stabilization and sanitization 
2026-03-25 01:26:21,884 143639 INFO cm-test-18.0 odoo.addons.numa_poly.models.poly: [poly] Entering Phase 1: MRO Injection and attribute building 
2026-03-25 01:26:24,898 143639 INFO cm-test-18.0 odoo.addons.numa_poly.models.poly: [poly] Entering Phase 2: Final field stabilization and sanitization 
2026-03-25 01:26:25,082 143639 INFO cm-test-18.0 odoo.addons.numa_poly.models.poly: [poly] Entering Phase 1: MRO Injection and attribute building 
2026-03-25 01:26:28,360 143639 INFO cm-test-18.0 odoo.addons.numa_poly.models.poly: [poly] Entering Phase 2: Final field stabilization and sanitization 
2026-03-25 01:26:28,542 143639 INFO cm-test-18.0 odoo.modules.registry: module account_debit_note: creating or updating database tables 
2026-03-25 01:26:28,756 143639 INFO cm-test-18.0 odoo.modules.loading: loading account_debit_note/wizard/account_debit_note_view.xml 
2026-03-25 01:26:28,764 143639 WARNING cm-test-18.0 odoo.addons.numa_poly.models.poly: [poly] Removing non-existent column 'controller_page_ids' from ir.ui.view query during boot. 
2026-03-25 01:26:28,775 143639 INFO cm-test-18.0 odoo.modules.loading: loading account_debit_note/views/account_move_view.xml 
2026-03-25 01:26:28,780 143639 WARNING cm-test-18.0 odoo.addons.numa_poly.models.poly: [poly] Removing non-existent column 'controller_page_ids' from ir.ui.view query during boot. 
2026-03-25 01:26:28,781 143639 WARNING cm-test-18.0 odoo.addons.numa_poly.models.poly: [poly] Removing non-existent column 'groups_id' from ir.ui.view query during boot. 
2026-03-25 01:26:28,801 143639 WARNING cm-test-18.0 odoo.addons.numa_poly.models.poly: [poly] Removing non-existent column 'controller_page_ids' from ir.ui.view query during boot. 
2026-03-25 01:26:28,802 143639 WARNING cm-test-18.0 odoo.addons.numa_poly.models.poly: [poly] Removing non-existent column 'groups_id' from ir.ui.view query during boot. 
2026-03-25 01:26:28,811 143639 WARNING cm-test-18.0 odoo.addons.numa_poly.models.poly: [poly] Removing non-existent column 'controller_page_ids' from ir.ui.view query during boot. 
2026-03-25 01:26:28,812 143639 WARNING cm-test-18.0 odoo.addons.numa_poly.models.poly: [poly] Removing non-existent column 'groups_id' from ir.ui.view query during boot. 
2026-03-25 01:26:28,822 143639 WARNING cm-test-18.0 odoo.addons.numa_poly.models.poly: [poly] Removing non-existent column 'controller_page_ids' from ir.ui.view query during boot. 
2026-03-25 01:26:28,823 143639 WARNING cm-test-18.0 odoo.addons.numa_poly.models.poly: [poly] Removing non-existent column 'groups_id' from ir.ui.view query during boot. 
2026-03-25 01:26:28,830 143639 INFO cm-test-18.0 odoo.modules.loading: loading account_debit_note/views/account_journal_views.xml 
2026-03-25 01:26:28,838 143639 WARNING cm-test-18.0 odoo.addons.numa_poly.models.poly: [poly] Removing non-existent column 'controller_page_ids' from ir.ui.view query during boot. 
2026-03-25 01:26:28,839 143639 WARNING cm-test-18.0 odoo.addons.numa_poly.models.poly: [poly] Removing non-existent column 'groups_id' from ir.ui.view query during boot. 
2026-03-25 01:26:28,846 143639 INFO cm-test-18.0 odoo.modules.loading: loading account_debit_note/security/ir.model.access.csv 
2026-03-25 01:26:28,875 143639 WARNING cm-test-18.0 odoo.addons.numa_poly.models.poly: [poly] Removing non-existent column 'flag_image' from res.lang query during boot. 
2026-03-25 01:26:28,890 143639 WARNING cm-test-18.0 odoo.addons.numa_poly.models.poly: [poly] Removing non-existent column 'flag_image' from res.lang query during boot. 
2026-03-25 01:26:28,891 143639 WARNING cm-test-18.0 odoo.addons.numa_poly.models.poly: [poly] Removing non-existent column 'dependencies_id' from ir.module.module query during boot. 
2026-03-25 01:26:28,892 143639 INFO cm-test-18.0 odoo.addons.base.models.ir_module: module account_debit_note: loading translation file /home/gamarino/odoo/numa-public-odoo-18.0-numa/addons/account_debit_note/i18n/es.po for language es_AR 
2026-03-25 01:26:28,893 143639 INFO cm-test-18.0 odoo.tools.translate: loading base translation file /home/gamarino/odoo/numa-public-odoo-18.0-numa/addons/account_debit_note/i18n/es.po for language es_AR 
2026-03-25 01:26:28,896 143639 INFO cm-test-18.0 odoo.addons.base.models.ir_module: module account_debit_note: loading translation file /home/gamarino/odoo/numa-public-odoo-18.0-numa/addons/account_debit_note/i18n/es_419.po for language es_AR 
2026-03-25 01:26:28,896 143639 INFO cm-test-18.0 odoo.tools.translate: loading base translation file /home/gamarino/odoo/numa-public-odoo-18.0-numa/addons/account_debit_note/i18n/es_419.po for language es_AR 
2026-03-25 01:26:28,936 143639 INFO cm-test-18.0 odoo.modules.loading: Module account_debit_note loaded in 10.54s, 1925 queries (+1925 other) 
2026-03-25 01:26:28,936 143639 INFO cm-test-18.0 odoo.modules.loading: Loading module account_edi_ubl_cii (82/211) 
2026-03-25 01:26:28,952 143639 INFO cm-test-18.0 odoo.addons.numa_poly.models.poly: [poly] Entering Phase 1: MRO Injection and attribute building 
2026-03-25 01:26:32,126 143639 INFO cm-test-18.0 odoo.addons.numa_poly.models.poly: [poly] Entering Phase 2: Final field stabilization and sanitization 
2026-03-25 01:26:32,334 143639 INFO cm-test-18.0 odoo.addons.numa_poly.models.poly: [poly] Entering Phase 1: MRO Injection and attribute building 
2026-03-25 01:26:35,570 143639 INFO cm-test-18.0 odoo.addons.numa_poly.models.poly: [poly] Entering Phase 2: Final field stabilization and sanitization 
2026-03-25 01:26:35,762 143639 INFO cm-test-18.0 odoo.addons.numa_poly.models.poly: [poly] Entering Phase 1: MRO Injection and attribute building 
2026-03-25 01:26:39,116 143639 INFO cm-test-18.0 odoo.addons.numa_poly.models.poly: [poly] Entering Phase 2: Final field stabilization and sanitization 
2026-03-25 01:26:39,314 143639 INFO cm-test-18.0 odoo.modules.registry: module account_edi_ubl_cii: creating or updating database tables 
2026-03-25 01:26:39,827 143639 INFO cm-test-18.0 odoo.modules.loading: loading account_edi_ubl_cii/data/cii_22_templates.xml 
2026-03-25 01:26:39,881 143639 INFO cm-test-18.0 odoo.modules.loading: loading account_edi_ubl_cii/data/ubl_20_templates.xml 
2026-03-25 01:26:39,992 143639 WARNING cm-test-18.0 odoo.addons.numa_poly.models.poly: [poly] Removing non-existent column 'groups_id' from ir.ui.view query during boot. 
2026-03-25 01:26:40,001 143639 WARNING cm-test-18.0 odoo.addons.numa_poly.models.poly: [poly] Removing non-existent column 'groups_id' from ir.ui.view query during boot. 
2026-03-25 01:26:40,008 143639 WARNING cm-test-18.0 odoo.addons.numa_poly.models.poly: [poly] Removing non-existent column 'groups_id' from ir.ui.view query during boot. 
2026-03-25 01:26:40,025 143639 WARNING cm-test-18.0 odoo.addons.numa_poly.models.poly: [poly] Removing non-existent column 'groups_id' from ir.ui.view query during boot. 
2026-03-25 01:26:40,035 143639 WARNING cm-test-18.0 odoo.addons.numa_poly.models.poly: [poly] Removing non-existent column 'groups_id' from ir.ui.view query during boot. 
2026-03-25 01:26:40,043 143639 WARNING cm-test-18.0 odoo.addons.numa_poly.models.poly: [poly] Removing non-existent column 'groups_id' from ir.ui.view query during boot. 
2026-03-25 01:26:40,068 143639 INFO cm-test-18.0 odoo.modules.loading: loading account_edi_ubl_cii/data/ubl_21_templates.xml 
2026-03-25 01:26:40,075 143639 WARNING cm-test-18.0 odoo.addons.numa_poly.models.poly: [poly] Removing non-existent column 'groups_id' from ir.ui.view query during boot. 
2026-03-25 01:26:40,081 143639 WARNING cm-test-18.0 odoo.addons.numa_poly.models.poly: [poly] Removing non-existent column 'groups_id' from ir.ui.view query during boot. 
2026-03-25 01:26:40,089 143639 WARNING cm-test-18.0 odoo.addons.numa_poly.models.poly: [poly] Removing non-existent column 'groups_id' from ir.ui.view query during boot. 
2026-03-25 01:26:40,096 143639 WARNING cm-test-18.0 odoo.addons.numa_poly.models.poly: [poly] Removing non-existent column 'groups_id' from ir.ui.view query during boot. 
2026-03-25 01:26:40,105 143639 WARNING cm-test-18.0 odoo.addons.numa_poly.models.poly: [poly] Removing non-existent column 'groups_id' from ir.ui.view query during boot. 
2026-03-25 01:26:40,113 143639 WARNING cm-test-18.0 odoo.addons.numa_poly.models.poly: [poly] Removing non-existent column 'groups_id' from ir.ui.view query during boot. 
2026-03-25 01:26:40,122 143639 WARNING cm-test-18.0 odoo.addons.numa_poly.models.poly: [poly] Removing non-existent column 'groups_id' from ir.ui.view query during boot. 
2026-03-25 01:26:40,130 143639 WARNING cm-test-18.0 odoo.addons.numa_poly.models.poly: [poly] Removing non-existent column 'groups_id' from ir.ui.view query during boot. 
2026-03-25 01:26:40,139 143639 WARNING cm-test-18.0 odoo.addons.numa_poly.models.poly: [poly] Removing non-existent column 'groups_id' from ir.ui.view query during boot. 
2026-03-25 01:26:40,144 143639 INFO cm-test-18.0 odoo.modules.loading: loading account_edi_ubl_cii/views/res_partner_views.xml 
2026-03-25 01:26:40,148 143639 WARNING cm-test-18.0 odoo.addons.numa_poly.models.poly: [poly] Removing non-existent column 'controller_page_ids' from ir.ui.view query during boot. 
2026-03-25 01:26:40,149 143639 WARNING cm-test-18.0 odoo.addons.numa_poly.models.poly: [poly] Removing non-existent column 'groups_id' from ir.ui.view query during boot. 
2026-03-25 01:26:40,159 143639 INFO cm-test-18.0 odoo.modules.loading: loading account_edi_ubl_cii/report/account_edi_ubl_cii_report_templates.xml 
2026-03-25 01:26:40,170 143639 WARNING cm-test-18.0 odoo.addons.numa_poly.models.poly: [poly] Removing non-existent column 'groups_id' from ir.ui.view query during boot. 
2026-03-25 01:26:40,181 143639 WARNING cm-test-18.0 odoo.addons.numa_poly.models.poly: [poly] Removing non-existent column 'groups_id' from ir.ui.view query during boot. 
2026-03-25 01:26:40,189 143639 WARNING cm-test-18.0 odoo.addons.numa_poly.models.poly: [poly] Removing non-existent column 'flag_image' from res.lang query during boot. 
2026-03-25 01:26:40,189 143639 WARNING cm-test-18.0 odoo.addons.numa_poly.models.poly: [poly] Removing non-existent column 'dependencies_id' from ir.module.module query during boot. 
2026-03-25 01:26:40,190 143639 INFO cm-test-18.0 odoo.addons.base.models.ir_module: module account_edi_ubl_cii: loading translation file /home/gamarino/odoo/numa-public-odoo-18.0-numa/addons/account_edi_ubl_cii/i18n/es.po for language es_AR 
2026-03-25 01:26:40,190 143639 INFO cm-test-18.0 odoo.tools.translate: loading base translation file /home/gamarino/odoo/numa-public-odoo-18.0-numa/addons/account_edi_ubl_cii/i18n/es.po for language es_AR 
2026-03-25 01:26:40,198 143639 INFO cm-test-18.0 odoo.addons.base.models.ir_module: module account_edi_ubl_cii: loading translation file /home/gamarino/odoo/numa-public-odoo-18.0-numa/addons/account_edi_ubl_cii/i18n/es_419.po for language es_AR 
2026-03-25 01:26:40,198 143639 INFO cm-test-18.0 odoo.tools.translate: loading base translation file /home/gamarino/odoo/numa-public-odoo-18.0-numa/addons/account_edi_ubl_cii/i18n/es_419.po for language es_AR 
2026-03-25 01:26:40,240 143639 INFO cm-test-18.0 odoo.modules.loading: Module account_edi_ubl_cii loaded in 11.30s, 2319 queries (+2319 other) 
2026-03-25 01:26:40,241 143639 INFO cm-test-18.0 odoo.modules.loading: Loading module account_fleet (83/211) 
2026-03-25 01:26:40,250 143639 INFO cm-test-18.0 odoo.addons.numa_poly.models.poly: [poly] Entering Phase 1: MRO Injection and attribute building 
2026-03-25 01:26:43,528 143639 INFO cm-test-18.0 odoo.addons.numa_poly.models.poly: [poly] Entering Phase 2: Final field stabilization and sanitization 
2026-03-25 01:26:43,677 143639 INFO cm-test-18.0 odoo.addons.numa_poly.models.poly: [poly] Entering Phase 1: MRO Injection and attribute building 
2026-03-25 01:26:46,647 143639 INFO cm-test-18.0 odoo.addons.numa_poly.models.poly: [poly] Entering Phase 2: Final field stabilization and sanitization 
2026-03-25 01:26:46,794 143639 INFO cm-test-18.0 odoo.addons.numa_poly.models.poly: [poly] Entering Phase 1: MRO Injection and attribute building 
2026-03-25 01:26:49,834 143639 INFO cm-test-18.0 odoo.addons.numa_poly.models.poly: [poly] Entering Phase 2: Final field stabilization and sanitization 
2026-03-25 01:26:50,032 143639 INFO cm-test-18.0 odoo.modules.registry: module account_fleet: creating or updating database tables 
2026-03-25 01:26:50,446 143639 INFO cm-test-18.0 odoo.modules.loading: loading account_fleet/data/fleet_service_type_data.xml 
2026-03-25 01:26:50,460 143639 INFO cm-test-18.0 odoo.modules.loading: loading account_fleet/views/account_move_views.xml 
2026-03-25 01:26:50,469 143639 WARNING cm-test-18.0 odoo.addons.numa_poly.models.poly: [poly] Removing non-existent column 'controller_page_ids' from ir.ui.view query during boot. 
2026-03-25 01:26:50,471 143639 WARNING cm-test-18.0 odoo.addons.numa_poly.models.poly: [poly] Removing non-existent column 'groups_id' from ir.ui.view query during boot. 
2026-03-25 01:26:50,482 143639 WARNING cm-test-18.0 odoo.addons.numa_poly.models.poly: [poly] Removing non-existent column 'controller_page_ids' from ir.ui.view query during boot. 
2026-03-25 01:26:50,483 143639 WARNING cm-test-18.0 odoo.addons.numa_poly.models.poly: [poly] Removing non-existent column 'groups_id' from ir.ui.view query during boot. 
2026-03-25 01:26:50,490 143639 WARNING cm-test-18.0 odoo.addons.numa_poly.models.poly: [poly] Removing non-existent column 'controller_page_ids' from ir.ui.view query during boot. 
2026-03-25 01:26:50,491 143639 WARNING cm-test-18.0 odoo.addons.numa_poly.models.poly: [poly] Removing non-existent column 'groups_id' from ir.ui.view query during boot. 
2026-03-25 01:26:50,521 143639 INFO cm-test-18.0 odoo.modules.loading: loading account_fleet/views/fleet_vehicle_views.xml 
2026-03-25 01:26:50,526 143639 WARNING cm-test-18.0 odoo.addons.numa_poly.models.poly: [poly] Removing non-existent column 'controller_page_ids' from ir.ui.view query during boot. 
2026-03-25 01:26:50,527 143639 WARNING cm-test-18.0 odoo.addons.numa_poly.models.poly: [poly] Removing non-existent column 'groups_id' from ir.ui.view query during boot. 
2026-03-25 01:26:50,532 143639 INFO cm-test-18.0 odoo.modules.loading: loading account_fleet/views/fleet_vehicle_log_services_views.xml 
2026-03-25 01:26:50,537 143639 WARNING cm-test-18.0 odoo.addons.numa_poly.models.poly: [poly] Removing non-existent column 'controller_page_ids' from ir.ui.view query during boot. 
2026-03-25 01:26:50,538 143639 WARNING cm-test-18.0 odoo.addons.numa_poly.models.poly: [poly] Removing non-existent column 'groups_id' from ir.ui.view query during boot. 
2026-03-25 01:26:50,544 143639 WARNING cm-test-18.0 odoo.addons.numa_poly.models.poly: [poly] Removing non-existent column 'flag_image' from res.lang query during boot. 
2026-03-25 01:26:50,545 143639 WARNING cm-test-18.0 odoo.addons.numa_poly.models.poly: [poly] Removing non-existent column 'dependencies_id' from ir.module.module query during boot. 
2026-03-25 01:26:50,545 143639 INFO cm-test-18.0 odoo.addons.base.models.ir_module: module account_fleet: loading translation file /home/gamarino/odoo/numa-public-odoo-18.0-numa/addons/account_fleet/i18n/es.po for language es_AR 
2026-03-25 01:26:50,545 143639 INFO cm-test-18.0 odoo.tools.translate: loading base translation file /home/gamarino/odoo/numa-public-odoo-18.0-numa/addons/account_fleet/i18n/es.po for language es_AR 
2026-03-25 01:26:50,548 143639 INFO cm-test-18.0 odoo.addons.base.models.ir_module: module account_fleet: loading translation file /home/gamarino/odoo/numa-public-odoo-18.0-numa/addons/account_fleet/i18n/es_419.po for language es_AR 
2026-03-25 01:26:50,548 143639 INFO cm-test-18.0 odoo.tools.translate: loading base translation file /home/gamarino/odoo/numa-public-odoo-18.0-numa/addons/account_fleet/i18n/es_419.po for language es_AR 
2026-03-25 01:26:50,573 143639 INFO cm-test-18.0 odoo.modules.loading: Module account_fleet loaded in 10.33s, 1917 queries (+1917 other) 
2026-03-25 01:26:50,573 143639 INFO cm-test-18.0 odoo.modules.loading: Loading module account_payment (84/211) 
2026-03-25 01:26:50,586 143639 INFO cm-test-18.0 odoo.addons.numa_poly.models.poly: [poly] Entering Phase 1: MRO Injection and attribute building 
2026-03-25 01:26:53,447 143639 INFO cm-test-18.0 odoo.addons.numa_poly.models.poly: [poly] Entering Phase 2: Final field stabilization and sanitization 
2026-03-25 01:26:53,620 143639 INFO cm-test-18.0 odoo.addons.numa_poly.models.poly: [poly] Entering Phase 1: MRO Injection and attribute building 
2026-03-25 01:26:56,769 143639 INFO cm-test-18.0 odoo.addons.numa_poly.models.poly: [poly] Entering Phase 2: Final field stabilization and sanitization 
2026-03-25 01:26:56,945 143639 INFO cm-test-18.0 odoo.addons.numa_poly.models.poly: [poly] Entering Phase 1: MRO Injection and attribute building 
2026-03-25 01:26:59,476 143639 INFO cm-test-18.0 odoo.addons.numa_poly.models.poly: [poly] Entering Phase 2: Final field stabilization and sanitization 
2026-03-25 01:26:59,613 143639 INFO cm-test-18.0 odoo.modules.registry: module account_payment: creating or updating database tables 
2026-03-25 01:26:59,876 143639 INFO cm-test-18.0 odoo.modules.loading: loading account_payment/data/ir_config_parameter.xml 
2026-03-25 01:26:59,879 143639 INFO cm-test-18.0 odoo.modules.loading: loading account_payment/data/onboarding_data.xml 
2026-03-25 01:26:59,882 143639 INFO cm-test-18.0 odoo.modules.loading: loading account_payment/security/ir.model.access.csv 
2026-03-25 01:26:59,891 143639 WARNING cm-test-18.0 odoo.addons.numa_poly.models.poly: [poly] Removing non-existent column 'flag_image' from res.lang query during boot. 
2026-03-25 01:26:59,900 143639 INFO cm-test-18.0 odoo.modules.loading: loading account_payment/security/ir_rules.xml 
2026-03-25 01:26:59,903 143639 INFO cm-test-18.0 odoo.modules.loading: loading account_payment/views/account_payment_menus.xml 
2026-03-25 01:26:59,927 143639 INFO cm-test-18.0 odoo.modules.loading: loading account_payment/views/account_portal_templates.xml 
2026-03-25 01:26:59,936 143639 WARNING cm-test-18.0 odoo.addons.numa_poly.models.poly: [poly] Removing non-existent column 'groups_id' from ir.ui.view query during boot. 
2026-03-25 01:26:59,947 143639 WARNING cm-test-18.0 odoo.addons.numa_poly.models.poly: [poly] Removing non-existent column 'groups_id' from ir.ui.view query during boot. 
2026-03-25 01:26:59,959 143639 WARNING cm-test-18.0 odoo.addons.numa_poly.models.poly: [poly] Removing non-existent column 'groups_id' from ir.ui.view query during boot. 
2026-03-25 01:26:59,974 143639 WARNING cm-test-18.0 odoo.addons.numa_poly.models.poly: [poly] Removing non-existent column 'groups_id' from ir.ui.view query during boot. 
2026-03-25 01:26:59,996 143639 WARNING cm-test-18.0 odoo.addons.numa_poly.models.poly: [poly] Removing non-existent column 'groups_id' from ir.ui.view query during boot. 
2026-03-25 01:27:00,006 143639 WARNING cm-test-18.0 odoo.addons.numa_poly.models.poly: [poly] Removing non-existent column 'groups_id' from ir.ui.view query during boot. 
2026-03-25 01:27:00,014 143639 WARNING cm-test-18.0 odoo.addons.numa_poly.models.poly: [poly] Removing non-existent column 'groups_id' from ir.ui.view query during boot. 
2026-03-25 01:27:00,018 143639 INFO cm-test-18.0 odoo.modules.loading: loading account_payment/views/account_move_views.xml 
2026-03-25 01:27:00,023 143639 WARNING cm-test-18.0 odoo.addons.numa_poly.models.poly: [poly] Removing non-existent column 'controller_page_ids' from ir.ui.view query during boot. 
2026-03-25 01:27:00,024 143639 WARNING cm-test-18.0 odoo.addons.numa_poly.models.poly: [poly] Removing non-existent column 'groups_id' from ir.ui.view query during boot. 
2026-03-25 01:27:00,033 143639 INFO cm-test-18.0 odoo.modules.loading: loading account_payment/views/account_journal_views.xml 
2026-03-25 01:27:00,038 143639 WARNING cm-test-18.0 odoo.addons.numa_poly.models.poly: [poly] Removing non-existent column 'controller_page_ids' from ir.ui.view query during boot. 
2026-03-25 01:27:00,038 143639 WARNING cm-test-18.0 odoo.addons.numa_poly.models.poly: [poly] Removing non-existent column 'groups_id' from ir.ui.view query during boot. 
2026-03-25 01:27:00,046 143639 INFO cm-test-18.0 odoo.modules.loading: loading account_payment/views/account_payment_views.xml 
2026-03-25 01:27:00,051 143639 WARNING cm-test-18.0 odoo.addons.numa_poly.models.poly: [poly] Removing non-existent column 'controller_page_ids' from ir.ui.view query during boot. 
2026-03-25 01:27:00,051 143639 WARNING cm-test-18.0 odoo.addons.numa_poly.models.poly: [poly] Removing non-existent column 'groups_id' from ir.ui.view query during boot. 
2026-03-25 01:27:00,057 143639 INFO cm-test-18.0 odoo.modules.loading: loading account_payment/views/payment_form_templates.xml 
2026-03-25 01:27:00,064 143639 WARNING cm-test-18.0 odoo.addons.numa_poly.models.poly: [poly] Removing non-existent column 'groups_id' from ir.ui.view query during boot. 
2026-03-25 01:27:00,069 143639 INFO cm-test-18.0 odoo.modules.loading: loading account_payment/views/payment_provider_views.xml 
2026-03-25 01:27:00,073 143639 WARNING cm-test-18.0 odoo.addons.numa_poly.models.poly: [poly] Removing non-existent column 'controller_page_ids' from ir.ui.view query during boot. 
2026-03-25 01:27:00,074 143639 WARNING cm-test-18.0 odoo.addons.numa_poly.models.poly: [poly] Removing non-existent column 'groups_id' from ir.ui.view query during boot. 
2026-03-25 01:27:00,079 143639 INFO cm-test-18.0 odoo.modules.loading: loading account_payment/views/payment_transaction_views.xml 
2026-03-25 01:27:00,084 143639 WARNING cm-test-18.0 odoo.addons.numa_poly.models.poly: [poly] Removing non-existent column 'controller_page_ids' from ir.ui.view query during boot. 
2026-03-25 01:27:00,084 143639 WARNING cm-test-18.0 odoo.addons.numa_poly.models.poly: [poly] Removing non-existent column 'groups_id' from ir.ui.view query during boot. 
2026-03-25 01:27:00,090 143639 INFO cm-test-18.0 odoo.modules.loading: loading account_payment/wizards/account_payment_register_views.xml 
2026-03-25 01:27:00,095 143639 WARNING cm-test-18.0 odoo.addons.numa_poly.models.poly: [poly] Removing non-existent column 'controller_page_ids' from ir.ui.view query during boot. 
2026-03-25 01:27:00,095 143639 WARNING cm-test-18.0 odoo.addons.numa_poly.models.poly: [poly] Removing non-existent column 'groups_id' from ir.ui.view query during boot. 
2026-03-25 01:27:00,099 143639 INFO cm-test-18.0 odoo.modules.loading: loading account_payment/wizards/payment_link_wizard_views.xml 
2026-03-25 01:27:00,107 143639 WARNING cm-test-18.0 odoo.addons.numa_poly.models.poly: [poly] Removing non-existent column 'controller_page_ids' from ir.ui.view query during boot. 
2026-03-25 01:27:00,108 143639 WARNING cm-test-18.0 odoo.addons.numa_poly.models.poly: [poly] Removing non-existent column 'groups_id' from ir.ui.view query during boot. 
2026-03-25 01:27:00,113 143639 INFO cm-test-18.0 odoo.modules.loading: loading account_payment/wizards/payment_refund_wizard_views.xml 
2026-03-25 01:27:00,117 143639 WARNING cm-test-18.0 odoo.addons.numa_poly.models.poly: [poly] Removing non-existent column 'controller_page_ids' from ir.ui.view query during boot. 
2026-03-25 01:27:00,120 143639 INFO cm-test-18.0 odoo.modules.loading: loading account_payment/wizards/res_config_settings_views.xml 
2026-03-25 01:27:00,125 143639 WARNING cm-test-18.0 odoo.addons.numa_poly.models.poly: [poly] Removing non-existent column 'controller_page_ids' from ir.ui.view query during boot. 
2026-03-25 01:27:00,126 143639 WARNING cm-test-18.0 odoo.addons.numa_poly.models.poly: [poly] Removing non-existent column 'groups_id' from ir.ui.view query during boot. 
2026-03-25 01:27:00,143 143639 WARNING cm-test-18.0 odoo.addons.numa_poly.models.poly: [poly] Removing non-existent column 'flag_image' from res.lang query during boot. 
2026-03-25 01:27:00,144 143639 WARNING cm-test-18.0 odoo.addons.numa_poly.models.poly: [poly] Removing non-existent column 'dependencies_id' from ir.module.module query during boot. 
2026-03-25 01:27:00,144 143639 INFO cm-test-18.0 odoo.addons.base.models.ir_module: module account_payment: loading translation file /home/gamarino/odoo/numa-public-odoo-18.0-numa/addons/account_payment/i18n/es.po for language es_AR 
2026-03-25 01:27:00,144 143639 INFO cm-test-18.0 odoo.tools.translate: loading base translation file /home/gamarino/odoo/numa-public-odoo-18.0-numa/addons/account_payment/i18n/es.po for language es_AR 
2026-03-25 01:27:00,150 143639 INFO cm-test-18.0 odoo.addons.base.models.ir_module: module account_payment: loading translation file /home/gamarino/odoo/numa-public-odoo-18.0-numa/addons/account_payment/i18n/es_419.po for language es_AR 
2026-03-25 01:27:00,151 143639 INFO cm-test-18.0 odoo.tools.translate: loading base translation file /home/gamarino/odoo/numa-public-odoo-18.0-numa/addons/account_payment/i18n/es_419.po for language es_AR 
2026-03-25 01:27:00,210 143639 INFO cm-test-18.0 odoo.modules.loading: Module account_payment loaded in 9.64s, 2228 queries (+2228 other) 
2026-03-25 01:27:00,210 143639 INFO cm-test-18.0 odoo.modules.loading: Loading module accounting_pdf_reports (85/211) 
2026-03-25 01:27:00,219 143639 INFO cm-test-18.0 odoo.addons.numa_poly.models.poly: [poly] Entering Phase 1: MRO Injection and attribute building 
2026-03-25 01:27:04,076 143639 INFO cm-test-18.0 odoo.addons.numa_poly.models.poly: [poly] Entering Phase 2: Final field stabilization and sanitization 
2026-03-25 01:27:04,341 143639 INFO cm-test-18.0 odoo.addons.numa_poly.models.poly: [poly] Entering Phase 1: MRO Injection and attribute building 
2026-03-25 01:27:08,079 143639 INFO cm-test-18.0 odoo.addons.numa_poly.models.poly: [poly] Entering Phase 2: Final field stabilization and sanitization 
2026-03-25 01:27:08,249 143639 INFO cm-test-18.0 odoo.addons.numa_poly.models.poly: [poly] Entering Phase 1: MRO Injection and attribute building 
2026-03-25 01:27:11,424 143639 INFO cm-test-18.0 odoo.addons.numa_poly.models.poly: [poly] Entering Phase 2: Final field stabilization and sanitization 
2026-03-25 01:27:11,872 143639 INFO cm-test-18.0 odoo.modules.registry: module accounting_pdf_reports: creating or updating database tables 
2026-03-25 01:27:12,226 143639 INFO cm-test-18.0 odoo.modules.loading: loading accounting_pdf_reports/security/ir.model.access.csv 
2026-03-25 01:27:12,232 143639 WARNING cm-test-18.0 odoo.addons.numa_poly.models.poly: [poly] Removing non-existent column 'flag_image' from res.lang query during boot. 
2026-03-25 01:27:12,275 143639 INFO cm-test-18.0 odoo.modules.loading: loading accounting_pdf_reports/data/account_account_type.xml 
2026-03-25 01:27:12,295 143639 INFO cm-test-18.0 odoo.modules.loading: loading accounting_pdf_reports/views/menu.xml 
2026-03-25 01:27:12,312 143639 INFO cm-test-18.0 odoo.modules.loading: loading accounting_pdf_reports/views/ledger_menu.xml 
2026-03-25 01:27:12,336 143639 INFO cm-test-18.0 odoo.modules.loading: loading accounting_pdf_reports/views/financial_report.xml 
2026-03-25 01:27:12,345 143639 WARNING cm-test-18.0 odoo.addons.numa_poly.models.poly: [poly] Removing non-existent column 'controller_page_ids' from ir.ui.view query during boot. 
2026-03-25 01:27:12,354 143639 WARNING cm-test-18.0 odoo.addons.numa_poly.models.poly: [poly] Removing non-existent column 'controller_page_ids' from ir.ui.view query during boot. 
2026-03-25 01:27:12,360 143639 WARNING cm-test-18.0 odoo.addons.numa_poly.models.poly: [poly] Removing non-existent column 'controller_page_ids' from ir.ui.view query during boot. 
2026-03-25 01:27:12,376 143639 INFO cm-test-18.0 odoo.modules.loading: loading accounting_pdf_reports/views/settings.xml 
2026-03-25 01:27:12,384 143639 WARNING cm-test-18.0 odoo.addons.numa_poly.models.poly: [poly] Removing non-existent column 'controller_page_ids' from ir.ui.view query during boot. 
2026-03-25 01:27:12,385 143639 WARNING cm-test-18.0 odoo.addons.numa_poly.models.poly: [poly] Removing non-existent column 'groups_id' from ir.ui.view query during boot. 
2026-03-25 01:27:12,409 143639 INFO cm-test-18.0 odoo.modules.loading: loading accounting_pdf_reports/wizard/account_report_common_view.xml 
2026-03-25 01:27:12,414 143639 WARNING cm-test-18.0 odoo.addons.numa_poly.models.poly: [poly] Removing non-existent column 'controller_page_ids' from ir.ui.view query during boot. 
2026-03-25 01:27:12,418 143639 INFO cm-test-18.0 odoo.modules.loading: loading accounting_pdf_reports/wizard/partner_ledger.xml 
2026-03-25 01:27:12,424 143639 WARNING cm-test-18.0 odoo.addons.numa_poly.models.poly: [poly] Removing non-existent column 'controller_page_ids' from ir.ui.view query during boot. 
2026-03-25 01:27:12,425 143639 WARNING cm-test-18.0 odoo.addons.numa_poly.models.poly: [poly] Removing non-existent column 'groups_id' from ir.ui.view query during boot. 
2026-03-25 01:27:12,446 143639 INFO cm-test-18.0 odoo.modules.loading: loading accounting_pdf_reports/wizard/general_ledger.xml 
2026-03-25 01:27:12,451 143639 WARNING cm-test-18.0 odoo.addons.numa_poly.models.poly: [poly] Removing non-existent column 'controller_page_ids' from ir.ui.view query during boot. 
2026-03-25 01:27:12,452 143639 WARNING cm-test-18.0 odoo.addons.numa_poly.models.poly: [poly] Removing non-existent column 'groups_id' from ir.ui.view query during boot. 
2026-03-25 01:27:12,464 143639 INFO cm-test-18.0 odoo.modules.loading: loading accounting_pdf_reports/wizard/trial_balance.xml 
2026-03-25 01:27:12,468 143639 WARNING cm-test-18.0 odoo.addons.numa_poly.models.poly: [poly] Removing non-existent column 'controller_page_ids' from ir.ui.view query during boot. 
2026-03-25 01:27:12,469 143639 WARNING cm-test-18.0 odoo.addons.numa_poly.models.poly: [poly] Removing non-existent column 'groups_id' from ir.ui.view query during boot. 
2026-03-25 01:27:12,483 143639 INFO cm-test-18.0 odoo.modules.loading: loading accounting_pdf_reports/wizard/balance_sheet.xml 
2026-03-25 01:27:12,494 143639 WARNING cm-test-18.0 odoo.addons.numa_poly.models.poly: [poly] Removing non-existent column 'children_ids' from account.financial.report query during boot. 
2026-03-25 01:27:12,499 143639 WARNING cm-test-18.0 odoo.addons.numa_poly.models.poly: [poly] Removing non-existent column 'children_ids' from account.financial.report query during boot. 
2026-03-25 01:27:12,506 143639 WARNING cm-test-18.0 odoo.addons.numa_poly.models.poly: [poly] Removing non-existent column 'children_ids' from account.financial.report query during boot. 
2026-03-25 01:27:12,508 143639 WARNING cm-test-18.0 odoo.addons.numa_poly.models.poly: [poly] Removing non-existent column 'children_ids' from account.financial.report query during boot. 
2026-03-25 01:27:12,510 143639 WARNING cm-test-18.0 odoo.addons.numa_poly.models.poly: [poly] Removing non-existent column 'children_ids' from account.financial.report query during boot. 
2026-03-25 01:27:12,512 143639 WARNING cm-test-18.0 odoo.addons.numa_poly.models.poly: [poly] Removing non-existent column 'children_ids' from account.financial.report query during boot. 
2026-03-25 01:27:12,516 143639 WARNING cm-test-18.0 odoo.addons.numa_poly.models.poly: [poly] Removing non-existent column 'controller_page_ids' from ir.ui.view query during boot. 
2026-03-25 01:27:12,517 143639 WARNING cm-test-18.0 odoo.addons.numa_poly.models.poly: [poly] Removing non-existent column 'groups_id' from ir.ui.view query during boot. 
2026-03-25 01:27:12,534 143639 INFO cm-test-18.0 odoo.modules.loading: loading accounting_pdf_reports/wizard/profit_and_loss.xml 
2026-03-25 01:27:12,545 143639 INFO cm-test-18.0 odoo.modules.loading: loading accounting_pdf_reports/wizard/tax_report.xml 
2026-03-25 01:27:12,551 143639 WARNING cm-test-18.0 odoo.addons.numa_poly.models.poly: [poly] Removing non-existent column 'controller_page_ids' from ir.ui.view query during boot. 
2026-03-25 01:27:12,553 143639 WARNING cm-test-18.0 odoo.addons.numa_poly.models.poly: [poly] Removing non-existent column 'groups_id' from ir.ui.view query during boot. 
2026-03-25 01:27:12,564 143639 INFO cm-test-18.0 odoo.modules.loading: loading accounting_pdf_reports/wizard/aged_partner.xml 
2026-03-25 01:27:12,570 143639 WARNING cm-test-18.0 odoo.addons.numa_poly.models.poly: [poly] Removing non-existent column 'controller_page_ids' from ir.ui.view query during boot. 
2026-03-25 01:27:12,600 143639 INFO cm-test-18.0 odoo.modules.loading: loading accounting_pdf_reports/wizard/journal_audit.xml 
2026-03-25 01:27:12,606 143639 WARNING cm-test-18.0 odoo.addons.numa_poly.models.poly: [poly] Removing non-existent column 'controller_page_ids' from ir.ui.view query during boot. 
2026-03-25 01:27:12,607 143639 WARNING cm-test-18.0 odoo.addons.numa_poly.models.poly: [poly] Removing non-existent column 'groups_id' from ir.ui.view query during boot. 
2026-03-25 01:27:12,619 143639 INFO cm-test-18.0 odoo.modules.loading: loading accounting_pdf_reports/report/report.xml 
2026-03-25 01:27:12,635 143639 INFO cm-test-18.0 odoo.modules.loading: loading accounting_pdf_reports/report/report_partner_ledger.xml 
2026-03-25 01:27:12,646 143639 INFO cm-test-18.0 odoo.modules.loading: loading accounting_pdf_reports/report/report_general_ledger.xml 
2026-03-25 01:27:12,657 143639 INFO cm-test-18.0 odoo.modules.loading: loading accounting_pdf_reports/report/report_trial_balance.xml 
2026-03-25 01:27:12,669 143639 INFO cm-test-18.0 odoo.modules.loading: loading accounting_pdf_reports/report/report_financial.xml 
2026-03-25 01:27:12,683 143639 INFO cm-test-18.0 odoo.modules.loading: loading accounting_pdf_reports/report/report_tax.xml 
2026-03-25 01:27:12,692 143639 INFO cm-test-18.0 odoo.modules.loading: loading accounting_pdf_reports/report/report_aged_partner.xml 
2026-03-25 01:27:12,703 143639 INFO cm-test-18.0 odoo.modules.loading: loading accounting_pdf_reports/report/report_journal_audit.xml 
2026-03-25 01:27:12,712 143639 INFO cm-test-18.0 odoo.modules.loading: loading accounting_pdf_reports/report/report_journal_entries.xml 
2026-03-25 01:27:12,728 143639 WARNING cm-test-18.0 odoo.addons.numa_poly.models.poly: [poly] Removing non-existent column 'flag_image' from res.lang query during boot. 
2026-03-25 01:27:12,729 143639 WARNING cm-test-18.0 odoo.addons.numa_poly.models.poly: [poly] Removing non-existent column 'dependencies_id' from ir.module.module query during boot. 
2026-03-25 01:27:12,730 143639 INFO cm-test-18.0 odoo.addons.base.models.ir_module: module accounting_pdf_reports: loading translation file /home/gamarino/odoo/extra-addons-18.0/accounting_pdf_reports/i18n/es.po for language es_AR 
2026-03-25 01:27:12,730 143639 INFO cm-test-18.0 odoo.tools.translate: loading base translation file /home/gamarino/odoo/extra-addons-18.0/accounting_pdf_reports/i18n/es.po for language es_AR 
2026-03-25 01:27:12,737 143639 INFO cm-test-18.0 odoo.addons.base.models.ir_module: module accounting_pdf_reports: loading translation file /home/gamarino/odoo/extra-addons-18.0/accounting_pdf_reports/i18n/es_AR.po for language es_AR 
2026-03-25 01:27:12,738 143639 INFO cm-test-18.0 odoo.tools.translate: loading base translation file /home/gamarino/odoo/extra-addons-18.0/accounting_pdf_reports/i18n/es_AR.po for language es_AR 
2026-03-25 01:27:12,851 143639 INFO cm-test-18.0 odoo.modules.loading: Module accounting_pdf_reports loaded in 12.64s, 2673 queries (+2673 other) 
2026-03-25 01:27:12,851 143639 INFO cm-test-18.0 odoo.modules.loading: Loading module base_vat (86/211) 
2026-03-25 01:27:12,861 143639 INFO cm-test-18.0 odoo.addons.numa_poly.models.poly: [poly] Entering Phase 1: MRO Injection and attribute building 
2026-03-25 01:27:16,006 143639 INFO cm-test-18.0 odoo.addons.numa_poly.models.poly: [poly] Entering Phase 2: Final field stabilization and sanitization 
2026-03-25 01:27:16,168 143639 INFO cm-test-18.0 odoo.addons.numa_poly.models.poly: [poly] Entering Phase 1: MRO Injection and attribute building 
2026-03-25 01:27:19,435 143639 INFO cm-test-18.0 odoo.addons.numa_poly.models.poly: [poly] Entering Phase 2: Final field stabilization and sanitization 
2026-03-25 01:27:19,584 143639 INFO cm-test-18.0 odoo.addons.numa_poly.models.poly: [poly] Entering Phase 1: MRO Injection and attribute building 
2026-03-25 01:27:22,594 143639 INFO cm-test-18.0 odoo.addons.numa_poly.models.poly: [poly] Entering Phase 2: Final field stabilization and sanitization 
2026-03-25 01:27:22,779 143639 INFO cm-test-18.0 odoo.modules.registry: module base_vat: creating or updating database tables 
2026-03-25 01:27:23,080 143639 INFO cm-test-18.0 odoo.modules.loading: loading base_vat/views/res_config_settings_views.xml 
2026-03-25 01:27:23,091 143639 WARNING cm-test-18.0 odoo.addons.numa_poly.models.poly: [poly] Removing non-existent column 'controller_page_ids' from ir.ui.view query during boot. 
2026-03-25 01:27:23,095 143639 WARNING cm-test-18.0 odoo.addons.numa_poly.models.poly: [poly] Removing non-existent column 'groups_id' from ir.ui.view query during boot. 
2026-03-25 01:27:23,119 143639 INFO cm-test-18.0 odoo.modules.loading: loading base_vat/views/res_partner_views.xml 
2026-03-25 01:27:23,129 143639 WARNING cm-test-18.0 odoo.addons.numa_poly.models.poly: [poly] Removing non-existent column 'controller_page_ids' from ir.ui.view query during boot. 
2026-03-25 01:27:23,131 143639 WARNING cm-test-18.0 odoo.addons.numa_poly.models.poly: [poly] Removing non-existent column 'groups_id' from ir.ui.view query during boot. 
2026-03-25 01:27:23,148 143639 WARNING cm-test-18.0 odoo.addons.numa_poly.models.poly: [poly] Removing non-existent column 'flag_image' from res.lang query during boot. 
2026-03-25 01:27:23,148 143639 WARNING cm-test-18.0 odoo.addons.numa_poly.models.poly: [poly] Removing non-existent column 'dependencies_id' from ir.module.module query during boot. 
2026-03-25 01:27:23,149 143639 INFO cm-test-18.0 odoo.addons.base.models.ir_module: module base_vat: loading translation file /home/gamarino/odoo/numa-public-odoo-18.0-numa/addons/base_vat/i18n/es.po for language es_AR 
2026-03-25 01:27:23,149 143639 INFO cm-test-18.0 odoo.tools.translate: loading base translation file /home/gamarino/odoo/numa-public-odoo-18.0-numa/addons/base_vat/i18n/es.po for language es_AR 
2026-03-25 01:27:23,152 143639 INFO cm-test-18.0 odoo.addons.base.models.ir_module: module base_vat: loading translation file /home/gamarino/odoo/numa-public-odoo-18.0-numa/addons/base_vat/i18n/es_419.po for language es_AR 
2026-03-25 01:27:23,152 143639 INFO cm-test-18.0 odoo.tools.translate: loading base translation file /home/gamarino/odoo/numa-public-odoo-18.0-numa/addons/base_vat/i18n/es_419.po for language es_AR 
2026-03-25 01:27:23,191 143639 INFO cm-test-18.0 odoo.modules.loading: Module base_vat loaded in 10.34s, 1886 queries (+1886 other) 
2026-03-25 01:27:23,191 143639 INFO cm-test-18.0 odoo.modules.loading: Loading module crm_mail_plugin (87/211) 
2026-03-25 01:27:23,205 143639 INFO cm-test-18.0 odoo.addons.numa_poly.models.poly: [poly] Entering Phase 1: MRO Injection and attribute building 
2026-03-25 01:27:26,120 143639 INFO cm-test-18.0 odoo.addons.numa_poly.models.poly: [poly] Entering Phase 2: Final field stabilization and sanitization 
2026-03-25 01:27:26,281 143639 INFO cm-test-18.0 odoo.addons.numa_poly.models.poly: [poly] Entering Phase 1: MRO Injection and attribute building 
2026-03-25 01:27:29,418 143639 INFO cm-test-18.0 odoo.addons.numa_poly.models.poly: [poly] Entering Phase 2: Final field stabilization and sanitization 
2026-03-25 01:27:29,579 143639 INFO cm-test-18.0 odoo.addons.numa_poly.models.poly: [poly] Entering Phase 1: MRO Injection and attribute building 
2026-03-25 01:27:32,619 143639 INFO cm-test-18.0 odoo.addons.numa_poly.models.poly: [poly] Entering Phase 2: Final field stabilization and sanitization 
2026-03-25 01:27:32,773 143639 INFO cm-test-18.0 odoo.modules.registry: module crm_mail_plugin: creating or updating database tables 
2026-03-25 01:27:32,912 143639 INFO cm-test-18.0 odoo.modules.loading: loading crm_mail_plugin/views/crm_mail_plugin_lead.xml 
2026-03-25 01:27:32,922 143639 INFO cm-test-18.0 odoo.modules.loading: loading crm_mail_plugin/views/crm_lead_views.xml 
2026-03-25 01:27:32,930 143639 WARNING cm-test-18.0 odoo.addons.numa_poly.models.poly: [poly] Removing non-existent column 'flag_image' from res.lang query during boot. 
2026-03-25 01:27:32,930 143639 WARNING cm-test-18.0 odoo.addons.numa_poly.models.poly: [poly] Removing non-existent column 'dependencies_id' from ir.module.module query during boot. 
2026-03-25 01:27:32,931 143639 INFO cm-test-18.0 odoo.addons.base.models.ir_module: module crm_mail_plugin: loading translation file /home/gamarino/odoo/numa-public-odoo-18.0-numa/addons/crm_mail_plugin/i18n/es.po for language es_AR 
2026-03-25 01:27:32,931 143639 INFO cm-test-18.0 odoo.tools.translate: loading base translation file /home/gamarino/odoo/numa-public-odoo-18.0-numa/addons/crm_mail_plugin/i18n/es.po for language es_AR 
2026-03-25 01:27:32,933 143639 INFO cm-test-18.0 odoo.addons.base.models.ir_module: module crm_mail_plugin: loading translation file /home/gamarino/odoo/numa-public-odoo-18.0-numa/addons/crm_mail_plugin/i18n/es_419.po for language es_AR 
2026-03-25 01:27:32,934 143639 INFO cm-test-18.0 odoo.tools.translate: loading base translation file /home/gamarino/odoo/numa-public-odoo-18.0-numa/addons/crm_mail_plugin/i18n/es_419.po for language es_AR 
2026-03-25 01:27:32,961 143639 INFO cm-test-18.0 odoo.modules.loading: Module crm_mail_plugin loaded in 9.77s, 1806 queries (+1806 other) 
2026-03-25 01:27:32,961 143639 INFO cm-test-18.0 odoo.modules.loading: Loading module crm_sms (88/211) 
2026-03-25 01:27:32,972 143639 INFO cm-test-18.0 odoo.addons.numa_poly.models.poly: [poly] Entering Phase 1: MRO Injection and attribute building 
2026-03-25 01:27:36,110 143639 INFO cm-test-18.0 odoo.addons.numa_poly.models.poly: [poly] Entering Phase 2: Final field stabilization and sanitization 
2026-03-25 01:27:36,261 143639 INFO cm-test-18.0 odoo.addons.numa_poly.models.poly: [poly] Entering Phase 1: MRO Injection and attribute building 
2026-03-25 01:27:39,630 143639 INFO cm-test-18.0 odoo.addons.numa_poly.models.poly: [poly] Entering Phase 2: Final field stabilization and sanitization 
2026-03-25 01:27:39,848 143639 INFO cm-test-18.0 odoo.addons.numa_poly.models.poly: [poly] Entering Phase 1: MRO Injection and attribute building 
2026-03-25 01:27:43,681 143639 INFO cm-test-18.0 odoo.addons.numa_poly.models.poly: [poly] Entering Phase 2: Final field stabilization and sanitization 
2026-03-25 01:27:44,237 143639 INFO cm-test-18.0 odoo.modules.loading: loading crm_sms/views/crm_lead_views.xml 
2026-03-25 01:27:44,266 143639 WARNING cm-test-18.0 odoo.addons.numa_poly.models.poly: [poly] Removing non-existent column 'controller_page_ids' from ir.ui.view query during boot. 
2026-03-25 01:27:44,269 143639 WARNING cm-test-18.0 odoo.addons.numa_poly.models.poly: [poly] Removing non-existent column 'groups_id' from ir.ui.view query during boot. 
2026-03-25 01:27:44,286 143639 WARNING cm-test-18.0 odoo.addons.numa_poly.models.poly: [poly] Removing non-existent column 'controller_page_ids' from ir.ui.view query during boot. 
2026-03-25 01:27:44,287 143639 WARNING cm-test-18.0 odoo.addons.numa_poly.models.poly: [poly] Removing non-existent column 'groups_id' from ir.ui.view query during boot. 
2026-03-25 01:27:44,297 143639 INFO cm-test-18.0 odoo.modules.loading: loading crm_sms/security/ir.model.access.csv 
2026-03-25 01:27:44,310 143639 WARNING cm-test-18.0 odoo.addons.numa_poly.models.poly: [poly] Removing non-existent column 'flag_image' from res.lang query during boot. 
2026-03-25 01:27:44,323 143639 INFO cm-test-18.0 odoo.modules.loading: loading crm_sms/security/sms_security.xml 
2026-03-25 01:27:44,336 143639 WARNING cm-test-18.0 odoo.addons.numa_poly.models.poly: [poly] Removing non-existent column 'flag_image' from res.lang query during boot. 
2026-03-25 01:27:44,340 143639 WARNING cm-test-18.0 odoo.addons.numa_poly.models.poly: [poly] Removing non-existent column 'dependencies_id' from ir.module.module query during boot. 
2026-03-25 01:27:44,341 143639 INFO cm-test-18.0 odoo.addons.base.models.ir_module: module crm_sms: loading translation file /home/gamarino/odoo/numa-public-odoo-18.0-numa/addons/crm_sms/i18n/es.po for language es_AR 
2026-03-25 01:27:44,341 143639 INFO cm-test-18.0 odoo.tools.translate: loading base translation file /home/gamarino/odoo/numa-public-odoo-18.0-numa/addons/crm_sms/i18n/es.po for language es_AR 
2026-03-25 01:27:44,344 143639 INFO cm-test-18.0 odoo.addons.base.models.ir_module: module crm_sms: loading translation file /home/gamarino/odoo/numa-public-odoo-18.0-numa/addons/crm_sms/i18n/es_419.po for language es_AR 
2026-03-25 01:27:44,344 143639 INFO cm-test-18.0 odoo.tools.translate: loading base translation file /home/gamarino/odoo/numa-public-odoo-18.0-numa/addons/crm_sms/i18n/es_419.po for language es_AR 
2026-03-25 01:27:44,372 143639 INFO cm-test-18.0 odoo.modules.loading: Module crm_sms loaded in 11.41s, 1801 queries (+1801 other) 
2026-03-25 01:27:44,372 143639 INFO cm-test-18.0 odoo.modules.loading: Loading module hr_calendar (89/211) 
2026-03-25 01:27:44,386 143639 INFO cm-test-18.0 odoo.addons.numa_poly.models.poly: [poly] Entering Phase 1: MRO Injection and attribute building 
2026-03-25 01:27:47,929 143639 INFO cm-test-18.0 odoo.addons.numa_poly.models.poly: [poly] Entering Phase 2: Final field stabilization and sanitization 
2026-03-25 01:27:48,104 143639 INFO cm-test-18.0 odoo.addons.numa_poly.models.poly: [poly] Entering Phase 1: MRO Injection and attribute building 
2026-03-25 01:27:51,068 143639 INFO cm-test-18.0 odoo.addons.numa_poly.models.poly: [poly] Entering Phase 2: Final field stabilization and sanitization 
2026-03-25 01:27:51,199 143639 INFO cm-test-18.0 odoo.addons.numa_poly.models.poly: [poly] Entering Phase 1: MRO Injection and attribute building 
2026-03-25 01:27:54,388 143639 INFO cm-test-18.0 odoo.addons.numa_poly.models.poly: [poly] Entering Phase 2: Final field stabilization and sanitization 
2026-03-25 01:27:54,503 143639 INFO cm-test-18.0 odoo.modules.registry: module hr_calendar: creating or updating database tables 
2026-03-25 01:27:54,728 143639 INFO cm-test-18.0 odoo.modules.loading: loading hr_calendar/views/calendar_views_calendarApp.xml 
2026-03-25 01:27:54,736 143639 WARNING cm-test-18.0 odoo.addons.numa_poly.models.poly: [poly] Removing non-existent column 'controller_page_ids' from ir.ui.view query during boot. 
2026-03-25 01:27:54,738 143639 WARNING cm-test-18.0 odoo.addons.numa_poly.models.poly: [poly] Removing non-existent column 'groups_id' from ir.ui.view query during boot. 
2026-03-25 01:27:54,791 143639 WARNING cm-test-18.0 odoo.addons.numa_poly.models.poly: [poly] Removing non-existent column 'controller_page_ids' from ir.ui.view query during boot. 
2026-03-25 01:27:54,792 143639 WARNING cm-test-18.0 odoo.addons.numa_poly.models.poly: [poly] Removing non-existent column 'groups_id' from ir.ui.view query during boot. 
2026-03-25 01:27:54,798 143639 WARNING cm-test-18.0 odoo.addons.numa_poly.models.poly: [poly] Removing non-existent column 'controller_page_ids' from ir.ui.view query during boot. 
2026-03-25 01:27:54,799 143639 WARNING cm-test-18.0 odoo.addons.numa_poly.models.poly: [poly] Removing non-existent column 'groups_id' from ir.ui.view query during boot. 
2026-03-25 01:27:54,808 143639 INFO cm-test-18.0 odoo.modules.loading: loading hr_calendar/views/res_partner_views.xml 
2026-03-25 01:27:54,815 143639 WARNING cm-test-18.0 odoo.addons.numa_poly.models.poly: [poly] Removing non-existent column 'controller_page_ids' from ir.ui.view query during boot. 
2026-03-25 01:27:54,816 143639 WARNING cm-test-18.0 odoo.addons.numa_poly.models.poly: [poly] Removing non-existent column 'groups_id' from ir.ui.view query during boot. 
2026-03-25 01:27:54,825 143639 WARNING cm-test-18.0 odoo.addons.numa_poly.models.poly: [poly] Removing non-existent column 'flag_image' from res.lang query during boot. 
2026-03-25 01:27:54,825 143639 WARNING cm-test-18.0 odoo.addons.numa_poly.models.poly: [poly] Removing non-existent column 'dependencies_id' from ir.module.module query during boot. 
2026-03-25 01:27:54,826 143639 INFO cm-test-18.0 odoo.addons.base.models.ir_module: module hr_calendar: loading translation file /home/gamarino/odoo/numa-public-odoo-18.0-numa/addons/hr_calendar/i18n/es.po for language es_AR 
2026-03-25 01:27:54,826 143639 INFO cm-test-18.0 odoo.tools.translate: loading base translation file /home/gamarino/odoo/numa-public-odoo-18.0-numa/addons/hr_calendar/i18n/es.po for language es_AR 
2026-03-25 01:27:54,827 143639 INFO cm-test-18.0 odoo.addons.base.models.ir_module: module hr_calendar: loading translation file /home/gamarino/odoo/numa-public-odoo-18.0-numa/addons/hr_calendar/i18n/es_419.po for language es_AR 
2026-03-25 01:27:54,828 143639 INFO cm-test-18.0 odoo.tools.translate: loading base translation file /home/gamarino/odoo/numa-public-odoo-18.0-numa/addons/hr_calendar/i18n/es_419.po for language es_AR 
2026-03-25 01:27:54,851 143639 INFO cm-test-18.0 odoo.modules.loading: Module hr_calendar loaded in 10.48s, 1882 queries (+1882 other) 
2026-03-25 01:27:54,851 143639 INFO cm-test-18.0 odoo.modules.loading: Loading module hr_expense (90/211) 
2026-03-25 01:27:54,861 143639 INFO cm-test-18.0 odoo.addons.numa_poly.models.poly: [poly] Entering Phase 1: MRO Injection and attribute building 
2026-03-25 01:27:57,940 143639 INFO cm-test-18.0 odoo.addons.numa_poly.models.poly: [poly] Entering Phase 2: Final field stabilization and sanitization 
2026-03-25 01:27:58,089 143639 INFO cm-test-18.0 odoo.addons.numa_poly.models.poly: [poly] Entering Phase 1: MRO Injection and attribute building 
2026-03-25 01:28:01,060 143639 INFO cm-test-18.0 odoo.addons.numa_poly.models.poly: [poly] Entering Phase 2: Final field stabilization and sanitization 
2026-03-25 01:28:01,242 143639 INFO cm-test-18.0 odoo.addons.numa_poly.models.poly: [poly] Entering Phase 1: MRO Injection and attribute building 
2026-03-25 01:28:04,382 143639 INFO cm-test-18.0 odoo.addons.numa_poly.models.poly: [poly] Entering Phase 2: Final field stabilization and sanitization 
2026-03-25 01:28:04,675 143639 INFO cm-test-18.0 odoo.modules.registry: module hr_expense: creating or updating database tables 
2026-03-25 01:28:04,822 143639 WARNING cm-test-18.0 odoo.addons.base.models.ir_model: Two fields (property_cost_currency_id, cost_currency_id) of product.product() have the same label: Cost Currency. [Modules: None and None] 
2026-03-25 01:28:04,822 143639 WARNING cm-test-18.0 odoo.addons.base.models.ir_model: Two fields (property_cost_currency_id, cost_currency_id) of product.template() have the same label: Cost Currency. [Modules: numa_product_multi_currency and product] 
2026-03-25 01:28:05,206 143639 INFO cm-test-18.0 odoo.modules.loading: loading hr_expense/security/hr_expense_security.xml 
2026-03-25 01:28:05,219 143639 WARNING cm-test-18.0 odoo.addons.numa_poly.models.poly: [poly] Removing non-existent column 'implied_ids' from res.groups query during boot. 
2026-03-25 01:28:05,226 143639 WARNING cm-test-18.0 odoo.addons.numa_poly.models.poly: [poly] Removing non-existent column 'users' from res.groups query during boot. 
2026-03-25 01:28:05,231 143639 WARNING cm-test-18.0 odoo.addons.numa_poly.models.poly: [poly] Removing non-existent column 'users' from res.groups query during boot. 
2026-03-25 01:28:05,249 143639 WARNING cm-test-18.0 odoo.addons.numa_poly.models.poly: [poly] Removing non-existent column 'implied_ids' from res.groups query during boot. 
2026-03-25 01:28:05,258 143639 WARNING cm-test-18.0 odoo.addons.numa_poly.models.poly: [poly] Removing non-existent column 'users' from res.groups query during boot. 
2026-03-25 01:28:05,261 143639 WARNING cm-test-18.0 odoo.addons.numa_poly.models.poly: [poly] Removing non-existent column 'users' from res.groups query during boot. 
2026-03-25 01:28:05,276 143639 WARNING cm-test-18.0 odoo.addons.numa_poly.models.poly: [poly] Removing non-existent column 'implied_ids' from res.groups query during boot. 
2026-03-25 01:28:05,284 143639 WARNING cm-test-18.0 odoo.addons.numa_poly.models.poly: [poly] Removing non-existent column 'users' from res.groups query during boot. 
2026-03-25 01:28:05,287 143639 WARNING cm-test-18.0 odoo.addons.numa_poly.models.poly: [poly] Removing non-existent column 'users' from res.groups query during boot. 
2026-03-25 01:28:05,289 143639 WARNING cm-test-18.0 odoo.addons.numa_poly.models.poly: [poly] Removing non-existent column 'users' from res.groups query during boot. 
2026-03-25 01:28:05,304 143639 INFO cm-test-18.0 odoo.modules.loading: loading hr_expense/security/ir.model.access.csv 
2026-03-25 01:28:05,305 143639 WARNING cm-test-18.0 odoo.addons.numa_poly.models.poly: [poly] Removing non-existent column 'groups_id' from res.users query during boot. 
2026-03-25 01:28:05,321 143639 WARNING cm-test-18.0 odoo.addons.numa_poly.models.poly: [poly] Removing non-existent column 'flag_image' from res.lang query during boot. 
2026-03-25 01:28:05,360 143639 INFO cm-test-18.0 odoo.modules.loading: loading hr_expense/data/digest_data.xml 
2026-03-25 01:28:05,368 143639 WARNING cm-test-18.0 odoo.addons.numa_poly.models.poly: [poly] Removing non-existent column 'flag_image' from res.lang query during boot. 
2026-03-25 01:28:05,371 143639 INFO cm-test-18.0 odoo.modules.loading: loading hr_expense/data/mail_activity_type_data.xml 
2026-03-25 01:28:05,374 143639 INFO cm-test-18.0 odoo.modules.loading: loading hr_expense/data/mail_alias_data.xml 
2026-03-25 01:28:05,377 143639 INFO cm-test-18.0 odoo.modules.loading: loading hr_expense/data/mail_message_subtype_data.xml 
2026-03-25 01:28:05,382 143639 INFO cm-test-18.0 odoo.modules.loading: loading hr_expense/data/mail_templates.xml 
2026-03-25 01:28:05,386 143639 INFO cm-test-18.0 odoo.modules.loading: loading hr_expense/data/hr_expense_sequence.xml 
2026-03-25 01:28:05,389 143639 INFO cm-test-18.0 odoo.modules.loading: loading hr_expense/data/hr_expense_data.xml 
2026-03-25 01:28:05,406 143639 INFO cm-test-18.0 odoo.modules.loading: loading hr_expense/data/hr_expense_tour.xml 
2026-03-25 01:28:05,413 143639 INFO cm-test-18.0 odoo.modules.loading: loading hr_expense/wizard/hr_expense_refuse_reason_views.xml 
2026-03-25 01:28:05,424 143639 WARNING cm-test-18.0 odoo.addons.numa_poly.models.poly: [poly] Removing non-existent column 'controller_page_ids' from ir.ui.view query during boot. 
2026-03-25 01:28:05,431 143639 INFO cm-test-18.0 odoo.modules.loading: loading hr_expense/wizard/hr_expense_approve_duplicate_views.xml 
2026-03-25 01:28:05,436 143639 WARNING cm-test-18.0 odoo.addons.numa_poly.models.poly: [poly] Removing non-existent column 'controller_page_ids' from ir.ui.view query during boot. 
2026-03-25 01:28:05,442 143639 INFO cm-test-18.0 odoo.modules.loading: loading hr_expense/wizard/hr_expense_split_wizard_views.xml 
2026-03-25 01:28:05,447 143639 WARNING cm-test-18.0 odoo.addons.numa_poly.models.poly: [poly] Removing non-existent column 'controller_page_ids' from ir.ui.view query during boot. 
2026-03-25 01:28:05,451 143639 INFO cm-test-18.0 odoo.modules.loading: loading hr_expense/views/hr_expense_views.xml 
2026-03-25 01:28:05,462 143639 WARNING cm-test-18.0 odoo.addons.numa_poly.models.poly: [poly] Removing non-existent column 'controller_page_ids' from ir.ui.view query during boot. 
2026-03-25 01:28:05,463 143639 WARNING cm-test-18.0 odoo.addons.numa_poly.models.poly: [poly] Removing non-existent column 'groups_id' from ir.ui.view query during boot. 
2026-03-25 01:28:05,475 143639 WARNING cm-test-18.0 odoo.addons.numa_poly.models.poly: [poly] Removing non-existent column 'controller_page_ids' from ir.ui.view query during boot. 
2026-03-25 01:28:05,476 143639 WARNING cm-test-18.0 odoo.addons.numa_poly.models.poly: [poly] Removing non-existent column 'groups_id' from ir.ui.view query during boot. 
2026-03-25 01:28:05,484 143639 WARNING cm-test-18.0 odoo.addons.numa_poly.models.poly: [poly] Removing non-existent column 'controller_page_ids' from ir.ui.view query during boot. 
2026-03-25 01:28:05,484 143639 WARNING cm-test-18.0 odoo.addons.numa_poly.models.poly: [poly] Removing non-existent column 'groups_id' from ir.ui.view query during boot. 
2026-03-25 01:28:05,496 143639 WARNING cm-test-18.0 odoo.addons.numa_poly.models.poly: [poly] Removing non-existent column 'controller_page_ids' from ir.ui.view query during boot. 
2026-03-25 01:28:05,504 143639 WARNING cm-test-18.0 odoo.addons.numa_poly.models.poly: [poly] Removing non-existent column 'controller_page_ids' from ir.ui.view query during boot. 
2026-03-25 01:28:05,505 143639 WARNING cm-test-18.0 odoo.addons.numa_poly.models.poly: [poly] Removing non-existent column 'groups_id' from ir.ui.view query during boot. 
2026-03-25 01:28:05,517 143639 WARNING cm-test-18.0 odoo.addons.numa_poly.models.poly: [poly] Removing non-existent column 'controller_page_ids' from ir.ui.view query during boot. 
2026-03-25 01:28:05,518 143639 WARNING cm-test-18.0 odoo.addons.numa_poly.models.poly: [poly] Removing non-existent column 'groups_id' from ir.ui.view query during boot. 
2026-03-25 01:28:05,528 143639 WARNING cm-test-18.0 odoo.addons.numa_poly.models.poly: [poly] Removing non-existent column 'controller_page_ids' from ir.ui.view query during boot. 
2026-03-25 01:28:05,536 143639 WARNING cm-test-18.0 odoo.addons.numa_poly.models.poly: [poly] Removing non-existent column 'controller_page_ids' from ir.ui.view query during boot. 
2026-03-25 01:28:05,536 143639 WARNING cm-test-18.0 odoo.addons.numa_poly.models.poly: [poly] Removing non-existent column 'groups_id' from ir.ui.view query during boot. 
2026-03-25 01:28:05,542 143639 WARNING cm-test-18.0 odoo.addons.numa_poly.models.poly: [poly] Removing non-existent column 'controller_page_ids' from ir.ui.view query during boot. 
2026-03-25 01:28:05,548 143639 WARNING cm-test-18.0 odoo.addons.numa_poly.models.poly: [poly] Removing non-existent column 'controller_page_ids' from ir.ui.view query during boot. 
2026-03-25 01:28:05,549 143639 WARNING cm-test-18.0 odoo.addons.numa_poly.models.poly: [poly] Removing non-existent column 'groups_id' from ir.ui.view query during boot. 
2026-03-25 01:28:05,555 143639 WARNING cm-test-18.0 odoo.addons.numa_poly.models.poly: [poly] Removing non-existent column 'controller_page_ids' from ir.ui.view query during boot. 
2026-03-25 01:28:05,558 143639 WARNING cm-test-18.0 odoo.addons.numa_poly.models.poly: [poly] Removing non-existent column 'groups_id' from ir.ui.view query during boot. 
2026-03-25 01:28:05,566 143639 WARNING cm-test-18.0 odoo.addons.numa_poly.models.poly: [poly] Removing non-existent column 'controller_page_ids' from ir.ui.view query during boot. 
2026-03-25 01:28:05,567 143639 WARNING cm-test-18.0 odoo.addons.numa_poly.models.poly: [poly] Removing non-existent column 'groups_id' from ir.ui.view query during boot. 
2026-03-25 01:28:05,573 143639 WARNING cm-test-18.0 odoo.addons.numa_poly.models.poly: [poly] Removing non-existent column 'controller_page_ids' from ir.ui.view query during boot. 
2026-03-25 01:28:05,578 143639 WARNING cm-test-18.0 odoo.addons.numa_poly.models.poly: [poly] Removing non-existent column 'controller_page_ids' from ir.ui.view query during boot. 
2026-03-25 01:28:05,583 143639 WARNING cm-test-18.0 odoo.addons.numa_poly.models.poly: [poly] Removing non-existent column 'controller_page_ids' from ir.ui.view query during boot. 
2026-03-25 01:28:05,588 143639 WARNING cm-test-18.0 odoo.addons.numa_poly.models.poly: [poly] Removing non-existent column 'controller_page_ids' from ir.ui.view query during boot. 
2026-03-25 01:28:05,752 143639 WARNING cm-test-18.0 odoo.addons.numa_poly.models.poly: [poly] Removing non-existent column 'controller_page_ids' from ir.ui.view query during boot. 
2026-03-25 01:28:05,753 143639 WARNING cm-test-18.0 odoo.addons.numa_poly.models.poly: [poly] Removing non-existent column 'groups_id' from ir.ui.view query during boot. 
2026-03-25 01:28:05,764 143639 WARNING cm-test-18.0 odoo.addons.numa_poly.models.poly: [poly] Removing non-existent column 'controller_page_ids' from ir.ui.view query during boot. 
2026-03-25 01:28:05,765 143639 WARNING cm-test-18.0 odoo.addons.numa_poly.models.poly: [poly] Removing non-existent column 'groups_id' from ir.ui.view query during boot. 
2026-03-25 01:28:05,772 143639 WARNING cm-test-18.0 odoo.addons.numa_poly.models.poly: [poly] Removing non-existent column 'controller_page_ids' from ir.ui.view query during boot. 
2026-03-25 01:28:05,779 143639 WARNING cm-test-18.0 odoo.addons.numa_poly.models.poly: [poly] Removing non-existent column 'controller_page_ids' from ir.ui.view query during boot. 
2026-03-25 01:28:05,779 143639 WARNING cm-test-18.0 odoo.addons.numa_poly.models.poly: [poly] Removing non-existent column 'groups_id' from ir.ui.view query during boot. 
2026-03-25 01:28:05,785 143639 WARNING cm-test-18.0 odoo.addons.numa_poly.models.poly: [poly] Removing non-existent column 'controller_page_ids' from ir.ui.view query during boot. 
2026-03-25 01:28:05,790 143639 WARNING cm-test-18.0 odoo.addons.numa_poly.models.poly: [poly] Removing non-existent column 'controller_page_ids' from ir.ui.view query during boot. 
2026-03-25 01:28:05,806 143639 WARNING cm-test-18.0 odoo.addons.numa_poly.models.poly: [poly] Removing non-existent column 'controller_page_ids' from ir.ui.view query during boot. 
2026-03-25 01:28:05,813 143639 WARNING cm-test-18.0 odoo.addons.numa_poly.models.poly: [poly] Removing non-existent column 'controller_page_ids' from ir.ui.view query during boot. 
2026-03-25 01:28:05,814 143639 WARNING cm-test-18.0 odoo.addons.numa_poly.models.poly: [poly] Removing non-existent column 'groups_id' from ir.ui.view query during boot. 
2026-03-25 01:28:05,821 143639 WARNING cm-test-18.0 odoo.addons.numa_poly.models.poly: [poly] Removing non-existent column 'controller_page_ids' from ir.ui.view query during boot. 
2026-03-25 01:28:05,828 143639 WARNING cm-test-18.0 odoo.addons.numa_poly.models.poly: [poly] Removing non-existent column 'controller_page_ids' from ir.ui.view query during boot. 
2026-03-25 01:28:05,832 143639 WARNING cm-test-18.0 odoo.addons.numa_poly.models.poly: [poly] Removing non-existent column 'controller_page_ids' from ir.ui.view query during boot. 
2026-03-25 01:28:05,833 143639 WARNING cm-test-18.0 odoo.addons.numa_poly.models.poly: [poly] Removing non-existent column 'groups_id' from ir.ui.view query during boot. 
2026-03-25 01:28:05,838 143639 WARNING cm-test-18.0 odoo.addons.numa_poly.models.poly: [poly] Removing non-existent column 'controller_page_ids' from ir.ui.view query during boot. 
2026-03-25 01:28:05,839 143639 WARNING cm-test-18.0 odoo.addons.numa_poly.models.poly: [poly] Removing non-existent column 'groups_id' from ir.ui.view query during boot. 
2026-03-25 01:28:05,844 143639 WARNING cm-test-18.0 odoo.addons.numa_poly.models.poly: [poly] Removing non-existent column 'controller_page_ids' from ir.ui.view query during boot. 
2026-03-25 01:28:05,851 143639 WARNING cm-test-18.0 odoo.addons.numa_poly.models.poly: [poly] Removing non-existent column 'controller_page_ids' from ir.ui.view query during boot. 
2026-03-25 01:28:05,857 143639 WARNING cm-test-18.0 odoo.addons.numa_poly.models.poly: [poly] Removing non-existent column 'controller_page_ids' from ir.ui.view query during boot. 
2026-03-25 01:28:05,862 143639 WARNING cm-test-18.0 odoo.addons.numa_poly.models.poly: [poly] Removing non-existent column 'controller_page_ids' from ir.ui.view query during boot. 
2026-03-25 01:28:05,863 143639 WARNING cm-test-18.0 odoo.addons.numa_poly.models.poly: [poly] Removing non-existent column 'groups_id' from ir.ui.view query during boot. 
2026-03-25 01:28:05,868 143639 WARNING cm-test-18.0 odoo.addons.numa_poly.models.poly: [poly] Removing non-existent column 'controller_page_ids' from ir.ui.view query during boot. 
2026-03-25 01:28:05,946 143639 INFO cm-test-18.0 odoo.modules.loading: loading hr_expense/views/mail_activity_views.xml 
2026-03-25 01:28:05,956 143639 INFO cm-test-18.0 odoo.modules.loading: loading hr_expense/security/ir_rule.xml 
2026-03-25 01:28:05,966 143639 INFO cm-test-18.0 odoo.modules.loading: loading hr_expense/report/hr_expense_report.xml 
2026-03-25 01:28:05,987 143639 INFO cm-test-18.0 odoo.modules.loading: loading hr_expense/views/account_move_views.xml 
2026-03-25 01:28:05,997 143639 WARNING cm-test-18.0 odoo.addons.numa_poly.models.poly: [poly] Removing non-existent column 'controller_page_ids' from ir.ui.view query during boot. 
2026-03-25 01:28:05,998 143639 WARNING cm-test-18.0 odoo.addons.numa_poly.models.poly: [poly] Removing non-existent column 'groups_id' from ir.ui.view query during boot. 
2026-03-25 01:28:06,010 143639 INFO cm-test-18.0 odoo.modules.loading: loading hr_expense/views/account_payment_views.xml 
2026-03-25 01:28:06,015 143639 WARNING cm-test-18.0 odoo.addons.numa_poly.models.poly: [poly] Removing non-existent column 'controller_page_ids' from ir.ui.view query during boot. 
2026-03-25 01:28:06,016 143639 WARNING cm-test-18.0 odoo.addons.numa_poly.models.poly: [poly] Removing non-existent column 'groups_id' from ir.ui.view query during boot. 
2026-03-25 01:28:06,023 143639 INFO cm-test-18.0 odoo.modules.loading: loading hr_expense/views/hr_department_views.xml 
2026-03-25 01:28:06,027 143639 WARNING cm-test-18.0 odoo.addons.numa_poly.models.poly: [poly] Removing non-existent column 'controller_page_ids' from ir.ui.view query during boot. 
2026-03-25 01:28:06,028 143639 WARNING cm-test-18.0 odoo.addons.numa_poly.models.poly: [poly] Removing non-existent column 'groups_id' from ir.ui.view query during boot. 
2026-03-25 01:28:06,034 143639 INFO cm-test-18.0 odoo.modules.loading: loading hr_expense/views/res_config_settings_views.xml 
2026-03-25 01:28:06,038 143639 WARNING cm-test-18.0 odoo.addons.numa_poly.models.poly: [poly] Removing non-existent column 'controller_page_ids' from ir.ui.view query during boot. 
2026-03-25 01:28:06,039 143639 WARNING cm-test-18.0 odoo.addons.numa_poly.models.poly: [poly] Removing non-existent column 'groups_id' from ir.ui.view query during boot. 
2026-03-25 01:28:06,067 143639 INFO cm-test-18.0 odoo.modules.loading: Module hr_expense: loading demo 
2026-03-25 01:28:06,068 143639 INFO cm-test-18.0 odoo.modules.loading: loading hr_expense/data/hr_expense_demo.xml 
2026-03-25 01:28:06,094 143639 WARNING cm-test-18.0 odoo.addons.numa_poly.models.poly: [poly] Removing non-existent column 'dependencies_id' from ir.module.module query during boot. 
2026-03-25 01:28:06,094 143639 INFO cm-test-18.0 odoo.addons.base.models.ir_module: module hr_expense: loading translation file /home/gamarino/odoo/numa-public-odoo-18.0-numa/addons/hr_expense/i18n/es.po for language es_AR 
2026-03-25 01:28:06,095 143639 INFO cm-test-18.0 odoo.tools.translate: loading base translation file /home/gamarino/odoo/numa-public-odoo-18.0-numa/addons/hr_expense/i18n/es.po for language es_AR 
2026-03-25 01:28:06,117 143639 INFO cm-test-18.0 odoo.addons.base.models.ir_module: module hr_expense: loading translation file /home/gamarino/odoo/numa-public-odoo-18.0-numa/addons/hr_expense/i18n/es_419.po for language es_AR 
2026-03-25 01:28:06,117 143639 INFO cm-test-18.0 odoo.tools.translate: loading base translation file /home/gamarino/odoo/numa-public-odoo-18.0-numa/addons/hr_expense/i18n/es_419.po for language es_AR 
2026-03-25 01:28:06,226 143639 INFO cm-test-18.0 odoo.modules.loading: Module hr_expense loaded in 11.38s, 3062 queries (+3062 other) 
2026-03-25 01:28:06,226 143639 INFO cm-test-18.0 odoo.modules.loading: Loading module hr_fleet (91/211) 
2026-03-25 01:28:06,239 143639 INFO cm-test-18.0 odoo.addons.numa_poly.models.poly: [poly] Entering Phase 1: MRO Injection and attribute building 
2026-03-25 01:28:09,267 143639 INFO cm-test-18.0 odoo.addons.numa_poly.models.poly: [poly] Entering Phase 2: Final field stabilization and sanitization 
2026-03-25 01:28:09,413 143639 INFO cm-test-18.0 odoo.addons.numa_poly.models.poly: [poly] Entering Phase 1: MRO Injection and attribute building 
2026-03-25 01:28:12,629 143639 INFO cm-test-18.0 odoo.addons.numa_poly.models.poly: [poly] Entering Phase 2: Final field stabilization and sanitization 
2026-03-25 01:28:12,809 143639 INFO cm-test-18.0 odoo.addons.numa_poly.models.poly: [poly] Entering Phase 1: MRO Injection and attribute building 
2026-03-25 01:28:16,093 143639 INFO cm-test-18.0 odoo.addons.numa_poly.models.poly: [poly] Entering Phase 2: Final field stabilization and sanitization 
2026-03-25 01:28:16,233 143639 INFO cm-test-18.0 odoo.modules.registry: module hr_fleet: creating or updating database tables 
2026-03-25 01:28:16,463 143639 INFO cm-test-18.0 odoo.modules.loading: loading hr_fleet/security/ir.model.access.csv 
2026-03-25 01:28:16,478 143639 WARNING cm-test-18.0 odoo.addons.numa_poly.models.poly: [poly] Removing non-existent column 'flag_image' from res.lang query during boot. 
2026-03-25 01:28:16,484 143639 INFO cm-test-18.0 odoo.modules.loading: loading hr_fleet/security/hr_fleet_security.xml 
2026-03-25 01:28:16,488 143639 INFO cm-test-18.0 odoo.modules.loading: loading hr_fleet/views/employee_views.xml 
2026-03-25 01:28:16,493 143639 WARNING cm-test-18.0 odoo.addons.numa_poly.models.poly: [poly] Removing non-existent column 'controller_page_ids' from ir.ui.view query during boot. 
2026-03-25 01:28:16,495 143639 WARNING cm-test-18.0 odoo.addons.numa_poly.models.poly: [poly] Removing non-existent column 'groups_id' from ir.ui.view query during boot. 
2026-03-25 01:28:16,504 143639 WARNING cm-test-18.0 odoo.addons.numa_poly.models.poly: [poly] Removing non-existent column 'controller_page_ids' from ir.ui.view query during boot. 
2026-03-25 01:28:16,505 143639 WARNING cm-test-18.0 odoo.addons.numa_poly.models.poly: [poly] Removing non-existent column 'groups_id' from ir.ui.view query during boot. 
2026-03-25 01:28:16,518 143639 WARNING cm-test-18.0 odoo.addons.numa_poly.models.poly: [poly] Removing non-existent column 'controller_page_ids' from ir.ui.view query during boot. 
2026-03-25 01:28:16,519 143639 WARNING cm-test-18.0 odoo.addons.numa_poly.models.poly: [poly] Removing non-existent column 'groups_id' from ir.ui.view query during boot. 
2026-03-25 01:28:16,528 143639 INFO cm-test-18.0 odoo.modules.loading: loading hr_fleet/views/fleet_vehicle_views.xml 
2026-03-25 01:28:16,533 143639 WARNING cm-test-18.0 odoo.addons.numa_poly.models.poly: [poly] Removing non-existent column 'controller_page_ids' from ir.ui.view query during boot. 
2026-03-25 01:28:16,534 143639 WARNING cm-test-18.0 odoo.addons.numa_poly.models.poly: [poly] Removing non-existent column 'groups_id' from ir.ui.view query during boot. 
2026-03-25 01:28:16,541 143639 WARNING cm-test-18.0 odoo.addons.numa_poly.models.poly: [poly] Removing non-existent column 'controller_page_ids' from ir.ui.view query during boot. 
2026-03-25 01:28:16,542 143639 WARNING cm-test-18.0 odoo.addons.numa_poly.models.poly: [poly] Removing non-existent column 'groups_id' from ir.ui.view query during boot. 
2026-03-25 01:28:16,549 143639 WARNING cm-test-18.0 odoo.addons.numa_poly.models.poly: [poly] Removing non-existent column 'controller_page_ids' from ir.ui.view query during boot. 
2026-03-25 01:28:16,551 143639 WARNING cm-test-18.0 odoo.addons.numa_poly.models.poly: [poly] Removing non-existent column 'groups_id' from ir.ui.view query during boot. 
2026-03-25 01:28:16,560 143639 WARNING cm-test-18.0 odoo.addons.numa_poly.models.poly: [poly] Removing non-existent column 'controller_page_ids' from ir.ui.view query during boot. 
2026-03-25 01:28:16,561 143639 WARNING cm-test-18.0 odoo.addons.numa_poly.models.poly: [poly] Removing non-existent column 'groups_id' from ir.ui.view query during boot. 
2026-03-25 01:28:16,571 143639 WARNING cm-test-18.0 odoo.addons.numa_poly.models.poly: [poly] Removing non-existent column 'controller_page_ids' from ir.ui.view query during boot. 
2026-03-25 01:28:16,572 143639 WARNING cm-test-18.0 odoo.addons.numa_poly.models.poly: [poly] Removing non-existent column 'groups_id' from ir.ui.view query during boot. 
2026-03-25 01:28:16,582 143639 WARNING cm-test-18.0 odoo.addons.numa_poly.models.poly: [poly] Removing non-existent column 'controller_page_ids' from ir.ui.view query during boot. 
2026-03-25 01:28:16,583 143639 WARNING cm-test-18.0 odoo.addons.numa_poly.models.poly: [poly] Removing non-existent column 'groups_id' from ir.ui.view query during boot. 
2026-03-25 01:28:16,593 143639 WARNING cm-test-18.0 odoo.addons.numa_poly.models.poly: [poly] Removing non-existent column 'controller_page_ids' from ir.ui.view query during boot. 
2026-03-25 01:28:16,594 143639 WARNING cm-test-18.0 odoo.addons.numa_poly.models.poly: [poly] Removing non-existent column 'groups_id' from ir.ui.view query during boot. 
2026-03-25 01:28:16,600 143639 INFO cm-test-18.0 odoo.modules.loading: loading hr_fleet/views/fleet_vehicle_cost_views.xml 
2026-03-25 01:28:16,608 143639 WARNING cm-test-18.0 odoo.addons.numa_poly.models.poly: [poly] Removing non-existent column 'controller_page_ids' from ir.ui.view query during boot. 
2026-03-25 01:28:16,609 143639 WARNING cm-test-18.0 odoo.addons.numa_poly.models.poly: [poly] Removing non-existent column 'groups_id' from ir.ui.view query during boot. 
2026-03-25 01:28:16,620 143639 WARNING cm-test-18.0 odoo.addons.numa_poly.models.poly: [poly] Removing non-existent column 'controller_page_ids' from ir.ui.view query during boot. 
2026-03-25 01:28:16,621 143639 WARNING cm-test-18.0 odoo.addons.numa_poly.models.poly: [poly] Removing non-existent column 'groups_id' from ir.ui.view query during boot. 
2026-03-25 01:28:16,630 143639 WARNING cm-test-18.0 odoo.addons.numa_poly.models.poly: [poly] Removing non-existent column 'controller_page_ids' from ir.ui.view query during boot. 
2026-03-25 01:28:16,631 143639 WARNING cm-test-18.0 odoo.addons.numa_poly.models.poly: [poly] Removing non-existent column 'groups_id' from ir.ui.view query during boot. 
2026-03-25 01:28:16,639 143639 WARNING cm-test-18.0 odoo.addons.numa_poly.models.poly: [poly] Removing non-existent column 'controller_page_ids' from ir.ui.view query during boot. 
2026-03-25 01:28:16,639 143639 WARNING cm-test-18.0 odoo.addons.numa_poly.models.poly: [poly] Removing non-existent column 'groups_id' from ir.ui.view query during boot. 
2026-03-25 01:28:16,648 143639 WARNING cm-test-18.0 odoo.addons.numa_poly.models.poly: [poly] Removing non-existent column 'controller_page_ids' from ir.ui.view query during boot. 
2026-03-25 01:28:16,649 143639 WARNING cm-test-18.0 odoo.addons.numa_poly.models.poly: [poly] Removing non-existent column 'groups_id' from ir.ui.view query during boot. 
2026-03-25 01:28:16,656 143639 WARNING cm-test-18.0 odoo.addons.numa_poly.models.poly: [poly] Removing non-existent column 'controller_page_ids' from ir.ui.view query during boot. 
2026-03-25 01:28:16,657 143639 WARNING cm-test-18.0 odoo.addons.numa_poly.models.poly: [poly] Removing non-existent column 'groups_id' from ir.ui.view query during boot. 
2026-03-25 01:28:16,662 143639 INFO cm-test-18.0 odoo.modules.loading: loading hr_fleet/wizard/hr_departure_wizard_views.xml 
2026-03-25 01:28:16,670 143639 WARNING cm-test-18.0 odoo.addons.numa_poly.models.poly: [poly] Removing non-existent column 'controller_page_ids' from ir.ui.view query during boot. 
2026-03-25 01:28:16,671 143639 WARNING cm-test-18.0 odoo.addons.numa_poly.models.poly: [poly] Removing non-existent column 'groups_id' from ir.ui.view query during boot. 
2026-03-25 01:28:16,677 143639 INFO cm-test-18.0 odoo.modules.loading: loading hr_fleet/data/hr_fleet_data.xml 
2026-03-25 01:28:16,680 143639 INFO cm-test-18.0 odoo.modules.loading: Module hr_fleet: loading demo 
2026-03-25 01:28:16,680 143639 INFO cm-test-18.0 odoo.modules.loading: loading hr_fleet/data/hr_fleet_demo.xml 
2026-03-25 01:28:16,690 143639 WARNING cm-test-18.0 odoo.addons.numa_poly.models.poly: [poly] Removing non-existent column 'flag_image' from res.lang query during boot. 
2026-03-25 01:28:16,691 143639 WARNING cm-test-18.0 odoo.addons.numa_poly.models.poly: [poly] Removing non-existent column 'dependencies_id' from ir.module.module query during boot. 
2026-03-25 01:28:16,692 143639 INFO cm-test-18.0 odoo.addons.base.models.ir_module: module hr_fleet: loading translation file /home/gamarino/odoo/numa-public-odoo-18.0-numa/addons/hr_fleet/i18n/es.po for language es_AR 
2026-03-25 01:28:16,692 143639 INFO cm-test-18.0 odoo.tools.translate: loading base translation file /home/gamarino/odoo/numa-public-odoo-18.0-numa/addons/hr_fleet/i18n/es.po for language es_AR 
2026-03-25 01:28:16,695 143639 INFO cm-test-18.0 odoo.addons.base.models.ir_module: module hr_fleet: loading translation file /home/gamarino/odoo/numa-public-odoo-18.0-numa/addons/hr_fleet/i18n/es_419.po for language es_AR 
2026-03-25 01:28:16,695 143639 INFO cm-test-18.0 odoo.tools.translate: loading base translation file /home/gamarino/odoo/numa-public-odoo-18.0-numa/addons/hr_fleet/i18n/es_419.po for language es_AR 
2026-03-25 01:28:16,728 143639 INFO cm-test-18.0 odoo.modules.loading: Module hr_fleet loaded in 10.50s, 2105 queries (+2105 other) 
2026-03-25 01:28:16,728 143639 INFO cm-test-18.0 odoo.modules.loading: Loading module hr_holidays (92/211) 
2026-03-25 01:28:16,739 143639 INFO cm-test-18.0 odoo.addons.numa_poly.models.poly: [poly] Entering Phase 1: MRO Injection and attribute building 
2026-03-25 01:28:20,070 143639 INFO cm-test-18.0 odoo.addons.numa_poly.models.poly: [poly] Entering Phase 2: Final field stabilization and sanitization 
2026-03-25 01:28:20,234 143639 INFO cm-test-18.0 odoo.addons.numa_poly.models.poly: [poly] Entering Phase 1: MRO Injection and attribute building 
2026-03-25 01:28:23,317 143639 INFO cm-test-18.0 odoo.addons.numa_poly.models.poly: [poly] Entering Phase 2: Final field stabilization and sanitization 
2026-03-25 01:28:23,462 143639 INFO cm-test-18.0 odoo.addons.numa_poly.models.poly: [poly] Entering Phase 1: MRO Injection and attribute building 
2026-03-25 01:28:26,613 143639 INFO cm-test-18.0 odoo.addons.numa_poly.models.poly: [poly] Entering Phase 2: Final field stabilization and sanitization 
2026-03-25 01:28:27,039 143639 INFO cm-test-18.0 odoo.modules.registry: module hr_holidays: creating or updating database tables 
<string>:3: (WARNING/2) Title underline too short.

Manage time off requests and allocations
=====================================
2026-03-25 01:28:27,492 143639 INFO cm-test-18.0 odoo.modules.loading: loading hr_holidays/data/report_paperformat.xml 
2026-03-25 01:28:27,497 143639 INFO cm-test-18.0 odoo.modules.loading: loading hr_holidays/data/mail_activity_type_data.xml 
2026-03-25 01:28:27,501 143639 INFO cm-test-18.0 odoo.modules.loading: loading hr_holidays/data/mail_message_subtype_data.xml 
2026-03-25 01:28:27,507 143639 INFO cm-test-18.0 odoo.modules.loading: loading hr_holidays/data/hr_holidays_data.xml 
2026-03-25 01:28:27,589 143639 INFO cm-test-18.0 odoo.modules.loading: loading hr_holidays/data/ir_cron_data.xml 
2026-03-25 01:28:27,611 143639 INFO cm-test-18.0 odoo.modules.loading: loading hr_holidays/data/hr_holidays_tour.xml 
2026-03-25 01:28:27,617 143639 WARNING cm-test-18.0 odoo.addons.numa_poly.models.poly: [poly] Removing non-existent column 'flag_image' from res.lang query during boot. 
2026-03-25 01:28:27,619 143639 INFO cm-test-18.0 odoo.modules.loading: loading hr_holidays/security/hr_holidays_security.xml 
2026-03-25 01:28:27,625 143639 WARNING cm-test-18.0 odoo.addons.numa_poly.models.poly: [poly] Removing non-existent column 'implied_ids' from res.groups query during boot. 
2026-03-25 01:28:27,639 143639 WARNING cm-test-18.0 odoo.addons.numa_poly.models.poly: [poly] Removing non-existent column 'users' from res.groups query during boot. 
2026-03-25 01:28:27,643 143639 WARNING cm-test-18.0 odoo.addons.numa_poly.models.poly: [poly] Removing non-existent column 'users' from res.groups query during boot. 
2026-03-25 01:28:27,658 143639 WARNING cm-test-18.0 odoo.addons.numa_poly.models.poly: [poly] Removing non-existent column 'implied_ids' from res.groups query during boot. 
2026-03-25 01:28:27,664 143639 WARNING cm-test-18.0 odoo.addons.numa_poly.models.poly: [poly] Removing non-existent column 'users' from res.groups query during boot. 
2026-03-25 01:28:27,665 143639 WARNING cm-test-18.0 odoo.addons.numa_poly.models.poly: [poly] Removing non-existent column 'users' from res.groups query during boot. 
2026-03-25 01:28:27,678 143639 WARNING cm-test-18.0 odoo.addons.numa_poly.models.poly: [poly] Removing non-existent column 'implied_ids' from res.groups query during boot. 
2026-03-25 01:28:27,684 143639 WARNING cm-test-18.0 odoo.addons.numa_poly.models.poly: [poly] Removing non-existent column 'users' from res.groups query during boot. 
2026-03-25 01:28:27,687 143639 WARNING cm-test-18.0 odoo.addons.numa_poly.models.poly: [poly] Removing non-existent column 'users' from res.groups query during boot. 
2026-03-25 01:28:27,688 143639 WARNING cm-test-18.0 odoo.addons.numa_poly.models.poly: [poly] Removing non-existent column 'users' from res.groups query during boot. 
2026-03-25 01:28:27,716 143639 INFO cm-test-18.0 odoo.modules.loading: loading hr_holidays/security/ir.model.access.csv 
2026-03-25 01:28:27,717 143639 WARNING cm-test-18.0 odoo.addons.numa_poly.models.poly: [poly] Removing non-existent column 'groups_id' from res.users query during boot. 
2026-03-25 01:28:27,728 143639 WARNING cm-test-18.0 odoo.addons.numa_poly.models.poly: [poly] Removing non-existent column 'flag_image' from res.lang query during boot. 
2026-03-25 01:28:27,765 143639 INFO cm-test-18.0 odoo.modules.loading: loading hr_holidays/views/resource_views.xml 
2026-03-25 01:28:27,770 143639 WARNING cm-test-18.0 odoo.addons.numa_poly.models.poly: [poly] Removing non-existent column 'controller_page_ids' from ir.ui.view query during boot. 
2026-03-25 01:28:27,771 143639 WARNING cm-test-18.0 odoo.addons.numa_poly.models.poly: [poly] Removing non-existent column 'groups_id' from ir.ui.view query during boot. 
2026-03-25 01:28:27,778 143639 WARNING cm-test-18.0 odoo.addons.numa_poly.models.poly: [poly] Removing non-existent column 'controller_page_ids' from ir.ui.view query during boot. 
2026-03-25 01:28:27,779 143639 WARNING cm-test-18.0 odoo.addons.numa_poly.models.poly: [poly] Removing non-existent column 'groups_id' from ir.ui.view query during boot. 
2026-03-25 01:28:27,784 143639 WARNING cm-test-18.0 odoo.addons.numa_poly.models.poly: [poly] Removing non-existent column 'controller_page_ids' from ir.ui.view query during boot. 
2026-03-25 01:28:27,785 143639 WARNING cm-test-18.0 odoo.addons.numa_poly.models.poly: [poly] Removing non-existent column 'groups_id' from ir.ui.view query during boot. 
2026-03-25 01:28:27,940 143639 WARNING cm-test-18.0 odoo.addons.numa_poly.models.poly: [poly] Removing non-existent column 'controller_page_ids' from ir.ui.view query during boot. 
2026-03-25 01:28:27,941 143639 WARNING cm-test-18.0 odoo.addons.numa_poly.models.poly: [poly] Removing non-existent column 'groups_id' from ir.ui.view query during boot. 
2026-03-25 01:28:27,949 143639 INFO cm-test-18.0 odoo.modules.loading: loading hr_holidays/views/hr_leave_views.xml 
2026-03-25 01:28:27,966 143639 WARNING cm-test-18.0 odoo.addons.numa_poly.models.poly: [poly] Removing non-existent column 'controller_page_ids' from ir.ui.view query during boot. 
2026-03-25 01:28:27,972 143639 WARNING cm-test-18.0 odoo.addons.numa_poly.models.poly: [poly] Removing non-existent column 'controller_page_ids' from ir.ui.view query during boot. 
2026-03-25 01:28:27,978 143639 WARNING cm-test-18.0 odoo.addons.numa_poly.models.poly: [poly] Removing non-existent column 'controller_page_ids' from ir.ui.view query during boot. 
2026-03-25 01:28:27,984 143639 WARNING cm-test-18.0 odoo.addons.numa_poly.models.poly: [poly] Removing non-existent column 'controller_page_ids' from ir.ui.view query during boot. 
2026-03-25 01:28:27,985 143639 WARNING cm-test-18.0 odoo.addons.numa_poly.models.poly: [poly] Removing non-existent column 'groups_id' from ir.ui.view query during boot. 
2026-03-25 01:28:27,991 143639 WARNING cm-test-18.0 odoo.addons.numa_poly.models.poly: [poly] Removing non-existent column 'controller_page_ids' from ir.ui.view query during boot. 
2026-03-25 01:28:28,000 143639 WARNING cm-test-18.0 odoo.addons.numa_poly.models.poly: [poly] Removing non-existent column 'controller_page_ids' from ir.ui.view query during boot. 
2026-03-25 01:28:28,006 143639 WARNING cm-test-18.0 odoo.addons.numa_poly.models.poly: [poly] Removing non-existent column 'controller_page_ids' from ir.ui.view query during boot. 
2026-03-25 01:28:28,007 143639 WARNING cm-test-18.0 odoo.addons.numa_poly.models.poly: [poly] Removing non-existent column 'groups_id' from ir.ui.view query during boot. 
2026-03-25 01:28:28,014 143639 WARNING cm-test-18.0 odoo.addons.numa_poly.models.poly: [poly] Removing non-existent column 'controller_page_ids' from ir.ui.view query during boot. 
2026-03-25 01:28:28,015 143639 WARNING cm-test-18.0 odoo.addons.numa_poly.models.poly: [poly] Removing non-existent column 'groups_id' from ir.ui.view query during boot. 
2026-03-25 01:28:28,022 143639 WARNING cm-test-18.0 odoo.addons.numa_poly.models.poly: [poly] Removing non-existent column 'controller_page_ids' from ir.ui.view query during boot. 
2026-03-25 01:28:28,036 143639 WARNING cm-test-18.0 odoo.addons.numa_poly.models.poly: [poly] Removing non-existent column 'controller_page_ids' from ir.ui.view query during boot. 
2026-03-25 01:28:28,053 143639 WARNING cm-test-18.0 odoo.addons.numa_poly.models.poly: [poly] Removing non-existent column 'controller_page_ids' from ir.ui.view query during boot. 
2026-03-25 01:28:28,054 143639 WARNING cm-test-18.0 odoo.addons.numa_poly.models.poly: [poly] Removing non-existent column 'groups_id' from ir.ui.view query during boot. 
2026-03-25 01:28:28,062 143639 WARNING cm-test-18.0 odoo.addons.numa_poly.models.poly: [poly] Removing non-existent column 'controller_page_ids' from ir.ui.view query during boot. 
2026-03-25 01:28:28,071 143639 WARNING cm-test-18.0 odoo.addons.numa_poly.models.poly: [poly] Removing non-existent column 'controller_page_ids' from ir.ui.view query during boot. 
2026-03-25 01:28:28,077 143639 WARNING cm-test-18.0 odoo.addons.numa_poly.models.poly: [poly] Removing non-existent column 'controller_page_ids' from ir.ui.view query during boot. 
2026-03-25 01:28:28,078 143639 WARNING cm-test-18.0 odoo.addons.numa_poly.models.poly: [poly] Removing non-existent column 'groups_id' from ir.ui.view query during boot. 
2026-03-25 01:28:28,085 143639 WARNING cm-test-18.0 odoo.addons.numa_poly.models.poly: [poly] Removing non-existent column 'controller_page_ids' from ir.ui.view query during boot. 
2026-03-25 01:28:28,086 143639 WARNING cm-test-18.0 odoo.addons.numa_poly.models.poly: [poly] Removing non-existent column 'groups_id' from ir.ui.view query during boot. 
2026-03-25 01:28:28,096 143639 WARNING cm-test-18.0 odoo.addons.numa_poly.models.poly: [poly] Removing non-existent column 'controller_page_ids' from ir.ui.view query during boot. 
2026-03-25 01:28:28,098 143639 WARNING cm-test-18.0 odoo.addons.numa_poly.models.poly: [poly] Removing non-existent column 'groups_id' from ir.ui.view query during boot. 
2026-03-25 01:28:28,105 143639 WARNING cm-test-18.0 odoo.addons.numa_poly.models.poly: [poly] Removing non-existent column 'controller_page_ids' from ir.ui.view query during boot. 
2026-03-25 01:28:28,106 143639 WARNING cm-test-18.0 odoo.addons.numa_poly.models.poly: [poly] Removing non-existent column 'groups_id' from ir.ui.view query during boot. 
2026-03-25 01:28:28,115 143639 WARNING cm-test-18.0 odoo.addons.numa_poly.models.poly: [poly] Removing non-existent column 'flag_image' from res.lang query during boot. 
2026-03-25 01:28:28,132 143639 WARNING cm-test-18.0 odoo.addons.numa_poly.models.poly: [poly] Removing non-existent column 'controller_page_ids' from ir.ui.view query during boot. 
2026-03-25 01:28:28,133 143639 WARNING cm-test-18.0 odoo.addons.numa_poly.models.poly: [poly] Removing non-existent column 'groups_id' from ir.ui.view query during boot. 
2026-03-25 01:28:28,158 143639 INFO cm-test-18.0 odoo.models.unlink: User #1 deleted ir.model.data records with IDs: [16521846, 16521845] 
2026-03-25 01:28:28,161 143639 INFO cm-test-18.0 odoo.models.unlink: User #1 deleted ir.poly_base records with IDs: [16521846, 16521845] 
2026-03-25 01:28:28,161 143639 INFO cm-test-18.0 odoo.models.unlink: User #1 deleted ir.actions.act_window.view records with IDs: [9564, 9565, 9563] 
2026-03-25 01:28:28,164 143639 INFO cm-test-18.0 odoo.models.unlink: User #1 deleted ir.poly_base records with IDs: [9564, 9565, 9563] 
2026-03-25 01:28:28,176 143639 WARNING cm-test-18.0 odoo.addons.numa_poly.models.poly: [poly] Removing non-existent column 'flag_image' from res.lang query during boot. 
2026-03-25 01:28:28,195 143639 WARNING cm-test-18.0 odoo.addons.numa_poly.models.poly: [poly] Removing non-existent column 'controller_page_ids' from ir.ui.view query during boot. 
2026-03-25 01:28:28,201 143639 WARNING cm-test-18.0 odoo.addons.numa_poly.models.poly: [poly] Removing non-existent column 'controller_page_ids' from ir.ui.view query during boot. 
2026-03-25 01:28:28,206 143639 WARNING cm-test-18.0 odoo.addons.numa_poly.models.poly: [poly] Removing non-existent column 'controller_page_ids' from ir.ui.view query during boot. 
2026-03-25 01:28:28,217 143639 INFO cm-test-18.0 odoo.modules.loading: loading hr_holidays/views/hr_leave_type_views.xml 
2026-03-25 01:28:28,232 143639 WARNING cm-test-18.0 odoo.addons.numa_poly.models.poly: [poly] Removing non-existent column 'controller_page_ids' from ir.ui.view query during boot. 
2026-03-25 01:28:28,240 143639 WARNING cm-test-18.0 odoo.addons.numa_poly.models.poly: [poly] Removing non-existent column 'controller_page_ids' from ir.ui.view query during boot. 
2026-03-25 01:28:28,247 143639 WARNING cm-test-18.0 odoo.addons.numa_poly.models.poly: [poly] Removing non-existent column 'controller_page_ids' from ir.ui.view query during boot. 
2026-03-25 01:28:28,254 143639 WARNING cm-test-18.0 odoo.addons.numa_poly.models.poly: [poly] Removing non-existent column 'controller_page_ids' from ir.ui.view query during boot. 
2026-03-25 01:28:28,261 143639 INFO cm-test-18.0 odoo.modules.loading: loading hr_holidays/views/hr_leave_allocation_views.xml 
2026-03-25 01:28:28,267 143639 WARNING cm-test-18.0 odoo.addons.numa_poly.models.poly: [poly] Removing non-existent column 'controller_page_ids' from ir.ui.view query during boot. 
2026-03-25 01:28:28,275 143639 WARNING cm-test-18.0 odoo.addons.numa_poly.models.poly: [poly] Removing non-existent column 'controller_page_ids' from ir.ui.view query during boot. 
2026-03-25 01:28:28,285 143639 WARNING cm-test-18.0 odoo.addons.numa_poly.models.poly: [poly] Removing non-existent column 'controller_page_ids' from ir.ui.view query during boot. 
2026-03-25 01:28:28,286 143639 WARNING cm-test-18.0 odoo.addons.numa_poly.models.poly: [poly] Removing non-existent column 'groups_id' from ir.ui.view query during boot. 
2026-03-25 01:28:28,294 143639 WARNING cm-test-18.0 odoo.addons.numa_poly.models.poly: [poly] Removing non-existent column 'controller_page_ids' from ir.ui.view query during boot. 
2026-03-25 01:28:28,295 143639 WARNING cm-test-18.0 odoo.addons.numa_poly.models.poly: [poly] Removing non-existent column 'groups_id' from ir.ui.view query during boot. 
2026-03-25 01:28:28,300 143639 WARNING cm-test-18.0 odoo.addons.numa_poly.models.poly: [poly] Removing non-existent column 'controller_page_ids' from ir.ui.view query during boot. 
2026-03-25 01:28:28,301 143639 WARNING cm-test-18.0 odoo.addons.numa_poly.models.poly: [poly] Removing non-existent column 'groups_id' from ir.ui.view query during boot. 
2026-03-25 01:28:28,308 143639 WARNING cm-test-18.0 odoo.addons.numa_poly.models.poly: [poly] Removing non-existent column 'controller_page_ids' from ir.ui.view query during boot. 
2026-03-25 01:28:28,313 143639 WARNING cm-test-18.0 odoo.addons.numa_poly.models.poly: [poly] Removing non-existent column 'controller_page_ids' from ir.ui.view query during boot. 
2026-03-25 01:28:28,314 143639 WARNING cm-test-18.0 odoo.addons.numa_poly.models.poly: [poly] Removing non-existent column 'groups_id' from ir.ui.view query during boot. 
2026-03-25 01:28:28,320 143639 WARNING cm-test-18.0 odoo.addons.numa_poly.models.poly: [poly] Removing non-existent column 'controller_page_ids' from ir.ui.view query during boot. 
2026-03-25 01:28:28,321 143639 WARNING cm-test-18.0 odoo.addons.numa_poly.models.poly: [poly] Removing non-existent column 'groups_id' from ir.ui.view query during boot. 
2026-03-25 01:28:28,329 143639 WARNING cm-test-18.0 odoo.addons.numa_poly.models.poly: [poly] Removing non-existent column 'controller_page_ids' from ir.ui.view query during boot. 
2026-03-25 01:28:28,331 143639 WARNING cm-test-18.0 odoo.addons.numa_poly.models.poly: [poly] Removing non-existent column 'groups_id' from ir.ui.view query during boot. 
2026-03-25 01:28:28,339 143639 WARNING cm-test-18.0 odoo.addons.numa_poly.models.poly: [poly] Removing non-existent column 'controller_page_ids' from ir.ui.view query during boot. 
2026-03-25 01:28:28,346 143639 WARNING cm-test-18.0 odoo.addons.numa_poly.models.poly: [poly] Removing non-existent column 'controller_page_ids' from ir.ui.view query during boot. 
2026-03-25 01:28:28,373 143639 INFO cm-test-18.0 odoo.modules.loading: loading hr_holidays/views/hr_leave_accrual_views.xml 
2026-03-25 01:28:28,381 143639 WARNING cm-test-18.0 odoo.addons.numa_poly.models.poly: [poly] Removing non-existent column 'controller_page_ids' from ir.ui.view query during boot. 
2026-03-25 01:28:28,389 143639 WARNING cm-test-18.0 odoo.addons.numa_poly.models.poly: [poly] Removing non-existent column 'controller_page_ids' from ir.ui.view query during boot. 
2026-03-25 01:28:28,395 143639 WARNING cm-test-18.0 odoo.addons.numa_poly.models.poly: [poly] Removing non-existent column 'controller_page_ids' from ir.ui.view query during boot. 
2026-03-25 01:28:28,402 143639 WARNING cm-test-18.0 odoo.addons.numa_poly.models.poly: [poly] Removing non-existent column 'controller_page_ids' from ir.ui.view query during boot. 
2026-03-25 01:28:28,409 143639 INFO cm-test-18.0 odoo.modules.loading: loading hr_holidays/views/hr_leave_mandatory_day_views.xml 
2026-03-25 01:28:28,413 143639 WARNING cm-test-18.0 odoo.addons.numa_poly.models.poly: [poly] Removing non-existent column 'controller_page_ids' from ir.ui.view query during boot. 
2026-03-25 01:28:28,421 143639 WARNING cm-test-18.0 odoo.addons.numa_poly.models.poly: [poly] Removing non-existent column 'controller_page_ids' from ir.ui.view query during boot. 
2026-03-25 01:28:28,430 143639 WARNING cm-test-18.0 odoo.addons.numa_poly.models.poly: [poly] Removing non-existent column 'controller_page_ids' from ir.ui.view query during boot. 
2026-03-25 01:28:28,437 143639 INFO cm-test-18.0 odoo.modules.loading: loading hr_holidays/views/mail_activity_views.xml 
2026-03-25 01:28:28,445 143639 INFO cm-test-18.0 odoo.modules.loading: loading hr_holidays/views/calendar_views.xml 
2026-03-25 01:28:28,450 143639 WARNING cm-test-18.0 odoo.addons.numa_poly.models.poly: [poly] Removing non-existent column 'controller_page_ids' from ir.ui.view query during boot. 
2026-03-25 01:28:28,451 143639 WARNING cm-test-18.0 odoo.addons.numa_poly.models.poly: [poly] Removing non-existent column 'groups_id' from ir.ui.view query during boot. 
2026-03-25 01:28:28,459 143639 INFO cm-test-18.0 odoo.modules.loading: loading hr_holidays/wizard/hr_holidays_cancel_leave_views.xml 
2026-03-25 01:28:28,464 143639 WARNING cm-test-18.0 odoo.addons.numa_poly.models.poly: [poly] Removing non-existent column 'controller_page_ids' from ir.ui.view query during boot. 
2026-03-25 01:28:28,468 143639 INFO cm-test-18.0 odoo.modules.loading: loading hr_holidays/wizard/hr_holidays_summary_employees_views.xml 
2026-03-25 01:28:28,476 143639 WARNING cm-test-18.0 odoo.addons.numa_poly.models.poly: [poly] Removing non-existent column 'controller_page_ids' from ir.ui.view query during boot. 
2026-03-25 01:28:28,482 143639 INFO cm-test-18.0 odoo.modules.loading: loading hr_holidays/wizard/hr_leave_generate_multi_wizard_views.xml 
2026-03-25 01:28:28,487 143639 WARNING cm-test-18.0 odoo.addons.numa_poly.models.poly: [poly] Removing non-existent column 'controller_page_ids' from ir.ui.view query during boot. 
2026-03-25 01:28:28,494 143639 INFO cm-test-18.0 odoo.modules.loading: loading hr_holidays/wizard/hr_leave_allocation_generate_multi_wizard_views.xml 
2026-03-25 01:28:28,500 143639 WARNING cm-test-18.0 odoo.addons.numa_poly.models.poly: [poly] Removing non-existent column 'controller_page_ids' from ir.ui.view query during boot. 
2026-03-25 01:28:28,506 143639 INFO cm-test-18.0 odoo.modules.loading: loading hr_holidays/report/hr_holidays_templates.xml 
2026-03-25 01:28:28,521 143639 INFO cm-test-18.0 odoo.modules.loading: loading hr_holidays/report/hr_holidays_reports.xml 
2026-03-25 01:28:28,529 143639 INFO cm-test-18.0 odoo.modules.loading: loading hr_holidays/report/hr_leave_reports.xml 
2026-03-25 01:28:28,535 143639 WARNING cm-test-18.0 odoo.addons.numa_poly.models.poly: [poly] Removing non-existent column 'controller_page_ids' from ir.ui.view query during boot. 
2026-03-25 01:28:28,541 143639 WARNING cm-test-18.0 odoo.addons.numa_poly.models.poly: [poly] Removing non-existent column 'controller_page_ids' from ir.ui.view query during boot. 
2026-03-25 01:28:28,548 143639 WARNING cm-test-18.0 odoo.addons.numa_poly.models.poly: [poly] Removing non-existent column 'controller_page_ids' from ir.ui.view query during boot. 
2026-03-25 01:28:28,557 143639 WARNING cm-test-18.0 odoo.addons.numa_poly.models.poly: [poly] Removing non-existent column 'controller_page_ids' from ir.ui.view query during boot. 
2026-03-25 01:28:28,576 143639 INFO cm-test-18.0 odoo.modules.loading: loading hr_holidays/report/hr_leave_report_calendar.xml 
2026-03-25 01:28:28,584 143639 WARNING cm-test-18.0 odoo.addons.numa_poly.models.poly: [poly] Removing non-existent column 'controller_page_ids' from ir.ui.view query during boot. 
2026-03-25 01:28:28,593 143639 WARNING cm-test-18.0 odoo.addons.numa_poly.models.poly: [poly] Removing non-existent column 'controller_page_ids' from ir.ui.view query during boot. 
2026-03-25 01:28:28,603 143639 WARNING cm-test-18.0 odoo.addons.numa_poly.models.poly: [poly] Removing non-existent column 'controller_page_ids' from ir.ui.view query during boot. 
2026-03-25 01:28:28,617 143639 INFO cm-test-18.0 odoo.modules.loading: loading hr_holidays/report/hr_leave_employee_type_report.xml 
2026-03-25 01:28:28,623 143639 WARNING cm-test-18.0 odoo.addons.numa_poly.models.poly: [poly] Removing non-existent column 'controller_page_ids' from ir.ui.view query during boot. 
2026-03-25 01:28:28,630 143639 WARNING cm-test-18.0 odoo.addons.numa_poly.models.poly: [poly] Removing non-existent column 'controller_page_ids' from ir.ui.view query during boot. 
2026-03-25 01:28:28,638 143639 INFO cm-test-18.0 odoo.modules.loading: loading hr_holidays/views/hr_views.xml 
2026-03-25 01:28:28,648 143639 WARNING cm-test-18.0 odoo.addons.numa_poly.models.poly: [poly] Removing non-existent column 'controller_page_ids' from ir.ui.view query during boot. 
2026-03-25 01:28:28,649 143639 WARNING cm-test-18.0 odoo.addons.numa_poly.models.poly: [poly] Removing non-existent column 'groups_id' from ir.ui.view query during boot. 
2026-03-25 01:28:28,662 143639 WARNING cm-test-18.0 odoo.addons.numa_poly.models.poly: [poly] Removing non-existent column 'controller_page_ids' from ir.ui.view query during boot. 
2026-03-25 01:28:28,663 143639 WARNING cm-test-18.0 odoo.addons.numa_poly.models.poly: [poly] Removing non-existent column 'groups_id' from ir.ui.view query during boot. 
2026-03-25 01:28:28,673 143639 WARNING cm-test-18.0 odoo.addons.numa_poly.models.poly: [poly] Removing non-existent column 'controller_page_ids' from ir.ui.view query during boot. 
2026-03-25 01:28:28,674 143639 WARNING cm-test-18.0 odoo.addons.numa_poly.models.poly: [poly] Removing non-existent column 'groups_id' from ir.ui.view query during boot. 
2026-03-25 01:28:28,682 143639 WARNING cm-test-18.0 odoo.addons.numa_poly.models.poly: [poly] Removing non-existent column 'controller_page_ids' from ir.ui.view query during boot. 
2026-03-25 01:28:28,683 143639 WARNING cm-test-18.0 odoo.addons.numa_poly.models.poly: [poly] Removing non-existent column 'groups_id' from ir.ui.view query during boot. 
2026-03-25 01:28:28,690 143639 WARNING cm-test-18.0 odoo.addons.numa_poly.models.poly: [poly] Removing non-existent column 'controller_page_ids' from ir.ui.view query during boot. 
2026-03-25 01:28:28,690 143639 WARNING cm-test-18.0 odoo.addons.numa_poly.models.poly: [poly] Removing non-existent column 'groups_id' from ir.ui.view query during boot. 
2026-03-25 01:28:28,704 143639 WARNING cm-test-18.0 odoo.addons.numa_poly.models.poly: [poly] Removing non-existent column 'controller_page_ids' from ir.ui.view query during boot. 
2026-03-25 01:28:28,705 143639 WARNING cm-test-18.0 odoo.addons.numa_poly.models.poly: [poly] Removing non-existent column 'groups_id' from ir.ui.view query during boot. 
2026-03-25 01:28:28,715 143639 WARNING cm-test-18.0 odoo.addons.numa_poly.models.poly: [poly] Removing non-existent column 'controller_page_ids' from ir.ui.view query during boot. 
2026-03-25 01:28:28,716 143639 WARNING cm-test-18.0 odoo.addons.numa_poly.models.poly: [poly] Removing non-existent column 'groups_id' from ir.ui.view query during boot. 
2026-03-25 01:28:28,726 143639 WARNING cm-test-18.0 odoo.addons.numa_poly.models.poly: [poly] Removing non-existent column 'controller_page_ids' from ir.ui.view query during boot. 
2026-03-25 01:28:28,727 143639 WARNING cm-test-18.0 odoo.addons.numa_poly.models.poly: [poly] Removing non-existent column 'groups_id' from ir.ui.view query during boot. 
2026-03-25 01:28:28,740 143639 INFO cm-test-18.0 odoo.modules.loading: loading hr_holidays/views/hr_holidays_views.xml 
2026-03-25 01:28:28,840 143639 INFO cm-test-18.0 odoo.modules.loading: Module hr_holidays: loading demo 
2026-03-25 01:28:28,840 143639 INFO cm-test-18.0 odoo.modules.loading: loading hr_holidays/data/hr_holidays_demo.xml 
2026-03-25 01:28:28,881 143639 WARNING cm-test-18.0 odoo.addons.numa_poly.models.poly: [poly] Removing non-existent column 'dependencies_id' from ir.module.module query during boot. 
2026-03-25 01:28:28,882 143639 INFO cm-test-18.0 odoo.addons.base.models.ir_module: module hr_holidays: loading translation file /home/gamarino/odoo/numa-public-odoo-18.0-numa/addons/hr_holidays/i18n/es.po for language es_AR 
2026-03-25 01:28:28,882 143639 INFO cm-test-18.0 odoo.tools.translate: loading base translation file /home/gamarino/odoo/numa-public-odoo-18.0-numa/addons/hr_holidays/i18n/es.po for language es_AR 
2026-03-25 01:28:28,919 143639 INFO cm-test-18.0 odoo.addons.base.models.ir_module: module hr_holidays: loading translation file /home/gamarino/odoo/numa-public-odoo-18.0-numa/addons/hr_holidays/i18n/es_419.po for language es_AR 
2026-03-25 01:28:28,919 143639 INFO cm-test-18.0 odoo.tools.translate: loading base translation file /home/gamarino/odoo/numa-public-odoo-18.0-numa/addons/hr_holidays/i18n/es_419.po for language es_AR 
2026-03-25 01:28:29,104 143639 INFO cm-test-18.0 odoo.modules.loading: Module hr_holidays loaded in 12.38s, 3687 queries (+3687 other) 
2026-03-25 01:28:29,105 143639 INFO cm-test-18.0 odoo.modules.loading: Loading module hr_hourly_cost (93/211) 
2026-03-25 01:28:29,117 143639 INFO cm-test-18.0 odoo.addons.numa_poly.models.poly: [poly] Entering Phase 1: MRO Injection and attribute building 
2026-03-25 01:28:32,355 143639 INFO cm-test-18.0 odoo.addons.numa_poly.models.poly: [poly] Entering Phase 2: Final field stabilization and sanitization 
2026-03-25 01:28:32,503 143639 INFO cm-test-18.0 odoo.addons.numa_poly.models.poly: [poly] Entering Phase 1: MRO Injection and attribute building 
2026-03-25 01:28:35,781 143639 INFO cm-test-18.0 odoo.addons.numa_poly.models.poly: [poly] Entering Phase 2: Final field stabilization and sanitization 
2026-03-25 01:28:35,984 143639 INFO cm-test-18.0 odoo.addons.numa_poly.models.poly: [poly] Entering Phase 1: MRO Injection and attribute building 
2026-03-25 01:28:39,176 143639 INFO cm-test-18.0 odoo.addons.numa_poly.models.poly: [poly] Entering Phase 2: Final field stabilization and sanitization 
2026-03-25 01:28:39,323 143639 INFO cm-test-18.0 odoo.modules.registry: module hr_hourly_cost: creating or updating database tables 
2026-03-25 01:28:39,644 143639 INFO cm-test-18.0 odoo.modules.loading: loading hr_hourly_cost/views/hr_employee_views.xml 
2026-03-25 01:28:39,663 143639 WARNING cm-test-18.0 odoo.addons.numa_poly.models.poly: [poly] Removing non-existent column 'controller_page_ids' from ir.ui.view query during boot. 
2026-03-25 01:28:39,665 143639 WARNING cm-test-18.0 odoo.addons.numa_poly.models.poly: [poly] Removing non-existent column 'groups_id' from ir.ui.view query during boot. 
2026-03-25 01:28:39,674 143639 INFO cm-test-18.0 odoo.modules.loading: Module hr_hourly_cost: loading demo 
2026-03-25 01:28:39,675 143639 INFO cm-test-18.0 odoo.modules.loading: loading hr_hourly_cost/data/hr_hourly_cost_demo.xml 
2026-03-25 01:28:39,710 143639 WARNING cm-test-18.0 odoo.addons.numa_poly.models.poly: [poly] Removing non-existent column 'flag_image' from res.lang query during boot. 
2026-03-25 01:28:39,710 143639 WARNING cm-test-18.0 odoo.addons.numa_poly.models.poly: [poly] Removing non-existent column 'dependencies_id' from ir.module.module query during boot. 
2026-03-25 01:28:39,711 143639 INFO cm-test-18.0 odoo.addons.base.models.ir_module: module hr_hourly_cost: loading translation file /home/gamarino/odoo/numa-public-odoo-18.0-numa/addons/hr_hourly_cost/i18n/es.po for language es_AR 
2026-03-25 01:28:39,711 143639 INFO cm-test-18.0 odoo.tools.translate: loading base translation file /home/gamarino/odoo/numa-public-odoo-18.0-numa/addons/hr_hourly_cost/i18n/es.po for language es_AR 
2026-03-25 01:28:39,713 143639 INFO cm-test-18.0 odoo.addons.base.models.ir_module: module hr_hourly_cost: loading translation file /home/gamarino/odoo/numa-public-odoo-18.0-numa/addons/hr_hourly_cost/i18n/es_419.po for language es_AR 
2026-03-25 01:28:39,713 143639 INFO cm-test-18.0 odoo.tools.translate: loading base translation file /home/gamarino/odoo/numa-public-odoo-18.0-numa/addons/hr_hourly_cost/i18n/es_419.po for language es_AR 
2026-03-25 01:28:39,738 143639 INFO cm-test-18.0 odoo.modules.loading: Module hr_hourly_cost loaded in 10.63s, 1913 queries (+1913 other) 
2026-03-25 01:28:39,739 143639 INFO cm-test-18.0 odoo.modules.loading: Loading module hr_org_chart (94/211) 
2026-03-25 01:28:39,754 143639 INFO cm-test-18.0 odoo.addons.numa_poly.models.poly: [poly] Entering Phase 1: MRO Injection and attribute building 
2026-03-25 01:28:43,084 143639 INFO cm-test-18.0 odoo.addons.numa_poly.models.poly: [poly] Entering Phase 2: Final field stabilization and sanitization 
2026-03-25 01:28:43,270 143639 INFO cm-test-18.0 odoo.addons.numa_poly.models.poly: [poly] Entering Phase 1: MRO Injection and attribute building 
2026-03-25 01:28:46,512 143639 INFO cm-test-18.0 odoo.addons.numa_poly.models.poly: [poly] Entering Phase 2: Final field stabilization and sanitization 
2026-03-25 01:28:46,656 143639 INFO cm-test-18.0 odoo.addons.numa_poly.models.poly: [poly] Entering Phase 1: MRO Injection and attribute building 
2026-03-25 01:28:49,829 143639 INFO cm-test-18.0 odoo.addons.numa_poly.models.poly: [poly] Entering Phase 2: Final field stabilization and sanitization 
2026-03-25 01:28:49,983 143639 INFO cm-test-18.0 odoo.modules.registry: module hr_org_chart: creating or updating database tables 
2026-03-25 01:28:50,147 143639 INFO cm-test-18.0 odoo.modules.loading: loading hr_org_chart/views/hr_department_views.xml 
2026-03-25 01:28:50,162 143639 WARNING cm-test-18.0 odoo.addons.numa_poly.models.poly: [poly] Removing non-existent column 'controller_page_ids' from ir.ui.view query during boot. 
2026-03-25 01:28:50,173 143639 INFO cm-test-18.0 odoo.modules.loading: loading hr_org_chart/views/hr_views.xml 
2026-03-25 01:28:50,180 143639 WARNING cm-test-18.0 odoo.addons.numa_poly.models.poly: [poly] Removing non-existent column 'flag_image' from res.lang query during boot. 
2026-03-25 01:28:50,186 143639 WARNING cm-test-18.0 odoo.addons.numa_poly.models.poly: [poly] Removing non-existent column 'controller_page_ids' from ir.ui.view query during boot. 
2026-03-25 01:28:50,187 143639 WARNING cm-test-18.0 odoo.addons.numa_poly.models.poly: [poly] Removing non-existent column 'groups_id' from ir.ui.view query during boot. 
2026-03-25 01:28:50,199 143639 WARNING cm-test-18.0 odoo.addons.numa_poly.models.poly: [poly] Removing non-existent column 'controller_page_ids' from ir.ui.view query during boot. 
2026-03-25 01:28:50,199 143639 WARNING cm-test-18.0 odoo.addons.numa_poly.models.poly: [poly] Removing non-existent column 'groups_id' from ir.ui.view query during boot. 
2026-03-25 01:28:50,205 143639 WARNING cm-test-18.0 odoo.addons.numa_poly.models.poly: [poly] Removing non-existent column 'controller_page_ids' from ir.ui.view query during boot. 
2026-03-25 01:28:50,207 143639 WARNING cm-test-18.0 odoo.addons.numa_poly.models.poly: [poly] Removing non-existent column 'groups_id' from ir.ui.view query during boot. 
2026-03-25 01:28:50,217 143639 WARNING cm-test-18.0 odoo.addons.numa_poly.models.poly: [poly] Removing non-existent column 'controller_page_ids' from ir.ui.view query during boot. 
2026-03-25 01:28:50,224 143639 WARNING cm-test-18.0 odoo.addons.numa_poly.models.poly: [poly] Removing non-existent column 'controller_page_ids' from ir.ui.view query during boot. 
2026-03-25 01:28:50,225 143639 WARNING cm-test-18.0 odoo.addons.numa_poly.models.poly: [poly] Removing non-existent column 'groups_id' from ir.ui.view query during boot. 
2026-03-25 01:28:50,234 143639 WARNING cm-test-18.0 odoo.addons.numa_poly.models.poly: [poly] Removing non-existent column 'controller_page_ids' from ir.ui.view query during boot. 
2026-03-25 01:28:50,235 143639 WARNING cm-test-18.0 odoo.addons.numa_poly.models.poly: [poly] Removing non-existent column 'groups_id' from ir.ui.view query during boot. 
2026-03-25 01:28:50,248 143639 INFO cm-test-18.0 odoo.modules.loading: loading hr_org_chart/views/hr_employee_public_views.xml 
2026-03-25 01:28:50,252 143639 WARNING cm-test-18.0 odoo.addons.numa_poly.models.poly: [poly] Removing non-existent column 'controller_page_ids' from ir.ui.view query during boot. 
2026-03-25 01:28:50,257 143639 INFO cm-test-18.0 odoo.modules.loading: loading hr_org_chart/views/hr_org_chart_menus.xml 
2026-03-25 01:28:50,272 143639 WARNING cm-test-18.0 odoo.addons.numa_poly.models.poly: [poly] Removing non-existent column 'dependencies_id' from ir.module.module query during boot. 
2026-03-25 01:28:50,273 143639 INFO cm-test-18.0 odoo.addons.base.models.ir_module: module hr_org_chart: loading translation file /home/gamarino/odoo/numa-public-odoo-18.0-numa/addons/hr_org_chart/i18n/es.po for language es_AR 
2026-03-25 01:28:50,273 143639 INFO cm-test-18.0 odoo.tools.translate: loading base translation file /home/gamarino/odoo/numa-public-odoo-18.0-numa/addons/hr_org_chart/i18n/es.po for language es_AR 
2026-03-25 01:28:50,276 143639 INFO cm-test-18.0 odoo.addons.base.models.ir_module: module hr_org_chart: loading translation file /home/gamarino/odoo/numa-public-odoo-18.0-numa/addons/hr_org_chart/i18n/es_419.po for language es_AR 
2026-03-25 01:28:50,276 143639 INFO cm-test-18.0 odoo.tools.translate: loading base translation file /home/gamarino/odoo/numa-public-odoo-18.0-numa/addons/hr_org_chart/i18n/es_419.po for language es_AR 
2026-03-25 01:28:50,312 143639 INFO cm-test-18.0 odoo.modules.loading: Module hr_org_chart loaded in 10.57s, 1961 queries (+1961 other) 
2026-03-25 01:28:50,312 143639 INFO cm-test-18.0 odoo.modules.loading: Loading module hr_skills (95/211) 
2026-03-25 01:28:50,326 143639 INFO cm-test-18.0 odoo.addons.numa_poly.models.poly: [poly] Entering Phase 1: MRO Injection and attribute building 
2026-03-25 01:28:53,764 143639 INFO cm-test-18.0 odoo.addons.numa_poly.models.poly: [poly] Entering Phase 2: Final field stabilization and sanitization 
2026-03-25 01:28:53,978 143639 INFO cm-test-18.0 odoo.addons.numa_poly.models.poly: [poly] Entering Phase 1: MRO Injection and attribute building 
2026-03-25 01:28:57,293 143639 INFO cm-test-18.0 odoo.addons.numa_poly.models.poly: [poly] Entering Phase 2: Final field stabilization and sanitization 
2026-03-25 01:28:57,465 143639 INFO cm-test-18.0 odoo.addons.numa_poly.models.poly: [poly] Entering Phase 1: MRO Injection and attribute building 
2026-03-25 01:29:00,867 143639 INFO cm-test-18.0 odoo.addons.numa_poly.models.poly: [poly] Entering Phase 2: Final field stabilization and sanitization 
2026-03-25 01:29:01,138 143639 INFO cm-test-18.0 odoo.modules.registry: module hr_skills: creating or updating database tables 
2026-03-25 01:29:01,417 143639 INFO cm-test-18.0 odoo.modules.loading: loading hr_skills/security/ir.model.access.csv 
2026-03-25 01:29:01,427 143639 WARNING cm-test-18.0 odoo.addons.numa_poly.models.poly: [poly] Removing non-existent column 'flag_image' from res.lang query during boot. 
2026-03-25 01:29:01,450 143639 INFO cm-test-18.0 odoo.modules.loading: loading hr_skills/security/hr_skills_security.xml 
2026-03-25 01:29:01,457 143639 INFO cm-test-18.0 odoo.modules.loading: loading hr_skills/views/hr_views.xml 
2026-03-25 01:29:01,462 143639 WARNING cm-test-18.0 odoo.addons.numa_poly.models.poly: [poly] Removing non-existent column 'controller_page_ids' from ir.ui.view query during boot. 
2026-03-25 01:29:01,465 143639 WARNING cm-test-18.0 odoo.addons.numa_poly.models.poly: [poly] Removing non-existent column 'groups_id' from ir.ui.view query during boot. 
2026-03-25 01:29:01,480 143639 WARNING cm-test-18.0 odoo.addons.numa_poly.models.poly: [poly] Removing non-existent column 'controller_page_ids' from ir.ui.view query during boot. 
2026-03-25 01:29:01,481 143639 WARNING cm-test-18.0 odoo.addons.numa_poly.models.poly: [poly] Removing non-existent column 'groups_id' from ir.ui.view query during boot. 
2026-03-25 01:29:01,490 143639 WARNING cm-test-18.0 odoo.addons.numa_poly.models.poly: [poly] Removing non-existent column 'controller_page_ids' from ir.ui.view query during boot. 
2026-03-25 01:29:01,496 143639 WARNING cm-test-18.0 odoo.addons.numa_poly.models.poly: [poly] Removing non-existent column 'controller_page_ids' from ir.ui.view query during boot. 
2026-03-25 01:29:01,497 143639 WARNING cm-test-18.0 odoo.addons.numa_poly.models.poly: [poly] Removing non-existent column 'groups_id' from ir.ui.view query during boot. 
2026-03-25 01:29:01,508 143639 WARNING cm-test-18.0 odoo.addons.numa_poly.models.poly: [poly] Removing non-existent column 'controller_page_ids' from ir.ui.view query during boot. 
2026-03-25 01:29:01,509 143639 WARNING cm-test-18.0 odoo.addons.numa_poly.models.poly: [poly] Removing non-existent column 'groups_id' from ir.ui.view query during boot. 
2026-03-25 01:29:01,519 143639 WARNING cm-test-18.0 odoo.addons.numa_poly.models.poly: [poly] Removing non-existent column 'controller_page_ids' from ir.ui.view query during boot. 
2026-03-25 01:29:01,520 143639 WARNING cm-test-18.0 odoo.addons.numa_poly.models.poly: [poly] Removing non-existent column 'groups_id' from ir.ui.view query during boot. 
2026-03-25 01:29:01,534 143639 WARNING cm-test-18.0 odoo.addons.numa_poly.models.poly: [poly] Removing non-existent column 'controller_page_ids' from ir.ui.view query during boot. 
2026-03-25 01:29:01,556 143639 WARNING cm-test-18.0 odoo.addons.numa_poly.models.poly: [poly] Removing non-existent column 'controller_page_ids' from ir.ui.view query during boot. 
2026-03-25 01:29:01,562 143639 WARNING cm-test-18.0 odoo.addons.numa_poly.models.poly: [poly] Removing non-existent column 'controller_page_ids' from ir.ui.view query during boot. 
2026-03-25 01:29:01,568 143639 WARNING cm-test-18.0 odoo.addons.numa_poly.models.poly: [poly] Removing non-existent column 'controller_page_ids' from ir.ui.view query during boot. 
2026-03-25 01:29:01,580 143639 WARNING cm-test-18.0 odoo.addons.numa_poly.models.poly: [poly] Removing non-existent column 'controller_page_ids' from ir.ui.view query during boot. 
2026-03-25 01:29:01,585 143639 WARNING cm-test-18.0 odoo.addons.numa_poly.models.poly: [poly] Removing non-existent column 'controller_page_ids' from ir.ui.view query during boot. 
2026-03-25 01:29:01,590 143639 WARNING cm-test-18.0 odoo.addons.numa_poly.models.poly: [poly] Removing non-existent column 'controller_page_ids' from ir.ui.view query during boot. 
2026-03-25 01:29:01,595 143639 WARNING cm-test-18.0 odoo.addons.numa_poly.models.poly: [poly] Removing non-existent column 'controller_page_ids' from ir.ui.view query during boot. 
2026-03-25 01:29:01,600 143639 WARNING cm-test-18.0 odoo.addons.numa_poly.models.poly: [poly] Removing non-existent column 'controller_page_ids' from ir.ui.view query during boot. 
2026-03-25 01:29:01,605 143639 WARNING cm-test-18.0 odoo.addons.numa_poly.models.poly: [poly] Removing non-existent column 'controller_page_ids' from ir.ui.view query during boot. 
2026-03-25 01:29:01,613 143639 INFO cm-test-18.0 odoo.modules.loading: loading hr_skills/views/hr_employee_skill_log_views.xml 
2026-03-25 01:29:01,617 143639 WARNING cm-test-18.0 odoo.addons.numa_poly.models.poly: [poly] Removing non-existent column 'controller_page_ids' from ir.ui.view query during boot. 
2026-03-25 01:29:01,622 143639 WARNING cm-test-18.0 odoo.addons.numa_poly.models.poly: [poly] Removing non-existent column 'controller_page_ids' from ir.ui.view query during boot. 
2026-03-25 01:29:01,628 143639 WARNING cm-test-18.0 odoo.addons.numa_poly.models.poly: [poly] Removing non-existent column 'controller_page_ids' from ir.ui.view query during boot. 
2026-03-25 01:29:01,633 143639 WARNING cm-test-18.0 odoo.addons.numa_poly.models.poly: [poly] Removing non-existent column 'controller_page_ids' from ir.ui.view query during boot. 
2026-03-25 01:29:01,640 143639 INFO cm-test-18.0 odoo.modules.loading: loading hr_skills/data/hr_resume_data.xml 
2026-03-25 01:29:01,647 143639 INFO cm-test-18.0 odoo.modules.loading: loading hr_skills/data/hr_skill_data.xml 
2026-03-25 01:29:01,670 143639 INFO cm-test-18.0 odoo.modules.loading: loading hr_skills/data/ir_actions_server_data.xml 
2026-03-25 01:29:01,684 143639 INFO cm-test-18.0 odoo.modules.loading: loading hr_skills/data/report_paperformat.xml 
2026-03-25 01:29:01,691 143639 INFO cm-test-18.0 odoo.modules.loading: loading hr_skills/report/hr_employee_skill_report_views.xml 
2026-03-25 01:29:01,695 143639 WARNING cm-test-18.0 odoo.addons.numa_poly.models.poly: [poly] Removing non-existent column 'controller_page_ids' from ir.ui.view query during boot. 
2026-03-25 01:29:01,701 143639 WARNING cm-test-18.0 odoo.addons.numa_poly.models.poly: [poly] Removing non-existent column 'controller_page_ids' from ir.ui.view query during boot. 
2026-03-25 01:29:01,705 143639 WARNING cm-test-18.0 odoo.addons.numa_poly.models.poly: [poly] Removing non-existent column 'controller_page_ids' from ir.ui.view query during boot. 
2026-03-25 01:29:01,711 143639 WARNING cm-test-18.0 odoo.addons.numa_poly.models.poly: [poly] Removing non-existent column 'controller_page_ids' from ir.ui.view query during boot. 
2026-03-25 01:29:01,718 143639 WARNING cm-test-18.0 odoo.addons.numa_poly.models.poly: [poly] Removing non-existent column 'flag_image' from res.lang query during boot. 
2026-03-25 01:29:01,728 143639 INFO cm-test-18.0 odoo.modules.loading: loading hr_skills/report/hr_employee_cv_report.xml 
2026-03-25 01:29:01,733 143639 INFO cm-test-18.0 odoo.modules.loading: loading hr_skills/views/hr_department_views.xml 
2026-03-25 01:29:01,738 143639 WARNING cm-test-18.0 odoo.addons.numa_poly.models.poly: [poly] Removing non-existent column 'controller_page_ids' from ir.ui.view query during boot. 
2026-03-25 01:29:01,739 143639 WARNING cm-test-18.0 odoo.addons.numa_poly.models.poly: [poly] Removing non-existent column 'groups_id' from ir.ui.view query during boot. 
2026-03-25 01:29:01,745 143639 INFO cm-test-18.0 odoo.modules.loading: loading hr_skills/views/hr_employee_cv_templates.xml 
2026-03-25 01:29:01,774 143639 INFO cm-test-18.0 odoo.modules.loading: loading hr_skills/wizard/hr_employee_cv_wizard_views.xml 
2026-03-25 01:29:01,779 143639 WARNING cm-test-18.0 odoo.addons.numa_poly.models.poly: [poly] Removing non-existent column 'controller_page_ids' from ir.ui.view query during boot. 
2026-03-25 01:29:01,784 143639 INFO cm-test-18.0 odoo.modules.loading: Module hr_skills: loading demo 
2026-03-25 01:29:01,784 143639 INFO cm-test-18.0 odoo.modules.loading: loading hr_skills/data/hr_skill_demo.xml 
2026-03-25 01:29:01,812 143639 INFO cm-test-18.0 odoo.modules.loading: loading hr_skills/data/hr_resume_demo.xml 
2026-03-25 01:29:01,820 143639 INFO cm-test-18.0 odoo.modules.loading: loading hr_skills/data/hr.employee.skill.csv 
2026-03-25 01:29:01,938 143639 INFO cm-test-18.0 odoo.modules.loading: loading hr_skills/data/hr.resume.line.csv 
2026-03-25 01:29:01,999 143639 WARNING cm-test-18.0 odoo.addons.numa_poly.models.poly: [poly] Removing non-existent column 'dependencies_id' from ir.module.module query during boot. 
2026-03-25 01:29:02,000 143639 INFO cm-test-18.0 odoo.addons.base.models.ir_module: module hr_skills: loading translation file /home/gamarino/odoo/numa-public-odoo-18.0-numa/addons/hr_skills/i18n/es.po for language es_AR 
2026-03-25 01:29:02,000 143639 INFO cm-test-18.0 odoo.tools.translate: loading base translation file /home/gamarino/odoo/numa-public-odoo-18.0-numa/addons/hr_skills/i18n/es.po for language es_AR 
2026-03-25 01:29:02,014 143639 INFO cm-test-18.0 odoo.addons.base.models.ir_module: module hr_skills: loading translation file /home/gamarino/odoo/numa-public-odoo-18.0-numa/addons/hr_skills/i18n/es_419.po for language es_AR 
2026-03-25 01:29:02,014 143639 INFO cm-test-18.0 odoo.tools.translate: loading base translation file /home/gamarino/odoo/numa-public-odoo-18.0-numa/addons/hr_skills/i18n/es_419.po for language es_AR 
2026-03-25 01:29:02,101 143639 INFO cm-test-18.0 odoo.modules.loading: Module hr_skills loaded in 11.79s, 2821 queries (+2821 other) 
2026-03-25 01:29:02,102 143639 INFO cm-test-18.0 odoo.modules.loading: Loading module iap_crm (96/211) 
2026-03-25 01:29:02,117 143639 INFO cm-test-18.0 odoo.addons.numa_poly.models.poly: [poly] Entering Phase 1: MRO Injection and attribute building 
2026-03-25 01:29:05,610 143639 INFO cm-test-18.0 odoo.addons.numa_poly.models.poly: [poly] Entering Phase 2: Final field stabilization and sanitization 
2026-03-25 01:29:05,754 143639 INFO cm-test-18.0 odoo.addons.numa_poly.models.poly: [poly] Entering Phase 1: MRO Injection and attribute building 
2026-03-25 01:29:09,002 143639 INFO cm-test-18.0 odoo.addons.numa_poly.models.poly: [poly] Entering Phase 2: Final field stabilization and sanitization 
2026-03-25 01:29:09,157 143639 INFO cm-test-18.0 odoo.addons.numa_poly.models.poly: [poly] Entering Phase 1: MRO Injection and attribute building 
2026-03-25 01:29:12,416 143639 INFO cm-test-18.0 odoo.addons.numa_poly.models.poly: [poly] Entering Phase 2: Final field stabilization and sanitization 
2026-03-25 01:29:12,564 143639 INFO cm-test-18.0 odoo.modules.registry: module iap_crm: creating or updating database tables 
2026-03-25 01:29:12,695 143639 WARNING cm-test-18.0 odoo.addons.numa_poly.models.poly: [poly] Removing non-existent column 'flag_image' from res.lang query during boot. 
2026-03-25 01:29:12,695 143639 WARNING cm-test-18.0 odoo.addons.numa_poly.models.poly: [poly] Removing non-existent column 'dependencies_id' from ir.module.module query during boot. 
2026-03-25 01:29:12,696 143639 INFO cm-test-18.0 odoo.addons.base.models.ir_module: module iap_crm: loading translation file /home/gamarino/odoo/numa-public-odoo-18.0-numa/addons/iap_crm/i18n/es.po for language es_AR 
2026-03-25 01:29:12,696 143639 INFO cm-test-18.0 odoo.tools.translate: loading base translation file /home/gamarino/odoo/numa-public-odoo-18.0-numa/addons/iap_crm/i18n/es.po for language es_AR 
2026-03-25 01:29:12,697 143639 INFO cm-test-18.0 odoo.addons.base.models.ir_module: module iap_crm: loading translation file /home/gamarino/odoo/numa-public-odoo-18.0-numa/addons/iap_crm/i18n/es_419.po for language es_AR 
2026-03-25 01:29:12,697 143639 INFO cm-test-18.0 odoo.tools.translate: loading base translation file /home/gamarino/odoo/numa-public-odoo-18.0-numa/addons/iap_crm/i18n/es_419.po for language es_AR 
2026-03-25 01:29:12,718 143639 INFO cm-test-18.0 odoo.modules.loading: Module iap_crm loaded in 10.62s, 1881 queries (+1881 other) 
2026-03-25 01:29:12,718 143639 INFO cm-test-18.0 odoo.modules.loading: Loading module l10n_us_account (97/211) 
2026-03-25 01:29:12,728 143639 INFO cm-test-18.0 odoo.addons.numa_poly.models.poly: [poly] Entering Phase 1: MRO Injection and attribute building 
2026-03-25 01:29:16,227 143639 INFO cm-test-18.0 odoo.addons.numa_poly.models.poly: [poly] Entering Phase 2: Final field stabilization and sanitization 
2026-03-25 01:29:16,441 143639 INFO cm-test-18.0 odoo.addons.numa_poly.models.poly: [poly] Entering Phase 1: MRO Injection and attribute building 
2026-03-25 01:29:20,290 143639 INFO cm-test-18.0 odoo.addons.numa_poly.models.poly: [poly] Entering Phase 2: Final field stabilization and sanitization 
2026-03-25 01:29:20,641 143639 INFO cm-test-18.0 odoo.addons.numa_poly.models.poly: [poly] Entering Phase 1: MRO Injection and attribute building 
2026-03-25 01:29:24,246 143639 INFO cm-test-18.0 odoo.addons.numa_poly.models.poly: [poly] Entering Phase 2: Final field stabilization and sanitization 
2026-03-25 01:29:24,483 143639 WARNING cm-test-18.0 odoo.addons.numa_poly.models.poly: [poly] Removing non-existent column 'flag_image' from res.lang query during boot. 
2026-03-25 01:29:24,483 143639 WARNING cm-test-18.0 odoo.addons.numa_poly.models.poly: [poly] Removing non-existent column 'dependencies_id' from ir.module.module query during boot. 
2026-03-25 01:29:24,484 143639 INFO cm-test-18.0 odoo.addons.base.models.ir_module: module l10n_us_account: no translation for language es_AR 
2026-03-25 01:29:24,511 143639 INFO cm-test-18.0 odoo.modules.loading: Module l10n_us_account loaded in 11.79s, 1834 queries (+1834 other) 
2026-03-25 01:29:24,511 143639 INFO cm-test-18.0 odoo.modules.loading: Loading module mail_bot_hr (98/211) 
2026-03-25 01:29:24,523 143639 INFO cm-test-18.0 odoo.addons.numa_poly.models.poly: [poly] Entering Phase 1: MRO Injection and attribute building 
2026-03-25 01:29:27,668 143639 INFO cm-test-18.0 odoo.addons.numa_poly.models.poly: [poly] Entering Phase 2: Final field stabilization and sanitization 
2026-03-25 01:29:27,817 143639 INFO cm-test-18.0 odoo.addons.numa_poly.models.poly: [poly] Entering Phase 1: MRO Injection and attribute building 
2026-03-25 01:29:31,031 143639 INFO cm-test-18.0 odoo.addons.numa_poly.models.poly: [poly] Entering Phase 2: Final field stabilization and sanitization 
2026-03-25 01:29:31,213 143639 INFO cm-test-18.0 odoo.addons.numa_poly.models.poly: [poly] Entering Phase 1: MRO Injection and attribute building 
2026-03-25 01:29:34,513 143639 INFO cm-test-18.0 odoo.addons.numa_poly.models.poly: [poly] Entering Phase 2: Final field stabilization and sanitization 
2026-03-25 01:29:34,944 143639 INFO cm-test-18.0 odoo.modules.loading: loading mail_bot_hr/views/res_users_views.xml 
2026-03-25 01:29:34,949 143639 WARNING cm-test-18.0 odoo.addons.numa_poly.models.poly: [poly] Removing non-existent column 'controller_page_ids' from ir.ui.view query during boot. 
2026-03-25 01:29:34,952 143639 WARNING cm-test-18.0 odoo.addons.numa_poly.models.poly: [poly] Removing non-existent column 'groups_id' from ir.ui.view query during boot. 
2026-03-25 01:29:34,965 143639 WARNING cm-test-18.0 odoo.addons.numa_poly.models.poly: [poly] Removing non-existent column 'controller_page_ids' from ir.ui.view query during boot. 
2026-03-25 01:29:34,966 143639 WARNING cm-test-18.0 odoo.addons.numa_poly.models.poly: [poly] Removing non-existent column 'groups_id' from ir.ui.view query during boot. 
2026-03-25 01:29:34,975 143639 WARNING cm-test-18.0 odoo.addons.numa_poly.models.poly: [poly] Removing non-existent column 'controller_page_ids' from ir.ui.view query during boot. 
2026-03-25 01:29:34,976 143639 WARNING cm-test-18.0 odoo.addons.numa_poly.models.poly: [poly] Removing non-existent column 'groups_id' from ir.ui.view query during boot. 
2026-03-25 01:29:34,986 143639 WARNING cm-test-18.0 odoo.addons.numa_poly.models.poly: [poly] Removing non-existent column 'flag_image' from res.lang query during boot. 
2026-03-25 01:29:34,986 143639 WARNING cm-test-18.0 odoo.addons.numa_poly.models.poly: [poly] Removing non-existent column 'dependencies_id' from ir.module.module query during boot. 
2026-03-25 01:29:34,987 143639 INFO cm-test-18.0 odoo.addons.base.models.ir_module: module mail_bot_hr: no translation for language es_AR 
2026-03-25 01:29:35,007 143639 INFO cm-test-18.0 odoo.modules.loading: Module mail_bot_hr loaded in 10.50s, 1867 queries (+1867 other) 
2026-03-25 01:29:35,008 143639 INFO cm-test-18.0 odoo.modules.loading: Loading module mass_mailing_crm (99/211) 
2026-03-25 01:29:35,019 143639 INFO cm-test-18.0 odoo.addons.numa_poly.models.poly: [poly] Entering Phase 1: MRO Injection and attribute building 
2026-03-25 01:29:38,200 143639 INFO cm-test-18.0 odoo.addons.numa_poly.models.poly: [poly] Entering Phase 2: Final field stabilization and sanitization 
2026-03-25 01:29:38,400 143639 INFO cm-test-18.0 odoo.addons.numa_poly.models.poly: [poly] Entering Phase 1: MRO Injection and attribute building 
2026-03-25 01:29:41,606 143639 INFO cm-test-18.0 odoo.addons.numa_poly.models.poly: [poly] Entering Phase 2: Final field stabilization and sanitization 
2026-03-25 01:29:41,755 143639 INFO cm-test-18.0 odoo.addons.numa_poly.models.poly: [poly] Entering Phase 1: MRO Injection and attribute building 
2026-03-25 01:29:45,251 143639 INFO cm-test-18.0 odoo.addons.numa_poly.models.poly: [poly] Entering Phase 2: Final field stabilization and sanitization 
2026-03-25 01:29:45,386 143639 INFO cm-test-18.0 odoo.modules.registry: module mass_mailing_crm: creating or updating database tables 
2026-03-25 01:29:45,540 143639 INFO cm-test-18.0 odoo.modules.loading: loading mass_mailing_crm/views/mailing_mailing_views.xml 
2026-03-25 01:29:45,546 143639 WARNING cm-test-18.0 odoo.addons.numa_poly.models.poly: [poly] Removing non-existent column 'controller_page_ids' from ir.ui.view query during boot. 
2026-03-25 01:29:45,549 143639 WARNING cm-test-18.0 odoo.addons.numa_poly.models.poly: [poly] Removing non-existent column 'groups_id' from ir.ui.view query during boot. 
2026-03-25 01:29:45,557 143639 INFO cm-test-18.0 odoo.modules.loading: Module mass_mailing_crm: loading demo 
2026-03-25 01:29:45,558 143639 INFO cm-test-18.0 odoo.modules.loading: loading mass_mailing_crm/demo/mailing_mailing.xml 
2026-03-25 01:29:45,563 143639 WARNING cm-test-18.0 odoo.addons.numa_poly.models.poly: [poly] Removing non-existent column 'flag_image' from res.lang query during boot. 
2026-03-25 01:29:45,564 143639 WARNING cm-test-18.0 odoo.addons.numa_poly.models.poly: [poly] Removing non-existent column 'dependencies_id' from ir.module.module query during boot. 
2026-03-25 01:29:45,564 143639 INFO cm-test-18.0 odoo.addons.base.models.ir_module: module mass_mailing_crm: loading translation file /home/gamarino/odoo/numa-public-odoo-18.0-numa/addons/mass_mailing_crm/i18n/es.po for language es_AR 
2026-03-25 01:29:45,565 143639 INFO cm-test-18.0 odoo.tools.translate: loading base translation file /home/gamarino/odoo/numa-public-odoo-18.0-numa/addons/mass_mailing_crm/i18n/es.po for language es_AR 
2026-03-25 01:29:45,567 143639 INFO cm-test-18.0 odoo.addons.base.models.ir_module: module mass_mailing_crm: loading translation file /home/gamarino/odoo/numa-public-odoo-18.0-numa/addons/mass_mailing_crm/i18n/es_419.po for language es_AR 
2026-03-25 01:29:45,567 143639 INFO cm-test-18.0 odoo.tools.translate: loading base translation file /home/gamarino/odoo/numa-public-odoo-18.0-numa/addons/mass_mailing_crm/i18n/es_419.po for language es_AR 
2026-03-25 01:29:45,596 143639 INFO cm-test-18.0 odoo.modules.loading: Module mass_mailing_crm loaded in 10.59s, 1932 queries (+1932 other) 
2026-03-25 01:29:45,596 143639 INFO cm-test-18.0 odoo.modules.loading: Loading module mass_mailing_themes (100/211) 
2026-03-25 01:29:45,608 143639 INFO cm-test-18.0 odoo.addons.numa_poly.models.poly: [poly] Entering Phase 1: MRO Injection and attribute building 
2026-03-25 01:29:49,033 143639 INFO cm-test-18.0 odoo.addons.numa_poly.models.poly: [poly] Entering Phase 2: Final field stabilization and sanitization 
2026-03-25 01:29:49,174 143639 INFO cm-test-18.0 odoo.addons.numa_poly.models.poly: [poly] Entering Phase 1: MRO Injection and attribute building 
2026-03-25 01:29:52,502 143639 INFO cm-test-18.0 odoo.addons.numa_poly.models.poly: [poly] Entering Phase 2: Final field stabilization and sanitization 
2026-03-25 01:29:52,658 143639 INFO cm-test-18.0 odoo.addons.numa_poly.models.poly: [poly] Entering Phase 1: MRO Injection and attribute building 
2026-03-25 01:29:55,776 143639 INFO cm-test-18.0 odoo.addons.numa_poly.models.poly: [poly] Entering Phase 2: Final field stabilization and sanitization 
2026-03-25 01:29:55,987 143639 INFO cm-test-18.0 odoo.modules.loading: loading mass_mailing_themes/data/ir_attachment_data.xml 
2026-03-25 01:29:55,995 143639 INFO cm-test-18.0 odoo.modules.loading: loading mass_mailing_themes/views/mass_mailing_themes_templates.xml 
2026-03-25 01:29:56,007 143639 WARNING cm-test-18.0 odoo.addons.numa_poly.models.poly: [poly] Removing non-existent column 'groups_id' from ir.ui.view query during boot. 
2026-03-25 01:29:56,097 143639 WARNING cm-test-18.0 odoo.addons.numa_poly.models.poly: [poly] Removing non-existent column 'flag_image' from res.lang query during boot. 
2026-03-25 01:29:56,097 143639 WARNING cm-test-18.0 odoo.addons.numa_poly.models.poly: [poly] Removing non-existent column 'dependencies_id' from ir.module.module query during boot. 
2026-03-25 01:29:56,097 143639 INFO cm-test-18.0 odoo.addons.base.models.ir_module: module mass_mailing_themes: loading translation file /home/gamarino/odoo/numa-public-odoo-18.0-numa/addons/mass_mailing_themes/i18n/es.po for language es_AR 
2026-03-25 01:29:56,098 143639 INFO cm-test-18.0 odoo.tools.translate: loading base translation file /home/gamarino/odoo/numa-public-odoo-18.0-numa/addons/mass_mailing_themes/i18n/es.po for language es_AR 
2026-03-25 01:29:56,114 143639 INFO cm-test-18.0 odoo.addons.base.models.ir_module: module mass_mailing_themes: loading translation file /home/gamarino/odoo/numa-public-odoo-18.0-numa/addons/mass_mailing_themes/i18n/es_419.po for language es_AR 
2026-03-25 01:29:56,114 143639 INFO cm-test-18.0 odoo.tools.translate: loading base translation file /home/gamarino/odoo/numa-public-odoo-18.0-numa/addons/mass_mailing_themes/i18n/es_419.po for language es_AR 
2026-03-25 01:29:56,196 143639 INFO cm-test-18.0 odoo.modules.loading: Module mass_mailing_themes loaded in 10.60s, 1944 queries (+1944 other) 
2026-03-25 01:29:56,196 143639 INFO cm-test-18.0 odoo.modules.loading: Loading module mrp (101/211) 
2026-03-25 01:29:56,207 143639 INFO cm-test-18.0 odoo.addons.numa_poly.models.poly: [poly] Entering Phase 1: MRO Injection and attribute building 
2026-03-25 01:29:59,468 143639 INFO cm-test-18.0 odoo.addons.numa_poly.models.poly: [poly] Entering Phase 2: Final field stabilization and sanitization 
2026-03-25 01:29:59,800 143639 INFO cm-test-18.0 odoo.addons.numa_poly.models.poly: [poly] Entering Phase 1: MRO Injection and attribute building 
2026-03-25 01:30:03,438 143639 INFO cm-test-18.0 odoo.addons.numa_poly.models.poly: [poly] Entering Phase 2: Final field stabilization and sanitization 
2026-03-25 01:30:03,659 143639 INFO cm-test-18.0 odoo.addons.numa_poly.models.poly: [poly] Entering Phase 1: MRO Injection and attribute building 
2026-03-25 01:30:07,575 143639 INFO cm-test-18.0 odoo.addons.numa_poly.models.poly: [poly] Entering Phase 2: Final field stabilization and sanitization 
2026-03-25 01:30:08,283 143639 INFO cm-test-18.0 odoo.modules.registry: module mrp: creating or updating database tables 
2026-03-25 01:30:08,481 143639 WARNING cm-test-18.0 odoo.addons.base.models.ir_model: Two fields (property_cost_currency_id, cost_currency_id) of product.template() have the same label: Cost Currency. [Modules: numa_product_multi_currency and product] 
2026-03-25 01:30:08,481 143639 WARNING cm-test-18.0 odoo.addons.base.models.ir_model: Two fields (property_cost_currency_id, cost_currency_id) of product.product() have the same label: Cost Currency. [Modules: None and None] 
2026-03-25 01:30:08,941 143639 INFO cm-test-18.0 odoo.modules.loading: loading mrp/security/mrp_security.xml 
2026-03-25 01:30:08,957 143639 WARNING cm-test-18.0 odoo.addons.numa_poly.models.poly: [poly] Removing non-existent column 'implied_ids' from res.groups query during boot. 
2026-03-25 01:30:08,965 143639 WARNING cm-test-18.0 odoo.addons.numa_poly.models.poly: [poly] Removing non-existent column 'users' from res.groups query during boot. 
2026-03-25 01:30:08,969 143639 WARNING cm-test-18.0 odoo.addons.numa_poly.models.poly: [poly] Removing non-existent column 'users' from res.groups query during boot. 
2026-03-25 01:30:08,984 143639 WARNING cm-test-18.0 odoo.addons.numa_poly.models.poly: [poly] Removing non-existent column 'implied_ids' from res.groups query during boot. 
2026-03-25 01:30:08,990 143639 WARNING cm-test-18.0 odoo.addons.numa_poly.models.poly: [poly] Removing non-existent column 'users' from res.groups query during boot. 
2026-03-25 01:30:08,993 143639 WARNING cm-test-18.0 odoo.addons.numa_poly.models.poly: [poly] Removing non-existent column 'users' from res.groups query during boot. 
2026-03-25 01:30:08,994 143639 WARNING cm-test-18.0 odoo.addons.numa_poly.models.poly: [poly] Removing non-existent column 'users' from res.groups query during boot. 
2026-03-25 01:30:09,011 143639 WARNING cm-test-18.0 odoo.addons.numa_poly.models.poly: [poly] Removing non-existent column 'groups_id' from res.users query during boot. 
2026-03-25 01:30:09,034 143639 INFO cm-test-18.0 odoo.modules.loading: loading mrp/security/ir.model.access.csv 
2026-03-25 01:30:09,040 143639 WARNING cm-test-18.0 odoo.addons.numa_poly.models.poly: [poly] Removing non-existent column 'flag_image' from res.lang query during boot. 
2026-03-25 01:30:09,142 143639 INFO cm-test-18.0 odoo.modules.loading: loading mrp/data/digest_data.xml 
2026-03-25 01:30:09,148 143639 WARNING cm-test-18.0 odoo.addons.numa_poly.models.poly: [poly] Removing non-existent column 'flag_image' from res.lang query during boot. 
2026-03-25 01:30:09,150 143639 INFO cm-test-18.0 odoo.modules.loading: loading mrp/data/mail_templates.xml 
2026-03-25 01:30:09,170 143639 INFO cm-test-18.0 odoo.modules.loading: loading mrp/data/mrp_data.xml 
2026-03-25 01:30:09,187 143639 INFO cm-test-18.0 odoo.modules.loading: loading mrp/data/mail_message_subtype_data.xml 
2026-03-25 01:30:09,192 143639 INFO cm-test-18.0 odoo.modules.loading: loading mrp/wizard/change_production_qty_views.xml 
2026-03-25 01:30:09,196 143639 WARNING cm-test-18.0 odoo.addons.numa_poly.models.poly: [poly] Removing non-existent column 'controller_page_ids' from ir.ui.view query during boot. 
2026-03-25 01:30:09,202 143639 INFO cm-test-18.0 odoo.modules.loading: loading mrp/wizard/mrp_workcenter_block_view.xml 
2026-03-25 01:30:09,207 143639 WARNING cm-test-18.0 odoo.addons.numa_poly.models.poly: [poly] Removing non-existent column 'controller_page_ids' from ir.ui.view query during boot. 
2026-03-25 01:30:09,215 143639 INFO cm-test-18.0 odoo.modules.loading: loading mrp/wizard/stock_warn_insufficient_qty_views.xml 
2026-03-25 01:30:09,222 143639 WARNING cm-test-18.0 odoo.addons.numa_poly.models.poly: [poly] Removing non-existent column 'controller_page_ids' from ir.ui.view query during boot. 
2026-03-25 01:30:09,223 143639 WARNING cm-test-18.0 odoo.addons.numa_poly.models.poly: [poly] Removing non-existent column 'groups_id' from ir.ui.view query during boot. 
2026-03-25 01:30:09,229 143639 INFO cm-test-18.0 odoo.modules.loading: loading mrp/wizard/mrp_production_backorder.xml 
2026-03-25 01:30:09,234 143639 WARNING cm-test-18.0 odoo.addons.numa_poly.models.poly: [poly] Removing non-existent column 'controller_page_ids' from ir.ui.view query during boot. 
2026-03-25 01:30:09,242 143639 INFO cm-test-18.0 odoo.modules.loading: loading mrp/wizard/mrp_consumption_warning_views.xml 
2026-03-25 01:30:09,247 143639 WARNING cm-test-18.0 odoo.addons.numa_poly.models.poly: [poly] Removing non-existent column 'controller_page_ids' from ir.ui.view query during boot. 
2026-03-25 01:30:09,253 143639 INFO cm-test-18.0 odoo.modules.loading: loading mrp/wizard/mrp_batch_produce.xml 
2026-03-25 01:30:09,258 143639 WARNING cm-test-18.0 odoo.addons.numa_poly.models.poly: [poly] Removing non-existent column 'controller_page_ids' from ir.ui.view query during boot. 
2026-03-25 01:30:09,263 143639 INFO cm-test-18.0 odoo.modules.loading: loading mrp/wizard/mrp_production_split.xml 
2026-03-25 01:30:09,269 143639 WARNING cm-test-18.0 odoo.addons.numa_poly.models.poly: [poly] Removing non-existent column 'controller_page_ids' from ir.ui.view query during boot. 
2026-03-25 01:30:09,275 143639 WARNING cm-test-18.0 odoo.addons.numa_poly.models.poly: [poly] Removing non-existent column 'controller_page_ids' from ir.ui.view query during boot. 
2026-03-25 01:30:09,283 143639 INFO cm-test-18.0 odoo.modules.loading: loading mrp/views/mrp_views_menus.xml 
2026-03-25 01:30:09,313 143639 INFO cm-test-18.0 odoo.modules.loading: loading mrp/views/stock_move_views.xml 
2026-03-25 01:30:09,328 143639 WARNING cm-test-18.0 odoo.addons.numa_poly.models.poly: [poly] Removing non-existent column 'controller_page_ids' from ir.ui.view query during boot. 
2026-03-25 01:30:09,329 143639 WARNING cm-test-18.0 odoo.addons.numa_poly.models.poly: [poly] Removing non-existent column 'groups_id' from ir.ui.view query during boot. 
2026-03-25 01:30:09,341 143639 WARNING cm-test-18.0 odoo.addons.numa_poly.models.poly: [poly] Removing non-existent column 'controller_page_ids' from ir.ui.view query during boot. 
2026-03-25 01:30:09,342 143639 WARNING cm-test-18.0 odoo.addons.numa_poly.models.poly: [poly] Removing non-existent column 'groups_id' from ir.ui.view query during boot. 
2026-03-25 01:30:09,355 143639 WARNING cm-test-18.0 odoo.addons.numa_poly.models.poly: [poly] Removing non-existent column 'controller_page_ids' from ir.ui.view query during boot. 
2026-03-25 01:30:09,357 143639 WARNING cm-test-18.0 odoo.addons.numa_poly.models.poly: [poly] Removing non-existent column 'groups_id' from ir.ui.view query during boot. 
2026-03-25 01:30:09,368 143639 WARNING cm-test-18.0 odoo.addons.numa_poly.models.poly: [poly] Removing non-existent column 'controller_page_ids' from ir.ui.view query during boot. 
2026-03-25 01:30:09,369 143639 WARNING cm-test-18.0 odoo.addons.numa_poly.models.poly: [poly] Removing non-existent column 'groups_id' from ir.ui.view query during boot. 
2026-03-25 01:30:09,384 143639 WARNING cm-test-18.0 odoo.addons.numa_poly.models.poly: [poly] Removing non-existent column 'controller_page_ids' from ir.ui.view query during boot. 
2026-03-25 01:30:09,386 143639 WARNING cm-test-18.0 odoo.addons.numa_poly.models.poly: [poly] Removing non-existent column 'groups_id' from ir.ui.view query during boot. 
2026-03-25 01:30:09,432 143639 INFO cm-test-18.0 odoo.modules.loading: loading mrp/views/mrp_workorder_views.xml 
2026-03-25 01:30:09,440 143639 WARNING cm-test-18.0 odoo.addons.numa_poly.models.poly: [poly] Removing non-existent column 'controller_page_ids' from ir.ui.view query during boot. 
2026-03-25 01:30:09,462 143639 WARNING cm-test-18.0 odoo.addons.numa_poly.models.poly: [poly] Removing non-existent column 'controller_page_ids' from ir.ui.view query during boot. 
2026-03-25 01:30:09,469 143639 WARNING cm-test-18.0 odoo.addons.numa_poly.models.poly: [poly] Removing non-existent column 'controller_page_ids' from ir.ui.view query during boot. 
2026-03-25 01:30:09,471 143639 WARNING cm-test-18.0 odoo.addons.numa_poly.models.poly: [poly] Removing non-existent column 'groups_id' from ir.ui.view query during boot. 
2026-03-25 01:30:09,483 143639 WARNING cm-test-18.0 odoo.addons.numa_poly.models.poly: [poly] Removing non-existent column 'controller_page_ids' from ir.ui.view query during boot. 
2026-03-25 01:30:09,485 143639 WARNING cm-test-18.0 odoo.addons.numa_poly.models.poly: [poly] Removing non-existent column 'groups_id' from ir.ui.view query during boot. 
2026-03-25 01:30:09,498 143639 WARNING cm-test-18.0 odoo.addons.numa_poly.models.poly: [poly] Removing non-existent column 'controller_page_ids' from ir.ui.view query during boot. 
2026-03-25 01:30:09,511 143639 WARNING cm-test-18.0 odoo.addons.numa_poly.models.poly: [poly] Removing non-existent column 'controller_page_ids' from ir.ui.view query during boot. 
2026-03-25 01:30:09,518 143639 WARNING cm-test-18.0 odoo.addons.numa_poly.models.poly: [poly] Removing non-existent column 'controller_page_ids' from ir.ui.view query during boot. 
2026-03-25 01:30:09,524 143639 WARNING cm-test-18.0 odoo.addons.numa_poly.models.poly: [poly] Removing non-existent column 'controller_page_ids' from ir.ui.view query during boot. 
2026-03-25 01:30:09,529 143639 WARNING cm-test-18.0 odoo.addons.numa_poly.models.poly: [poly] Removing non-existent column 'controller_page_ids' from ir.ui.view query during boot. 
2026-03-25 01:30:09,535 143639 WARNING cm-test-18.0 odoo.addons.numa_poly.models.poly: [poly] Removing non-existent column 'controller_page_ids' from ir.ui.view query during boot. 
2026-03-25 01:30:09,566 143639 WARNING cm-test-18.0 odoo.addons.numa_poly.models.poly: [poly] Removing non-existent column 'controller_page_ids' from ir.ui.view query during boot. 
2026-03-25 01:30:09,571 143639 WARNING cm-test-18.0 odoo.addons.numa_poly.models.poly: [poly] Removing non-existent column 'controller_page_ids' from ir.ui.view query during boot. 
2026-03-25 01:30:09,599 143639 INFO cm-test-18.0 odoo.modules.loading: loading mrp/views/mrp_workcenter_views.xml 
2026-03-25 01:30:09,621 143639 WARNING cm-test-18.0 odoo.addons.numa_poly.models.poly: [poly] Removing non-existent column 'controller_page_ids' from ir.ui.view query during boot. 
2026-03-25 01:30:09,628 143639 WARNING cm-test-18.0 odoo.addons.numa_poly.models.poly: [poly] Removing non-existent column 'controller_page_ids' from ir.ui.view query during boot. 
2026-03-25 01:30:09,634 143639 WARNING cm-test-18.0 odoo.addons.numa_poly.models.poly: [poly] Removing non-existent column 'controller_page_ids' from ir.ui.view query during boot. 
2026-03-25 01:30:09,656 143639 WARNING cm-test-18.0 odoo.addons.numa_poly.models.poly: [poly] Removing non-existent column 'controller_page_ids' from ir.ui.view query during boot. 
2026-03-25 01:30:09,663 143639 WARNING cm-test-18.0 odoo.addons.numa_poly.models.poly: [poly] Removing non-existent column 'controller_page_ids' from ir.ui.view query during boot. 
2026-03-25 01:30:09,669 143639 WARNING cm-test-18.0 odoo.addons.numa_poly.models.poly: [poly] Removing non-existent column 'controller_page_ids' from ir.ui.view query during boot. 
2026-03-25 01:30:09,700 143639 INFO cm-test-18.0 odoo.models.unlink: User #1 deleted ir.actions.act_window.view records with IDs: [9566, 9567, 9568] 
2026-03-25 01:30:09,704 143639 INFO cm-test-18.0 odoo.models.unlink: User #1 deleted ir.poly_base records with IDs: [9566, 9567, 9568] 
2026-03-25 01:30:09,712 143639 WARNING cm-test-18.0 odoo.addons.numa_poly.models.poly: [poly] Removing non-existent column 'flag_image' from res.lang query during boot. 
2026-03-25 01:30:09,722 143639 WARNING cm-test-18.0 odoo.addons.numa_poly.models.poly: [poly] Removing non-existent column 'controller_page_ids' from ir.ui.view query during boot. 
2026-03-25 01:30:09,727 143639 WARNING cm-test-18.0 odoo.addons.numa_poly.models.poly: [poly] Removing non-existent column 'controller_page_ids' from ir.ui.view query during boot. 
2026-03-25 01:30:09,732 143639 WARNING cm-test-18.0 odoo.addons.numa_poly.models.poly: [poly] Removing non-existent column 'controller_page_ids' from ir.ui.view query during boot. 
2026-03-25 01:30:09,738 143639 WARNING cm-test-18.0 odoo.addons.numa_poly.models.poly: [poly] Removing non-existent column 'controller_page_ids' from ir.ui.view query during boot. 
2026-03-25 01:30:09,743 143639 WARNING cm-test-18.0 odoo.addons.numa_poly.models.poly: [poly] Removing non-existent column 'controller_page_ids' from ir.ui.view query during boot. 
2026-03-25 01:30:09,750 143639 WARNING cm-test-18.0 odoo.addons.numa_poly.models.poly: [poly] Removing non-existent column 'controller_page_ids' from ir.ui.view query during boot. 
2026-03-25 01:30:09,757 143639 WARNING cm-test-18.0 odoo.addons.numa_poly.models.poly: [poly] Removing non-existent column 'controller_page_ids' from ir.ui.view query during boot. 
2026-03-25 01:30:09,763 143639 WARNING cm-test-18.0 odoo.addons.numa_poly.models.poly: [poly] Removing non-existent column 'controller_page_ids' from ir.ui.view query during boot. 
2026-03-25 01:30:09,771 143639 WARNING cm-test-18.0 odoo.addons.numa_poly.models.poly: [poly] Removing non-existent column 'controller_page_ids' from ir.ui.view query during boot. 
2026-03-25 01:30:09,787 143639 INFO cm-test-18.0 odoo.modules.loading: loading mrp/views/mrp_bom_views.xml 
2026-03-25 01:30:09,806 143639 WARNING cm-test-18.0 odoo.addons.numa_poly.models.poly: [poly] Removing non-existent column 'controller_page_ids' from ir.ui.view query during boot. 
2026-03-25 01:30:09,814 143639 WARNING cm-test-18.0 odoo.addons.numa_poly.models.poly: [poly] Removing non-existent column 'controller_page_ids' from ir.ui.view query during boot. 
2026-03-25 01:30:09,828 143639 WARNING cm-test-18.0 odoo.addons.numa_poly.models.poly: [poly] Removing non-existent column 'controller_page_ids' from ir.ui.view query during boot. 
2026-03-25 01:30:09,835 143639 WARNING cm-test-18.0 odoo.addons.numa_poly.models.poly: [poly] Removing non-existent column 'controller_page_ids' from ir.ui.view query during boot. 
2026-03-25 01:30:09,842 143639 WARNING cm-test-18.0 odoo.addons.numa_poly.models.poly: [poly] Removing non-existent column 'controller_page_ids' from ir.ui.view query during boot. 
2026-03-25 01:30:09,862 143639 WARNING cm-test-18.0 odoo.addons.numa_poly.models.poly: [poly] Removing non-existent column 'controller_page_ids' from ir.ui.view query during boot. 
2026-03-25 01:30:09,877 143639 INFO cm-test-18.0 odoo.modules.loading: loading mrp/views/mrp_production_views.xml 
2026-03-25 01:30:09,894 143639 WARNING cm-test-18.0 odoo.addons.numa_poly.models.poly: [poly] Removing non-existent column 'controller_page_ids' from ir.ui.view query during boot. 
2026-03-25 01:30:09,901 143639 WARNING cm-test-18.0 odoo.addons.numa_poly.models.poly: [poly] Removing non-existent column 'controller_page_ids' from ir.ui.view query during boot. 
2026-03-25 01:30:09,958 143639 WARNING cm-test-18.0 odoo.addons.numa_poly.models.poly: [poly] Removing non-existent column 'controller_page_ids' from ir.ui.view query during boot. 
2026-03-25 01:30:09,970 143639 WARNING cm-test-18.0 odoo.addons.numa_poly.models.poly: [poly] Removing non-existent column 'controller_page_ids' from ir.ui.view query during boot. 
2026-03-25 01:30:09,975 143639 WARNING cm-test-18.0 odoo.addons.numa_poly.models.poly: [poly] Removing non-existent column 'controller_page_ids' from ir.ui.view query during boot. 
2026-03-25 01:30:09,980 143639 WARNING cm-test-18.0 odoo.addons.numa_poly.models.poly: [poly] Removing non-existent column 'controller_page_ids' from ir.ui.view query during boot. 
2026-03-25 01:30:09,985 143639 WARNING cm-test-18.0 odoo.addons.numa_poly.models.poly: [poly] Removing non-existent column 'controller_page_ids' from ir.ui.view query during boot. 
2026-03-25 01:30:09,992 143639 WARNING cm-test-18.0 odoo.addons.numa_poly.models.poly: [poly] Removing non-existent column 'controller_page_ids' from ir.ui.view query during boot. 
2026-03-25 01:30:10,033 143639 INFO cm-test-18.0 odoo.modules.loading: loading mrp/views/mrp_routing_views.xml 
2026-03-25 01:30:10,037 143639 WARNING cm-test-18.0 odoo.addons.numa_poly.models.poly: [poly] Removing non-existent column 'controller_page_ids' from ir.ui.view query during boot. 
2026-03-25 01:30:10,043 143639 WARNING cm-test-18.0 odoo.addons.numa_poly.models.poly: [poly] Removing non-existent column 'controller_page_ids' from ir.ui.view query during boot. 
2026-03-25 01:30:10,044 143639 WARNING cm-test-18.0 odoo.addons.numa_poly.models.poly: [poly] Removing non-existent column 'groups_id' from ir.ui.view query during boot. 
2026-03-25 01:30:10,052 143639 WARNING cm-test-18.0 odoo.addons.numa_poly.models.poly: [poly] Removing non-existent column 'controller_page_ids' from ir.ui.view query during boot. 
2026-03-25 01:30:10,053 143639 WARNING cm-test-18.0 odoo.addons.numa_poly.models.poly: [poly] Removing non-existent column 'groups_id' from ir.ui.view query during boot. 
2026-03-25 01:30:10,060 143639 WARNING cm-test-18.0 odoo.addons.numa_poly.models.poly: [poly] Removing non-existent column 'controller_page_ids' from ir.ui.view query during boot. 
2026-03-25 01:30:10,073 143639 WARNING cm-test-18.0 odoo.addons.numa_poly.models.poly: [poly] Removing non-existent column 'controller_page_ids' from ir.ui.view query during boot. 
2026-03-25 01:30:10,082 143639 INFO cm-test-18.0 odoo.modules.loading: loading mrp/views/product_document_views.xml 
2026-03-25 01:30:10,087 143639 WARNING cm-test-18.0 odoo.addons.numa_poly.models.poly: [poly] Removing non-existent column 'controller_page_ids' from ir.ui.view query during boot. 
2026-03-25 01:30:10,088 143639 WARNING cm-test-18.0 odoo.addons.numa_poly.models.poly: [poly] Removing non-existent column 'groups_id' from ir.ui.view query during boot. 
2026-03-25 01:30:10,093 143639 INFO cm-test-18.0 odoo.modules.loading: loading mrp/views/product_views.xml 
2026-03-25 01:30:10,099 143639 WARNING cm-test-18.0 odoo.addons.numa_poly.models.poly: [poly] Removing non-existent column 'controller_page_ids' from ir.ui.view query during boot. 
2026-03-25 01:30:10,100 143639 WARNING cm-test-18.0 odoo.addons.numa_poly.models.poly: [poly] Removing non-existent column 'groups_id' from ir.ui.view query during boot. 
2026-03-25 01:30:10,111 143639 WARNING cm-test-18.0 odoo.addons.numa_poly.models.poly: [poly] Removing non-existent column 'controller_page_ids' from ir.ui.view query during boot. 
2026-03-25 01:30:10,112 143639 WARNING cm-test-18.0 odoo.addons.numa_poly.models.poly: [poly] Removing non-existent column 'groups_id' from ir.ui.view query during boot. 
2026-03-25 01:30:10,121 143639 WARNING cm-test-18.0 odoo.addons.numa_poly.models.poly: [poly] Removing non-existent column 'controller_page_ids' from ir.ui.view query during boot. 
2026-03-25 01:30:10,123 143639 WARNING cm-test-18.0 odoo.addons.numa_poly.models.poly: [poly] Removing non-existent column 'groups_id' from ir.ui.view query during boot. 
2026-03-25 01:30:10,139 143639 WARNING cm-test-18.0 odoo.addons.numa_poly.models.poly: [poly] Removing non-existent column 'controller_page_ids' from ir.ui.view query during boot. 
2026-03-25 01:30:10,140 143639 WARNING cm-test-18.0 odoo.addons.numa_poly.models.poly: [poly] Removing non-existent column 'groups_id' from ir.ui.view query during boot. 
2026-03-25 01:30:10,159 143639 WARNING cm-test-18.0 odoo.addons.numa_poly.models.poly: [poly] Removing non-existent column 'controller_page_ids' from ir.ui.view query during boot. 
2026-03-25 01:30:10,160 143639 WARNING cm-test-18.0 odoo.addons.numa_poly.models.poly: [poly] Removing non-existent column 'groups_id' from ir.ui.view query during boot. 
2026-03-25 01:30:10,172 143639 WARNING cm-test-18.0 odoo.addons.numa_poly.models.poly: [poly] Removing non-existent column 'controller_page_ids' from ir.ui.view query during boot. 
2026-03-25 01:30:10,173 143639 WARNING cm-test-18.0 odoo.addons.numa_poly.models.poly: [poly] Removing non-existent column 'groups_id' from ir.ui.view query during boot. 
2026-03-25 01:30:10,183 143639 INFO cm-test-18.0 odoo.modules.loading: loading mrp/views/stock_orderpoint_views.xml 
2026-03-25 01:30:10,192 143639 WARNING cm-test-18.0 odoo.addons.numa_poly.models.poly: [poly] Removing non-existent column 'controller_page_ids' from ir.ui.view query during boot. 
2026-03-25 01:30:10,194 143639 WARNING cm-test-18.0 odoo.addons.numa_poly.models.poly: [poly] Removing non-existent column 'groups_id' from ir.ui.view query during boot. 
2026-03-25 01:30:10,205 143639 INFO cm-test-18.0 odoo.modules.loading: loading mrp/views/stock_warehouse_views.xml 
2026-03-25 01:30:10,210 143639 WARNING cm-test-18.0 odoo.addons.numa_poly.models.poly: [poly] Removing non-existent column 'controller_page_ids' from ir.ui.view query during boot. 
2026-03-25 01:30:10,210 143639 WARNING cm-test-18.0 odoo.addons.numa_poly.models.poly: [poly] Removing non-existent column 'groups_id' from ir.ui.view query during boot. 
2026-03-25 01:30:10,216 143639 INFO cm-test-18.0 odoo.modules.loading: loading mrp/views/stock_picking_views.xml 
2026-03-25 01:30:10,222 143639 WARNING cm-test-18.0 odoo.addons.numa_poly.models.poly: [poly] Removing non-existent column 'controller_page_ids' from ir.ui.view query during boot. 
2026-03-25 01:30:10,223 143639 WARNING cm-test-18.0 odoo.addons.numa_poly.models.poly: [poly] Removing non-existent column 'groups_id' from ir.ui.view query during boot. 
2026-03-25 01:30:10,233 143639 WARNING cm-test-18.0 odoo.addons.numa_poly.models.poly: [poly] Removing non-existent column 'controller_page_ids' from ir.ui.view query during boot. 
2026-03-25 01:30:10,234 143639 WARNING cm-test-18.0 odoo.addons.numa_poly.models.poly: [poly] Removing non-existent column 'groups_id' from ir.ui.view query during boot. 
2026-03-25 01:30:10,247 143639 WARNING cm-test-18.0 odoo.addons.numa_poly.models.poly: [poly] Removing non-existent column 'controller_page_ids' from ir.ui.view query during boot. 
2026-03-25 01:30:10,248 143639 WARNING cm-test-18.0 odoo.addons.numa_poly.models.poly: [poly] Removing non-existent column 'groups_id' from ir.ui.view query during boot. 
2026-03-25 01:30:10,259 143639 WARNING cm-test-18.0 odoo.addons.numa_poly.models.poly: [poly] Removing non-existent column 'controller_page_ids' from ir.ui.view query during boot. 
2026-03-25 01:30:10,260 143639 WARNING cm-test-18.0 odoo.addons.numa_poly.models.poly: [poly] Removing non-existent column 'groups_id' from ir.ui.view query during boot. 
2026-03-25 01:30:10,280 143639 INFO cm-test-18.0 odoo.modules.loading: loading mrp/views/stock_rule_views.xml 
2026-03-25 01:30:10,288 143639 WARNING cm-test-18.0 odoo.addons.numa_poly.models.poly: [poly] Removing non-existent column 'controller_page_ids' from ir.ui.view query during boot. 
2026-03-25 01:30:10,289 143639 WARNING cm-test-18.0 odoo.addons.numa_poly.models.poly: [poly] Removing non-existent column 'groups_id' from ir.ui.view query during boot. 
2026-03-25 01:30:10,295 143639 INFO cm-test-18.0 odoo.modules.loading: loading mrp/views/mrp_unbuild_views.xml 
2026-03-25 01:30:10,306 143639 WARNING cm-test-18.0 odoo.addons.numa_poly.models.poly: [poly] Removing non-existent column 'controller_page_ids' from ir.ui.view query during boot. 
2026-03-25 01:30:10,311 143639 WARNING cm-test-18.0 odoo.addons.numa_poly.models.poly: [poly] Removing non-existent column 'controller_page_ids' from ir.ui.view query during boot. 
2026-03-25 01:30:10,317 143639 WARNING cm-test-18.0 odoo.addons.numa_poly.models.poly: [poly] Removing non-existent column 'controller_page_ids' from ir.ui.view query during boot. 
2026-03-25 01:30:10,323 143639 WARNING cm-test-18.0 odoo.addons.numa_poly.models.poly: [poly] Removing non-existent column 'controller_page_ids' from ir.ui.view query during boot. 
2026-03-25 01:30:10,329 143639 WARNING cm-test-18.0 odoo.addons.numa_poly.models.poly: [poly] Removing non-existent column 'controller_page_ids' from ir.ui.view query during boot. 
2026-03-25 01:30:10,344 143639 INFO cm-test-18.0 odoo.modules.loading: loading mrp/views/res_config_settings_views.xml 
2026-03-25 01:30:10,351 143639 WARNING cm-test-18.0 odoo.addons.numa_poly.models.poly: [poly] Removing non-existent column 'controller_page_ids' from ir.ui.view query during boot. 
2026-03-25 01:30:10,352 143639 WARNING cm-test-18.0 odoo.addons.numa_poly.models.poly: [poly] Removing non-existent column 'groups_id' from ir.ui.view query during boot. 
2026-03-25 01:30:10,382 143639 INFO cm-test-18.0 odoo.modules.loading: loading mrp/views/stock_scrap_views.xml 
2026-03-25 01:30:10,388 143639 WARNING cm-test-18.0 odoo.addons.numa_poly.models.poly: [poly] Removing non-existent column 'controller_page_ids' from ir.ui.view query during boot. 
2026-03-25 01:30:10,390 143639 WARNING cm-test-18.0 odoo.addons.numa_poly.models.poly: [poly] Removing non-existent column 'groups_id' from ir.ui.view query during boot. 
2026-03-25 01:30:10,401 143639 WARNING cm-test-18.0 odoo.addons.numa_poly.models.poly: [poly] Removing non-existent column 'controller_page_ids' from ir.ui.view query during boot. 
2026-03-25 01:30:10,402 143639 WARNING cm-test-18.0 odoo.addons.numa_poly.models.poly: [poly] Removing non-existent column 'groups_id' from ir.ui.view query during boot. 
2026-03-25 01:30:10,410 143639 WARNING cm-test-18.0 odoo.addons.numa_poly.models.poly: [poly] Removing non-existent column 'controller_page_ids' from ir.ui.view query during boot. 
2026-03-25 01:30:10,411 143639 WARNING cm-test-18.0 odoo.addons.numa_poly.models.poly: [poly] Removing non-existent column 'groups_id' from ir.ui.view query during boot. 
2026-03-25 01:30:10,416 143639 INFO cm-test-18.0 odoo.modules.loading: loading mrp/report/report_deliveryslip.xml 
2026-03-25 01:30:10,426 143639 WARNING cm-test-18.0 odoo.addons.numa_poly.models.poly: [poly] Removing non-existent column 'groups_id' from ir.ui.view query during boot. 
2026-03-25 01:30:10,450 143639 INFO cm-test-18.0 odoo.modules.loading: loading mrp/report/mrp_report_views_main.xml 
2026-03-25 01:30:10,462 143639 INFO cm-test-18.0 odoo.modules.loading: loading mrp/report/mrp_report_bom_structure.xml 
2026-03-25 01:30:10,639 143639 INFO cm-test-18.0 odoo.modules.loading: loading mrp/report/mrp_report_mo_overview.xml 
2026-03-25 01:30:10,690 143639 INFO cm-test-18.0 odoo.modules.loading: loading mrp/report/mrp_production_templates.xml 
2026-03-25 01:30:10,712 143639 INFO cm-test-18.0 odoo.modules.loading: loading mrp/report/report_stock_reception.xml 
2026-03-25 01:30:10,716 143639 INFO cm-test-18.0 odoo.modules.loading: loading mrp/report/report_stock_rule.xml 
2026-03-25 01:30:10,728 143639 WARNING cm-test-18.0 odoo.addons.numa_poly.models.poly: [poly] Removing non-existent column 'groups_id' from ir.ui.view query during boot. 
2026-03-25 01:30:10,734 143639 INFO cm-test-18.0 odoo.modules.loading: loading mrp/report/mrp_zebra_production_templates.xml 
2026-03-25 01:30:10,742 143639 INFO cm-test-18.0 odoo.modules.loading: loading mrp/report/mrp_workorder_templates.xml 
2026-03-25 01:30:10,750 143639 INFO cm-test-18.0 odoo.modules.loading: Module mrp: loading demo 
2026-03-25 01:30:10,751 143639 INFO cm-test-18.0 odoo.modules.loading: loading mrp/data/mrp_demo.xml 
2026-03-25 01:30:10,827 143639 WARNING cm-test-18.0 odoo.addons.numa_poly.models.poly: [poly] Removing non-existent column 'dependencies_id' from ir.module.module query during boot. 
2026-03-25 01:30:10,827 143639 INFO cm-test-18.0 odoo.addons.base.models.ir_module: module mrp: loading translation file /home/gamarino/odoo/numa-public-odoo-18.0-numa/addons/mrp/i18n/es.po for language es_AR 
2026-03-25 01:30:10,827 143639 INFO cm-test-18.0 odoo.tools.translate: loading base translation file /home/gamarino/odoo/numa-public-odoo-18.0-numa/addons/mrp/i18n/es.po for language es_AR 
2026-03-25 01:30:10,896 143639 INFO cm-test-18.0 odoo.addons.base.models.ir_module: module mrp: loading translation file /home/gamarino/odoo/numa-public-odoo-18.0-numa/addons/mrp/i18n/es_419.po for language es_AR 
2026-03-25 01:30:10,896 143639 INFO cm-test-18.0 odoo.tools.translate: loading base translation file /home/gamarino/odoo/numa-public-odoo-18.0-numa/addons/mrp/i18n/es_419.po for language es_AR 
2026-03-25 01:30:11,220 143639 INFO cm-test-18.0 odoo.modules.loading: Module mrp loaded in 15.02s, 4545 queries (+4545 other) 
2026-03-25 01:30:11,221 143639 INFO cm-test-18.0 odoo.modules.loading: Loading module numa_currency_exchange_rate (102/211) 
2026-03-25 01:30:11,235 143639 INFO cm-test-18.0 odoo.addons.numa_poly.models.poly: [poly] Entering Phase 1: MRO Injection and attribute building 
2026-03-25 01:30:15,558 143639 INFO cm-test-18.0 odoo.addons.numa_poly.models.poly: [poly] Entering Phase 2: Final field stabilization and sanitization 
2026-03-25 01:30:15,772 143639 INFO cm-test-18.0 odoo.addons.numa_poly.models.poly: [poly] Entering Phase 1: MRO Injection and attribute building 
2026-03-25 01:30:20,040 143639 INFO cm-test-18.0 odoo.addons.numa_poly.models.poly: [poly] Entering Phase 2: Final field stabilization and sanitization 
2026-03-25 01:30:20,210 143639 INFO cm-test-18.0 odoo.addons.numa_poly.models.poly: [poly] Entering Phase 1: MRO Injection and attribute building 
2026-03-25 01:30:24,010 143639 INFO cm-test-18.0 odoo.addons.numa_poly.models.poly: [poly] Entering Phase 2: Final field stabilization and sanitization 
2026-03-25 01:30:24,191 143639 INFO cm-test-18.0 odoo.modules.registry: module numa_currency_exchange_rate: creating or updating database tables 
2026-03-25 01:30:24,581 143639 INFO cm-test-18.0 odoo.modules.loading: loading numa_currency_exchange_rate/data/ir_cron_data.xml 
2026-03-25 01:30:24,612 143639 INFO cm-test-18.0 odoo.modules.loading: loading numa_currency_exchange_rate/data/decimal_precision.xml 
2026-03-25 01:30:24,617 143639 INFO cm-test-18.0 odoo.modules.loading: loading numa_currency_exchange_rate/views/res_config_settings_views.xml 
2026-03-25 01:30:24,624 143639 WARNING cm-test-18.0 odoo.addons.numa_poly.models.poly: [poly] Removing non-existent column 'controller_page_ids' from ir.ui.view query during boot. 
2026-03-25 01:30:24,626 143639 WARNING cm-test-18.0 odoo.addons.numa_poly.models.poly: [poly] Removing non-existent column 'groups_id' from ir.ui.view query during boot. 
2026-03-25 01:30:24,653 143639 INFO cm-test-18.0 odoo.modules.loading: loading numa_currency_exchange_rate/views/menues_views.xml 
2026-03-25 01:30:24,669 143639 INFO cm-test-18.0 odoo.modules.loading: loading numa_currency_exchange_rate/views/service_provider_currencies_views.xml 
2026-03-25 01:30:24,674 143639 WARNING cm-test-18.0 odoo.addons.numa_poly.models.poly: [poly] Removing non-existent column 'controller_page_ids' from ir.ui.view query during boot. 
2026-03-25 01:30:24,681 143639 WARNING cm-test-18.0 odoo.addons.numa_poly.models.poly: [poly] Removing non-existent column 'controller_page_ids' from ir.ui.view query during boot. 
2026-03-25 01:30:24,686 143639 INFO cm-test-18.0 odoo.modules.loading: loading numa_currency_exchange_rate/security/ir.model.access.csv 
2026-03-25 01:30:24,702 143639 WARNING cm-test-18.0 odoo.addons.numa_poly.models.poly: [poly] Removing non-existent column 'flag_image' from res.lang query during boot. 
2026-03-25 01:30:24,711 143639 INFO cm-test-18.0 odoo.modules.loading: loading numa_currency_exchange_rate/security/security.xml 
2026-03-25 01:30:24,715 143639 WARNING cm-test-18.0 odoo.addons.numa_poly.models.poly: [poly] Removing non-existent column 'flag_image' from res.lang query during boot. 
2026-03-25 01:30:24,717 143639 WARNING cm-test-18.0 odoo.addons.numa_poly.models.poly: [poly] Removing non-existent column 'dependencies_id' from ir.module.module query during boot. 
2026-03-25 01:30:24,718 143639 INFO cm-test-18.0 odoo.addons.base.models.ir_module: module numa_currency_exchange_rate: loading translation file /home/gamarino/odoo/numa-addons-18.0/numa_currency_exchange_rate/i18n/es_AR.po for language es_AR 
2026-03-25 01:30:24,718 143639 INFO cm-test-18.0 odoo.tools.translate: loading base translation file /home/gamarino/odoo/numa-addons-18.0/numa_currency_exchange_rate/i18n/es_AR.po for language es_AR 
2026-03-25 01:30:24,756 143639 INFO cm-test-18.0 odoo.modules.loading: Module numa_currency_exchange_rate loaded in 13.54s, 2078 queries (+2078 other) 
2026-03-25 01:30:24,756 143639 INFO cm-test-18.0 odoo.modules.loading: Loading module numa_fsm (103/211) 
2026-03-25 01:30:24,768 143639 INFO cm-test-18.0 odoo.addons.numa_poly.models.poly: [poly] Entering Phase 1: MRO Injection and attribute building 
2026-03-25 01:30:28,364 143639 INFO cm-test-18.0 odoo.addons.numa_poly.models.poly: [poly] Entering Phase 2: Final field stabilization and sanitization 
2026-03-25 01:30:28,554 143639 INFO cm-test-18.0 odoo.addons.numa_poly.models.poly: [poly] Entering Phase 1: MRO Injection and attribute building 
2026-03-25 01:30:32,121 143639 INFO cm-test-18.0 odoo.addons.numa_poly.models.poly: [poly] Entering Phase 2: Final field stabilization and sanitization 
2026-03-25 01:30:32,301 143639 INFO cm-test-18.0 odoo.addons.numa_poly.models.poly: [poly] Entering Phase 1: MRO Injection and attribute building 
2026-03-25 01:30:35,977 143639 INFO cm-test-18.0 odoo.addons.numa_poly.models.poly: [poly] Entering Phase 2: Final field stabilization and sanitization 
2026-03-25 01:30:36,286 143639 INFO cm-test-18.0 odoo.modules.registry: module numa_fsm: creating or updating database tables 
2026-03-25 01:30:36,640 143639 INFO cm-test-18.0 odoo.modules.loading: loading numa_fsm/security/security.xml 
2026-03-25 01:30:36,655 143639 INFO cm-test-18.0 odoo.modules.loading: loading numa_fsm/security/ir.model.access.csv 
2026-03-25 01:30:36,662 143639 WARNING cm-test-18.0 odoo.addons.numa_poly.models.poly: [poly] Removing non-existent column 'flag_image' from res.lang query during boot. 
2026-03-25 01:30:36,685 143639 INFO cm-test-18.0 odoo.modules.loading: loading numa_fsm/views/fsm_views.xml 
2026-03-25 01:30:36,690 143639 WARNING cm-test-18.0 odoo.addons.numa_poly.models.poly: [poly] Removing non-existent column 'controller_page_ids' from ir.ui.view query during boot. 
2026-03-25 01:30:36,697 143639 WARNING cm-test-18.0 odoo.addons.numa_poly.models.poly: [poly] Removing non-existent column 'controller_page_ids' from ir.ui.view query during boot. 
2026-03-25 01:30:36,702 143639 WARNING cm-test-18.0 odoo.addons.numa_poly.models.poly: [poly] Removing non-existent column 'controller_page_ids' from ir.ui.view query during boot. 
2026-03-25 01:30:36,710 143639 WARNING cm-test-18.0 odoo.addons.numa_poly.models.poly: [poly] Removing non-existent column 'controller_page_ids' from ir.ui.view query during boot. 
2026-03-25 01:30:36,717 143639 WARNING cm-test-18.0 odoo.addons.numa_poly.models.poly: [poly] Removing non-existent column 'controller_page_ids' from ir.ui.view query during boot. 
2026-03-25 01:30:36,723 143639 WARNING cm-test-18.0 odoo.addons.numa_poly.models.poly: [poly] Removing non-existent column 'controller_page_ids' from ir.ui.view query during boot. 
2026-03-25 01:30:36,730 143639 WARNING cm-test-18.0 odoo.addons.numa_poly.models.poly: [poly] Removing non-existent column 'controller_page_ids' from ir.ui.view query during boot. 
2026-03-25 01:30:36,735 143639 WARNING cm-test-18.0 odoo.addons.numa_poly.models.poly: [poly] Removing non-existent column 'controller_page_ids' from ir.ui.view query during boot. 
2026-03-25 01:30:36,738 143639 INFO cm-test-18.0 odoo.modules.loading: loading numa_fsm/views/menu_views.xml 
2026-03-25 01:30:36,742 143639 WARNING cm-test-18.0 odoo.addons.numa_poly.models.poly: [poly] Removing non-existent column 'flag_image' from res.lang query during boot. 
2026-03-25 01:30:36,743 143639 WARNING cm-test-18.0 odoo.addons.numa_poly.models.poly: [poly] Removing non-existent column 'dependencies_id' from ir.module.module query during boot. 
2026-03-25 01:30:36,744 143639 INFO cm-test-18.0 odoo.addons.base.models.ir_module: module numa_fsm: loading translation file /home/gamarino/odoo/numa-public-addons-18.0/numa_fsm/i18n/es.po for language es_AR 
2026-03-25 01:30:36,744 143639 INFO cm-test-18.0 odoo.tools.translate: loading base translation file /home/gamarino/odoo/numa-public-addons-18.0/numa_fsm/i18n/es.po for language es_AR 
2026-03-25 01:30:36,794 143639 INFO cm-test-18.0 odoo.modules.loading: Module numa_fsm loaded in 12.04s, 2222 queries (+2222 other) 
2026-03-25 01:30:36,795 143639 INFO cm-test-18.0 odoo.modules.loading: Loading module numa_l10n_latam (104/211) 
2026-03-25 01:30:36,806 143639 INFO cm-test-18.0 odoo.addons.numa_poly.models.poly: [poly] Entering Phase 1: MRO Injection and attribute building 
2026-03-25 01:30:40,570 143639 INFO cm-test-18.0 odoo.addons.numa_poly.models.poly: [poly] Entering Phase 2: Final field stabilization and sanitization 
2026-03-25 01:30:40,754 143639 INFO cm-test-18.0 odoo.addons.numa_poly.models.poly: [poly] Entering Phase 1: MRO Injection and attribute building 
2026-03-25 01:30:44,401 143639 INFO cm-test-18.0 odoo.addons.numa_poly.models.poly: [poly] Entering Phase 2: Final field stabilization and sanitization 
2026-03-25 01:30:44,602 143639 INFO cm-test-18.0 odoo.addons.numa_poly.models.poly: [poly] Entering Phase 1: MRO Injection and attribute building 
2026-03-25 01:30:48,571 143639 INFO cm-test-18.0 odoo.addons.numa_poly.models.poly: [poly] Entering Phase 2: Final field stabilization and sanitization 
2026-03-25 01:30:48,752 143639 INFO cm-test-18.0 odoo.modules.registry: module numa_l10n_latam: creating or updating database tables 
2026-03-25 01:30:48,757 143639 INFO cm-test-18.0 odoo.schema: Table 'l10n_latam_country_vat': unable to add constraint 'l10n_latam_country_vat_country_type_vat' as unique(country,type,vat) 
2026-03-25 01:30:48,908 143639 INFO cm-test-18.0 odoo.modules.loading: loading numa_l10n_latam/security/security.xml 
2026-03-25 01:30:48,910 143639 INFO cm-test-18.0 odoo.modules.loading: loading numa_l10n_latam/security/ir.model.access.csv 
2026-03-25 01:30:48,927 143639 WARNING cm-test-18.0 odoo.addons.numa_poly.models.poly: [poly] Removing non-existent column 'flag_image' from res.lang query during boot. 
2026-03-25 01:30:48,934 143639 INFO cm-test-18.0 odoo.modules.loading: loading numa_l10n_latam/data/res_country_vat.xml 
2026-03-25 01:30:49,173 143639 INFO cm-test-18.0 odoo.modules.loading: loading numa_l10n_latam/views/menu_views.xml 
2026-03-25 01:30:49,187 143639 WARNING cm-test-18.0 odoo.addons.numa_poly.models.poly: [poly] Removing non-existent column 'flag_image' from res.lang query during boot. 
2026-03-25 01:30:49,201 143639 INFO cm-test-18.0 odoo.modules.loading: loading numa_l10n_latam/views/res_country_views.xml 
2026-03-25 01:30:49,206 143639 WARNING cm-test-18.0 odoo.addons.numa_poly.models.poly: [poly] Removing non-existent column 'controller_page_ids' from ir.ui.view query during boot. 
2026-03-25 01:30:49,208 143639 WARNING cm-test-18.0 odoo.addons.numa_poly.models.poly: [poly] Removing non-existent column 'groups_id' from ir.ui.view query during boot. 
2026-03-25 01:30:49,216 143639 INFO cm-test-18.0 odoo.modules.loading: loading numa_l10n_latam/views/res_country_vat_views.xml 
2026-03-25 01:30:49,220 143639 WARNING cm-test-18.0 odoo.addons.numa_poly.models.poly: [poly] Removing non-existent column 'controller_page_ids' from ir.ui.view query during boot. 
2026-03-25 01:30:49,226 143639 WARNING cm-test-18.0 odoo.addons.numa_poly.models.poly: [poly] Removing non-existent column 'controller_page_ids' from ir.ui.view query during boot. 
2026-03-25 01:30:49,232 143639 WARNING cm-test-18.0 odoo.addons.numa_poly.models.poly: [poly] Removing non-existent column 'controller_page_ids' from ir.ui.view query during boot. 
2026-03-25 01:30:49,235 143639 INFO cm-test-18.0 odoo.modules.loading: loading numa_l10n_latam/views/res_currency_views.xml 
2026-03-25 01:30:49,239 143639 WARNING cm-test-18.0 odoo.addons.numa_poly.models.poly: [poly] Removing non-existent column 'controller_page_ids' from ir.ui.view query during boot. 
2026-03-25 01:30:49,240 143639 WARNING cm-test-18.0 odoo.addons.numa_poly.models.poly: [poly] Removing non-existent column 'groups_id' from ir.ui.view query during boot. 
2026-03-25 01:30:49,250 143639 WARNING cm-test-18.0 odoo.addons.numa_poly.models.poly: [poly] Removing non-existent column 'dependencies_id' from ir.module.module query during boot. 
2026-03-25 01:30:49,251 143639 INFO cm-test-18.0 odoo.addons.base.models.ir_module: module numa_l10n_latam: loading translation file /home/gamarino/odoo/numa-addons-18.0/numa_l10n_latam/i18n/es_AR.po for language es_AR 
2026-03-25 01:30:49,251 143639 INFO cm-test-18.0 odoo.tools.translate: loading base translation file /home/gamarino/odoo/numa-addons-18.0/numa_l10n_latam/i18n/es_AR.po for language es_AR 
2026-03-25 01:30:49,293 143639 INFO cm-test-18.0 odoo.modules.loading: Module numa_l10n_latam loaded in 12.50s, 3400 queries (+3400 other) 
2026-03-25 01:30:49,293 143639 INFO cm-test-18.0 odoo.modules.loading: Loading module om_account_asset (105/211) 
2026-03-25 01:30:49,306 143639 INFO cm-test-18.0 odoo.addons.numa_poly.models.poly: [poly] Entering Phase 1: MRO Injection and attribute building 
2026-03-25 01:30:53,188 143639 INFO cm-test-18.0 odoo.addons.numa_poly.models.poly: [poly] Entering Phase 2: Final field stabilization and sanitization 
2026-03-25 01:30:53,374 143639 INFO cm-test-18.0 odoo.addons.numa_poly.models.poly: [poly] Entering Phase 1: MRO Injection and attribute building 
2026-03-25 01:30:57,125 143639 INFO cm-test-18.0 odoo.addons.numa_poly.models.poly: [poly] Entering Phase 2: Final field stabilization and sanitization 
2026-03-25 01:30:57,287 143639 INFO cm-test-18.0 odoo.addons.numa_poly.models.poly: [poly] Entering Phase 1: MRO Injection and attribute building 
2026-03-25 01:31:00,739 143639 INFO cm-test-18.0 odoo.addons.numa_poly.models.poly: [poly] Entering Phase 2: Final field stabilization and sanitization 
2026-03-25 01:31:00,999 143639 INFO cm-test-18.0 odoo.modules.registry: module om_account_asset: creating or updating database tables 
2026-03-25 01:31:01,070 143639 WARNING cm-test-18.0 odoo.addons.base.models.ir_model: Two fields (property_cost_currency_id, cost_currency_id) of product.template() have the same label: Cost Currency. [Modules: numa_product_multi_currency and product] 
2026-03-25 01:31:01,070 143639 WARNING cm-test-18.0 odoo.addons.base.models.ir_model: Two fields (property_cost_currency_id, cost_currency_id) of product.product() have the same label: Cost Currency. [Modules: None and None] 
2026-03-25 01:31:01,286 143639 INFO cm-test-18.0 odoo.modules.loading: loading om_account_asset/data/account_asset_data.xml 
2026-03-25 01:31:01,289 143639 INFO cm-test-18.0 odoo.modules.loading: loading om_account_asset/security/account_asset_security.xml 
2026-03-25 01:31:01,293 143639 INFO cm-test-18.0 odoo.modules.loading: loading om_account_asset/security/ir.model.access.csv 
2026-03-25 01:31:01,300 143639 WARNING cm-test-18.0 odoo.addons.numa_poly.models.poly: [poly] Removing non-existent column 'flag_image' from res.lang query during boot. 
2026-03-25 01:31:01,322 143639 INFO cm-test-18.0 odoo.modules.loading: loading om_account_asset/wizard/asset_depreciation_confirmation_wizard_views.xml 
2026-03-25 01:31:01,327 143639 WARNING cm-test-18.0 odoo.addons.numa_poly.models.poly: [poly] Removing non-existent column 'controller_page_ids' from ir.ui.view query during boot. 
2026-03-25 01:31:01,343 143639 INFO cm-test-18.0 odoo.modules.loading: loading om_account_asset/wizard/asset_modify_views.xml 
2026-03-25 01:31:01,348 143639 WARNING cm-test-18.0 odoo.addons.numa_poly.models.poly: [poly] Removing non-existent column 'controller_page_ids' from ir.ui.view query during boot. 
2026-03-25 01:31:01,354 143639 INFO cm-test-18.0 odoo.modules.loading: loading om_account_asset/views/account_asset_views.xml 
2026-03-25 01:31:01,358 143639 WARNING cm-test-18.0 odoo.addons.numa_poly.models.poly: [poly] Removing non-existent column 'controller_page_ids' from ir.ui.view query during boot. 
2026-03-25 01:31:01,365 143639 WARNING cm-test-18.0 odoo.addons.numa_poly.models.poly: [poly] Removing non-existent column 'controller_page_ids' from ir.ui.view query during boot. 
2026-03-25 01:31:01,371 143639 WARNING cm-test-18.0 odoo.addons.numa_poly.models.poly: [poly] Removing non-existent column 'controller_page_ids' from ir.ui.view query during boot. 
2026-03-25 01:31:01,376 143639 WARNING cm-test-18.0 odoo.addons.numa_poly.models.poly: [poly] Removing non-existent column 'controller_page_ids' from ir.ui.view query during boot. 
2026-03-25 01:31:01,386 143639 INFO cm-test-18.0 odoo.modules.loading: loading om_account_asset/views/account_move_views.xml 
2026-03-25 01:31:01,392 143639 WARNING cm-test-18.0 odoo.addons.numa_poly.models.poly: [poly] Removing non-existent column 'controller_page_ids' from ir.ui.view query during boot. 
2026-03-25 01:31:01,393 143639 WARNING cm-test-18.0 odoo.addons.numa_poly.models.poly: [poly] Removing non-existent column 'groups_id' from ir.ui.view query during boot. 
2026-03-25 01:31:01,403 143639 INFO cm-test-18.0 odoo.modules.loading: loading om_account_asset/views/account_asset_templates.xml 
2026-03-25 01:31:01,408 143639 INFO cm-test-18.0 odoo.modules.loading: loading om_account_asset/views/asset_category_views.xml 
2026-03-25 01:31:01,413 143639 WARNING cm-test-18.0 odoo.addons.numa_poly.models.poly: [poly] Removing non-existent column 'controller_page_ids' from ir.ui.view query during boot. 
2026-03-25 01:31:01,420 143639 WARNING cm-test-18.0 odoo.addons.numa_poly.models.poly: [poly] Removing non-existent column 'controller_page_ids' from ir.ui.view query during boot. 
2026-03-25 01:31:01,427 143639 WARNING cm-test-18.0 odoo.addons.numa_poly.models.poly: [poly] Removing non-existent column 'controller_page_ids' from ir.ui.view query during boot. 
2026-03-25 01:31:01,433 143639 WARNING cm-test-18.0 odoo.addons.numa_poly.models.poly: [poly] Removing non-existent column 'controller_page_ids' from ir.ui.view query during boot. 
2026-03-25 01:31:01,443 143639 INFO cm-test-18.0 odoo.modules.loading: loading om_account_asset/views/product_views.xml 
2026-03-25 01:31:01,448 143639 WARNING cm-test-18.0 odoo.addons.numa_poly.models.poly: [poly] Removing non-existent column 'controller_page_ids' from ir.ui.view query during boot. 
2026-03-25 01:31:01,449 143639 WARNING cm-test-18.0 odoo.addons.numa_poly.models.poly: [poly] Removing non-existent column 'groups_id' from ir.ui.view query during boot. 
2026-03-25 01:31:01,458 143639 INFO cm-test-18.0 odoo.modules.loading: loading om_account_asset/report/account_asset_report_views.xml 
2026-03-25 01:31:01,463 143639 WARNING cm-test-18.0 odoo.addons.numa_poly.models.poly: [poly] Removing non-existent column 'controller_page_ids' from ir.ui.view query during boot. 
2026-03-25 01:31:01,468 143639 WARNING cm-test-18.0 odoo.addons.numa_poly.models.poly: [poly] Removing non-existent column 'controller_page_ids' from ir.ui.view query during boot. 
2026-03-25 01:31:01,474 143639 WARNING cm-test-18.0 odoo.addons.numa_poly.models.poly: [poly] Removing non-existent column 'controller_page_ids' from ir.ui.view query during boot. 
2026-03-25 01:31:01,483 143639 WARNING cm-test-18.0 odoo.addons.numa_poly.models.poly: [poly] Removing non-existent column 'flag_image' from res.lang query during boot. 
2026-03-25 01:31:01,492 143639 WARNING cm-test-18.0 odoo.addons.numa_poly.models.poly: [poly] Removing non-existent column 'dependencies_id' from ir.module.module query during boot. 
2026-03-25 01:31:01,493 143639 INFO cm-test-18.0 odoo.addons.base.models.ir_module: module om_account_asset: loading translation file /home/gamarino/odoo/extra-addons-18.0/om_account_asset/i18n/es_AR.po for language es_AR 
2026-03-25 01:31:01,493 143639 INFO cm-test-18.0 odoo.tools.translate: loading base translation file /home/gamarino/odoo/extra-addons-18.0/om_account_asset/i18n/es_AR.po for language es_AR 
2026-03-25 01:31:01,551 143639 INFO cm-test-18.0 odoo.modules.loading: Module om_account_asset loaded in 12.26s, 2470 queries (+2470 other) 
2026-03-25 01:31:01,551 143639 INFO cm-test-18.0 odoo.modules.loading: Loading module om_account_budget (106/211) 
2026-03-25 01:31:01,562 143639 INFO cm-test-18.0 odoo.addons.numa_poly.models.poly: [poly] Entering Phase 1: MRO Injection and attribute building 
2026-03-25 01:31:05,300 143639 INFO cm-test-18.0 odoo.addons.numa_poly.models.poly: [poly] Entering Phase 2: Final field stabilization and sanitization 
2026-03-25 01:31:05,480 143639 INFO cm-test-18.0 odoo.addons.numa_poly.models.poly: [poly] Entering Phase 1: MRO Injection and attribute building 
2026-03-25 01:31:09,060 143639 INFO cm-test-18.0 odoo.addons.numa_poly.models.poly: [poly] Entering Phase 2: Final field stabilization and sanitization 
2026-03-25 01:31:09,226 143639 INFO cm-test-18.0 odoo.addons.numa_poly.models.poly: [poly] Entering Phase 1: MRO Injection and attribute building 
2026-03-25 01:31:12,803 143639 INFO cm-test-18.0 odoo.addons.numa_poly.models.poly: [poly] Entering Phase 2: Final field stabilization and sanitization 
2026-03-25 01:31:12,993 143639 INFO cm-test-18.0 odoo.modules.registry: module om_account_budget: creating or updating database tables 
2026-03-25 01:31:13,150 143639 INFO cm-test-18.0 odoo.modules.loading: loading om_account_budget/security/ir.model.access.csv 
2026-03-25 01:31:13,156 143639 WARNING cm-test-18.0 odoo.addons.numa_poly.models.poly: [poly] Removing non-existent column 'flag_image' from res.lang query during boot. 
2026-03-25 01:31:13,168 143639 INFO cm-test-18.0 odoo.modules.loading: loading om_account_budget/security/security.xml 
2026-03-25 01:31:13,174 143639 INFO cm-test-18.0 odoo.modules.loading: loading om_account_budget/views/account_analytic_account_views.xml 
2026-03-25 01:31:13,179 143639 WARNING cm-test-18.0 odoo.addons.numa_poly.models.poly: [poly] Removing non-existent column 'controller_page_ids' from ir.ui.view query during boot. 
2026-03-25 01:31:13,181 143639 WARNING cm-test-18.0 odoo.addons.numa_poly.models.poly: [poly] Removing non-existent column 'groups_id' from ir.ui.view query during boot. 
2026-03-25 01:31:13,189 143639 INFO cm-test-18.0 odoo.modules.loading: loading om_account_budget/views/account_budget_views.xml 
2026-03-25 01:31:13,193 143639 WARNING cm-test-18.0 odoo.addons.numa_poly.models.poly: [poly] Removing non-existent column 'controller_page_ids' from ir.ui.view query during boot. 
2026-03-25 01:31:13,198 143639 WARNING cm-test-18.0 odoo.addons.numa_poly.models.poly: [poly] Removing non-existent column 'controller_page_ids' from ir.ui.view query during boot. 
2026-03-25 01:31:13,210 143639 WARNING cm-test-18.0 odoo.addons.numa_poly.models.poly: [poly] Removing non-existent column 'controller_page_ids' from ir.ui.view query during boot. 
2026-03-25 01:31:13,215 143639 WARNING cm-test-18.0 odoo.addons.numa_poly.models.poly: [poly] Removing non-existent column 'controller_page_ids' from ir.ui.view query during boot. 
2026-03-25 01:31:13,220 143639 WARNING cm-test-18.0 odoo.addons.numa_poly.models.poly: [poly] Removing non-existent column 'controller_page_ids' from ir.ui.view query during boot. 
2026-03-25 01:31:13,225 143639 WARNING cm-test-18.0 odoo.addons.numa_poly.models.poly: [poly] Removing non-existent column 'controller_page_ids' from ir.ui.view query during boot. 
2026-03-25 01:31:13,231 143639 WARNING cm-test-18.0 odoo.addons.numa_poly.models.poly: [poly] Removing non-existent column 'controller_page_ids' from ir.ui.view query during boot. 
2026-03-25 01:31:13,237 143639 WARNING cm-test-18.0 odoo.addons.numa_poly.models.poly: [poly] Removing non-existent column 'flag_image' from res.lang query during boot. 
2026-03-25 01:31:13,245 143639 WARNING cm-test-18.0 odoo.addons.numa_poly.models.poly: [poly] Removing non-existent column 'controller_page_ids' from ir.ui.view query during boot. 
2026-03-25 01:31:13,250 143639 WARNING cm-test-18.0 odoo.addons.numa_poly.models.poly: [poly] Removing non-existent column 'controller_page_ids' from ir.ui.view query during boot. 
2026-03-25 01:31:13,255 143639 WARNING cm-test-18.0 odoo.addons.numa_poly.models.poly: [poly] Removing non-existent column 'controller_page_ids' from ir.ui.view query during boot. 
2026-03-25 01:31:13,260 143639 WARNING cm-test-18.0 odoo.addons.numa_poly.models.poly: [poly] Removing non-existent column 'controller_page_ids' from ir.ui.view query during boot. 
2026-03-25 01:31:13,264 143639 WARNING cm-test-18.0 odoo.addons.numa_poly.models.poly: [poly] Removing non-existent column 'controller_page_ids' from ir.ui.view query during boot. 
2026-03-25 01:31:13,277 143639 INFO cm-test-18.0 odoo.modules.loading: loading om_account_budget/views/res_config_settings_views.xml 
2026-03-25 01:31:13,282 143639 WARNING cm-test-18.0 odoo.addons.numa_poly.models.poly: [poly] Removing non-existent column 'controller_page_ids' from ir.ui.view query during boot. 
2026-03-25 01:31:13,283 143639 WARNING cm-test-18.0 odoo.addons.numa_poly.models.poly: [poly] Removing non-existent column 'groups_id' from ir.ui.view query during boot. 
2026-03-25 01:31:13,300 143639 INFO cm-test-18.0 odoo.modules.loading: Module om_account_budget: loading demo 
2026-03-25 01:31:13,300 143639 INFO cm-test-18.0 odoo.modules.loading: loading om_account_budget/data/account_budget_demo.xml 
2026-03-25 01:31:13,318 143639 WARNING cm-test-18.0 odoo.addons.numa_poly.models.poly: [poly] Removing non-existent column 'dependencies_id' from ir.module.module query during boot. 
2026-03-25 01:31:13,319 143639 INFO cm-test-18.0 odoo.addons.base.models.ir_module: module om_account_budget: loading translation file /home/gamarino/odoo/extra-addons-18.0/om_account_budget/i18n/es_AR.po for language es_AR 
2026-03-25 01:31:13,319 143639 INFO cm-test-18.0 odoo.tools.translate: loading base translation file /home/gamarino/odoo/extra-addons-18.0/om_account_budget/i18n/es_AR.po for language es_AR 
2026-03-25 01:31:13,358 143639 INFO cm-test-18.0 odoo.modules.loading: Module om_account_budget loaded in 11.81s, 2332 queries (+2332 other) 
2026-03-25 01:31:13,358 143639 INFO cm-test-18.0 odoo.modules.loading: Loading module om_account_followup (107/211) 
2026-03-25 01:31:13,369 143639 INFO cm-test-18.0 odoo.addons.numa_poly.models.poly: [poly] Entering Phase 1: MRO Injection and attribute building 
2026-03-25 01:31:16,895 143639 INFO cm-test-18.0 odoo.addons.numa_poly.models.poly: [poly] Entering Phase 2: Final field stabilization and sanitization 
2026-03-25 01:31:17,084 143639 INFO cm-test-18.0 odoo.addons.numa_poly.models.poly: [poly] Entering Phase 1: MRO Injection and attribute building 
2026-03-25 01:31:20,878 143639 INFO cm-test-18.0 odoo.addons.numa_poly.models.poly: [poly] Entering Phase 2: Final field stabilization and sanitization 
2026-03-25 01:31:21,078 143639 INFO cm-test-18.0 odoo.addons.numa_poly.models.poly: [poly] Entering Phase 1: MRO Injection and attribute building 
2026-03-25 01:31:24,783 143639 INFO cm-test-18.0 odoo.addons.numa_poly.models.poly: [poly] Entering Phase 2: Final field stabilization and sanitization 
2026-03-25 01:31:25,031 143639 INFO cm-test-18.0 odoo.modules.registry: module om_account_followup: creating or updating database tables 
2026-03-25 01:31:25,343 143639 INFO cm-test-18.0 odoo.modules.loading: loading om_account_followup/security/security.xml 
2026-03-25 01:31:25,348 143639 INFO cm-test-18.0 odoo.modules.loading: loading om_account_followup/security/ir.model.access.csv 
2026-03-25 01:31:25,367 143639 WARNING cm-test-18.0 odoo.addons.numa_poly.models.poly: [poly] Removing non-existent column 'flag_image' from res.lang query during boot. 
2026-03-25 01:31:25,386 143639 INFO cm-test-18.0 odoo.modules.loading: loading om_account_followup/data/data.xml 
2026-03-25 01:31:25,398 143639 INFO cm-test-18.0 odoo.modules.loading: loading om_account_followup/wizard/followup_print_view.xml 
2026-03-25 01:31:25,405 143639 WARNING cm-test-18.0 odoo.addons.numa_poly.models.poly: [poly] Removing non-existent column 'controller_page_ids' from ir.ui.view query during boot. 
2026-03-25 01:31:25,425 143639 INFO cm-test-18.0 odoo.modules.loading: loading om_account_followup/wizard/followup_results_view.xml 
2026-03-25 01:31:25,429 143639 WARNING cm-test-18.0 odoo.addons.numa_poly.models.poly: [poly] Removing non-existent column 'controller_page_ids' from ir.ui.view query during boot. 
2026-03-25 01:31:25,433 143639 INFO cm-test-18.0 odoo.modules.loading: loading om_account_followup/views/followup_view.xml 
2026-03-25 01:31:25,439 143639 WARNING cm-test-18.0 odoo.addons.numa_poly.models.poly: [poly] Removing non-existent column 'controller_page_ids' from ir.ui.view query during boot. 
2026-03-25 01:31:25,446 143639 WARNING cm-test-18.0 odoo.addons.numa_poly.models.poly: [poly] Removing non-existent column 'controller_page_ids' from ir.ui.view query during boot. 
2026-03-25 01:31:25,452 143639 WARNING cm-test-18.0 odoo.addons.numa_poly.models.poly: [poly] Removing non-existent column 'controller_page_ids' from ir.ui.view query during boot. 
2026-03-25 01:31:25,457 143639 WARNING cm-test-18.0 odoo.addons.numa_poly.models.poly: [poly] Removing non-existent column 'controller_page_ids' from ir.ui.view query during boot. 
2026-03-25 01:31:25,462 143639 WARNING cm-test-18.0 odoo.addons.numa_poly.models.poly: [poly] Removing non-existent column 'controller_page_ids' from ir.ui.view query during boot. 
2026-03-25 01:31:25,468 143639 WARNING cm-test-18.0 odoo.addons.numa_poly.models.poly: [poly] Removing non-existent column 'flag_image' from res.lang query during boot. 
2026-03-25 01:31:25,471 143639 WARNING cm-test-18.0 odoo.addons.numa_poly.models.poly: [poly] Removing non-existent column 'controller_page_ids' from ir.ui.view query during boot. 
2026-03-25 01:31:25,487 143639 INFO cm-test-18.0 odoo.modules.loading: loading om_account_followup/views/account_move.xml 
2026-03-25 01:31:25,500 143639 WARNING cm-test-18.0 odoo.addons.numa_poly.models.poly: [poly] Removing non-existent column 'controller_page_ids' from ir.ui.view query during boot. 
2026-03-25 01:31:25,505 143639 WARNING cm-test-18.0 odoo.addons.numa_poly.models.poly: [poly] Removing non-existent column 'controller_page_ids' from ir.ui.view query during boot. 
2026-03-25 01:31:25,506 143639 WARNING cm-test-18.0 odoo.addons.numa_poly.models.poly: [poly] Removing non-existent column 'groups_id' from ir.ui.view query during boot. 
2026-03-25 01:31:25,510 143639 INFO cm-test-18.0 odoo.modules.loading: loading om_account_followup/views/partners.xml 
2026-03-25 01:31:25,515 143639 WARNING cm-test-18.0 odoo.addons.numa_poly.models.poly: [poly] Removing non-existent column 'controller_page_ids' from ir.ui.view query during boot. 
2026-03-25 01:31:25,520 143639 WARNING cm-test-18.0 odoo.addons.numa_poly.models.poly: [poly] Removing non-existent column 'controller_page_ids' from ir.ui.view query during boot. 
2026-03-25 01:31:25,521 143639 WARNING cm-test-18.0 odoo.addons.numa_poly.models.poly: [poly] Removing non-existent column 'groups_id' from ir.ui.view query during boot. 
2026-03-25 01:31:25,529 143639 WARNING cm-test-18.0 odoo.addons.numa_poly.models.poly: [poly] Removing non-existent column 'controller_page_ids' from ir.ui.view query during boot. 
2026-03-25 01:31:25,530 143639 WARNING cm-test-18.0 odoo.addons.numa_poly.models.poly: [poly] Removing non-existent column 'groups_id' from ir.ui.view query during boot. 
2026-03-25 01:31:25,544 143639 WARNING cm-test-18.0 odoo.addons.numa_poly.models.poly: [poly] Removing non-existent column 'controller_page_ids' from ir.ui.view query during boot. 
2026-03-25 01:31:25,545 143639 WARNING cm-test-18.0 odoo.addons.numa_poly.models.poly: [poly] Removing non-existent column 'groups_id' from ir.ui.view query during boot. 
2026-03-25 01:31:25,569 143639 INFO cm-test-18.0 odoo.modules.loading: loading om_account_followup/views/report_followup.xml 
2026-03-25 01:31:25,578 143639 INFO cm-test-18.0 odoo.modules.loading: loading om_account_followup/views/reports.xml 
2026-03-25 01:31:25,582 143639 INFO cm-test-18.0 odoo.modules.loading: loading om_account_followup/views/followup_partner_view.xml 
2026-03-25 01:31:25,587 143639 WARNING cm-test-18.0 odoo.addons.numa_poly.models.poly: [poly] Removing non-existent column 'controller_page_ids' from ir.ui.view query during boot. 
2026-03-25 01:31:25,591 143639 WARNING cm-test-18.0 odoo.addons.numa_poly.models.poly: [poly] Removing non-existent column 'controller_page_ids' from ir.ui.view query during boot. 
2026-03-25 01:31:25,595 143639 INFO cm-test-18.0 odoo.modules.loading: loading om_account_followup/report/followup_report.xml 
2026-03-25 01:31:25,599 143639 WARNING cm-test-18.0 odoo.addons.numa_poly.models.poly: [poly] Removing non-existent column 'controller_page_ids' from ir.ui.view query during boot. 
2026-03-25 01:31:25,603 143639 WARNING cm-test-18.0 odoo.addons.numa_poly.models.poly: [poly] Removing non-existent column 'controller_page_ids' from ir.ui.view query during boot. 
2026-03-25 01:31:25,616 143639 INFO cm-test-18.0 odoo.modules.loading: Module om_account_followup: loading demo 
2026-03-25 01:31:25,616 143639 INFO cm-test-18.0 odoo.modules.loading: loading om_account_followup/demo/demo.xml 
2026-03-25 01:31:25,622 143639 WARNING cm-test-18.0 odoo.addons.numa_poly.models.poly: [poly] Removing non-existent column 'dependencies_id' from ir.module.module query during boot. 
2026-03-25 01:31:25,622 143639 INFO cm-test-18.0 odoo.addons.base.models.ir_module: module om_account_followup: loading translation file /home/gamarino/odoo/extra-addons-18.0/om_account_followup/i18n/es_AR.po for language es_AR 
2026-03-25 01:31:25,622 143639 INFO cm-test-18.0 odoo.tools.translate: loading base translation file /home/gamarino/odoo/extra-addons-18.0/om_account_followup/i18n/es_AR.po for language es_AR 
2026-03-25 01:31:25,677 143639 INFO cm-test-18.0 odoo.modules.loading: Module om_account_followup loaded in 12.32s, 2566 queries (+2566 other) 
2026-03-25 01:31:25,677 143639 INFO cm-test-18.0 odoo.modules.loading: Loading module om_fiscal_year (108/211) 
2026-03-25 01:31:25,689 143639 INFO cm-test-18.0 odoo.addons.numa_poly.models.poly: [poly] Entering Phase 1: MRO Injection and attribute building 
2026-03-25 01:31:29,410 143639 INFO cm-test-18.0 odoo.addons.numa_poly.models.poly: [poly] Entering Phase 2: Final field stabilization and sanitization 
2026-03-25 01:31:29,570 143639 INFO cm-test-18.0 odoo.addons.numa_poly.models.poly: [poly] Entering Phase 1: MRO Injection and attribute building 
2026-03-25 01:31:33,263 143639 INFO cm-test-18.0 odoo.addons.numa_poly.models.poly: [poly] Entering Phase 2: Final field stabilization and sanitization 
2026-03-25 01:31:33,458 143639 INFO cm-test-18.0 odoo.addons.numa_poly.models.poly: [poly] Entering Phase 1: MRO Injection and attribute building 
2026-03-25 01:31:37,032 143639 INFO cm-test-18.0 odoo.addons.numa_poly.models.poly: [poly] Entering Phase 2: Final field stabilization and sanitization 
2026-03-25 01:31:37,218 143639 INFO cm-test-18.0 odoo.modules.registry: module om_fiscal_year: creating or updating database tables 
2026-03-25 01:31:37,248 143639 WARNING cm-test-18.0 odoo.addons.base.models.ir_model: Two fields (sale_lock_date, tax_lock_date) of res.config.settings() have the same label: Hard Lock Date. [Modules: om_fiscal_year and om_fiscal_year] 
2026-03-25 01:31:37,248 143639 WARNING cm-test-18.0 odoo.addons.base.models.ir_model: Two fields (purchase_lock_date, tax_lock_date) of res.config.settings() have the same label: Hard Lock Date. [Modules: om_fiscal_year and om_fiscal_year] 
2026-03-25 01:31:37,248 143639 WARNING cm-test-18.0 odoo.addons.base.models.ir_model: Two fields (hard_lock_date, tax_lock_date) of res.config.settings() have the same label: Hard Lock Date. [Modules: om_fiscal_year and om_fiscal_year] 
2026-03-25 01:31:37,408 143639 INFO cm-test-18.0 odoo.modules.loading: loading om_fiscal_year/security/security.xml 
2026-03-25 01:31:37,420 143639 WARNING cm-test-18.0 odoo.addons.numa_poly.models.poly: [poly] Removing non-existent column 'users' from res.groups query during boot. 
2026-03-25 01:31:37,422 143639 WARNING cm-test-18.0 odoo.addons.numa_poly.models.poly: [poly] Removing non-existent column 'users' from res.groups query during boot. 
2026-03-25 01:31:37,426 143639 WARNING cm-test-18.0 odoo.addons.numa_poly.models.poly: [poly] Removing non-existent column 'users' from res.groups query during boot. 
2026-03-25 01:31:37,429 143639 INFO cm-test-18.0 odoo.modules.loading: loading om_fiscal_year/security/ir.model.access.csv 
2026-03-25 01:31:37,431 143639 WARNING cm-test-18.0 odoo.addons.numa_poly.models.poly: [poly] Removing non-existent column 'groups_id' from res.users query during boot. 
2026-03-25 01:31:37,443 143639 WARNING cm-test-18.0 odoo.addons.numa_poly.models.poly: [poly] Removing non-existent column 'flag_image' from res.lang query during boot. 
2026-03-25 01:31:37,451 143639 INFO cm-test-18.0 odoo.modules.loading: loading om_fiscal_year/wizard/change_lock_date.xml 
2026-03-25 01:31:37,456 143639 WARNING cm-test-18.0 odoo.addons.numa_poly.models.poly: [poly] Removing non-existent column 'controller_page_ids' from ir.ui.view query during boot. 
2026-03-25 01:31:37,471 143639 INFO cm-test-18.0 odoo.modules.loading: loading om_fiscal_year/views/fiscal_year.xml 
2026-03-25 01:31:37,475 143639 WARNING cm-test-18.0 odoo.addons.numa_poly.models.poly: [poly] Removing non-existent column 'controller_page_ids' from ir.ui.view query during boot. 
2026-03-25 01:31:37,481 143639 WARNING cm-test-18.0 odoo.addons.numa_poly.models.poly: [poly] Removing non-existent column 'controller_page_ids' from ir.ui.view query during boot. 
2026-03-25 01:31:37,487 143639 WARNING cm-test-18.0 odoo.addons.numa_poly.models.poly: [poly] Removing non-existent column 'flag_image' from res.lang query during boot. 
2026-03-25 01:31:37,494 143639 INFO cm-test-18.0 odoo.modules.loading: loading om_fiscal_year/views/settings.xml 
2026-03-25 01:31:37,500 143639 WARNING cm-test-18.0 odoo.addons.numa_poly.models.poly: [poly] Removing non-existent column 'controller_page_ids' from ir.ui.view query during boot. 
2026-03-25 01:31:37,500 143639 WARNING cm-test-18.0 odoo.addons.numa_poly.models.poly: [poly] Removing non-existent column 'groups_id' from ir.ui.view query during boot. 
2026-03-25 01:31:37,522 143639 WARNING cm-test-18.0 odoo.addons.numa_poly.models.poly: [poly] Removing non-existent column 'dependencies_id' from ir.module.module query during boot. 
2026-03-25 01:31:37,523 143639 INFO cm-test-18.0 odoo.addons.base.models.ir_module: module om_fiscal_year: loading translation file /home/gamarino/odoo/extra-addons-18.0/om_fiscal_year/i18n/es_AR.po for language es_AR 
2026-03-25 01:31:37,524 143639 INFO cm-test-18.0 odoo.tools.translate: loading base translation file /home/gamarino/odoo/extra-addons-18.0/om_fiscal_year/i18n/es_AR.po for language es_AR 
2026-03-25 01:31:37,559 143639 INFO cm-test-18.0 odoo.modules.loading: Module om_fiscal_year loaded in 11.88s, 2227 queries (+2227 other) 
2026-03-25 01:31:37,559 143639 INFO cm-test-18.0 odoo.modules.loading: Loading module om_recurring_payments (109/211) 
2026-03-25 01:31:37,571 143639 INFO cm-test-18.0 odoo.addons.numa_poly.models.poly: [poly] Entering Phase 1: MRO Injection and attribute building 
2026-03-25 01:31:41,043 143639 INFO cm-test-18.0 odoo.addons.numa_poly.models.poly: [poly] Entering Phase 2: Final field stabilization and sanitization 
2026-03-25 01:31:41,194 143639 INFO cm-test-18.0 odoo.addons.numa_poly.models.poly: [poly] Entering Phase 1: MRO Injection and attribute building 
2026-03-25 01:31:44,766 143639 INFO cm-test-18.0 odoo.addons.numa_poly.models.poly: [poly] Entering Phase 2: Final field stabilization and sanitization 
2026-03-25 01:31:44,927 143639 INFO cm-test-18.0 odoo.addons.numa_poly.models.poly: [poly] Entering Phase 1: MRO Injection and attribute building 
2026-03-25 01:31:48,460 143639 INFO cm-test-18.0 odoo.addons.numa_poly.models.poly: [poly] Entering Phase 2: Final field stabilization and sanitization 
2026-03-25 01:31:48,650 143639 INFO cm-test-18.0 odoo.modules.registry: module om_recurring_payments: creating or updating database tables 
2026-03-25 01:31:48,780 143639 INFO cm-test-18.0 odoo.modules.loading: loading om_recurring_payments/data/sequence.xml 
2026-03-25 01:31:48,784 143639 INFO cm-test-18.0 odoo.modules.loading: loading om_recurring_payments/data/recurring_cron.xml 
2026-03-25 01:31:48,786 143639 INFO cm-test-18.0 odoo.modules.loading: loading om_recurring_payments/security/ir.model.access.csv 
2026-03-25 01:31:48,793 143639 WARNING cm-test-18.0 odoo.addons.numa_poly.models.poly: [poly] Removing non-existent column 'flag_image' from res.lang query during boot. 
2026-03-25 01:31:48,802 143639 INFO cm-test-18.0 odoo.modules.loading: loading om_recurring_payments/views/recurring_template_view.xml 
2026-03-25 01:31:48,806 143639 WARNING cm-test-18.0 odoo.addons.numa_poly.models.poly: [poly] Removing non-existent column 'controller_page_ids' from ir.ui.view query during boot. 
2026-03-25 01:31:48,812 143639 WARNING cm-test-18.0 odoo.addons.numa_poly.models.poly: [poly] Removing non-existent column 'controller_page_ids' from ir.ui.view query during boot. 
2026-03-25 01:31:48,827 143639 INFO cm-test-18.0 odoo.modules.loading: loading om_recurring_payments/views/recurring_payment_view.xml 
2026-03-25 01:31:48,831 143639 WARNING cm-test-18.0 odoo.addons.numa_poly.models.poly: [poly] Removing non-existent column 'controller_page_ids' from ir.ui.view query during boot. 
2026-03-25 01:31:48,837 143639 WARNING cm-test-18.0 odoo.addons.numa_poly.models.poly: [poly] Removing non-existent column 'controller_page_ids' from ir.ui.view query during boot. 
2026-03-25 01:31:48,848 143639 WARNING cm-test-18.0 odoo.addons.numa_poly.models.poly: [poly] Removing non-existent column 'flag_image' from res.lang query during boot. 
2026-03-25 01:31:48,849 143639 WARNING cm-test-18.0 odoo.addons.numa_poly.models.poly: [poly] Removing non-existent column 'dependencies_id' from ir.module.module query during boot. 
2026-03-25 01:31:48,850 143639 INFO cm-test-18.0 odoo.addons.base.models.ir_module: module om_recurring_payments: loading translation file /home/gamarino/odoo/extra-addons-18.0/om_recurring_payments/i18n/es_AR.po for language es_AR 
2026-03-25 01:31:48,850 143639 INFO cm-test-18.0 odoo.tools.translate: loading base translation file /home/gamarino/odoo/extra-addons-18.0/om_recurring_payments/i18n/es_AR.po for language es_AR 
2026-03-25 01:31:48,882 143639 INFO cm-test-18.0 odoo.modules.loading: Module om_recurring_payments loaded in 11.32s, 2212 queries (+2212 other) 
2026-03-25 01:31:48,883 143639 INFO cm-test-18.0 odoo.modules.loading: Loading module project_account (110/211) 
2026-03-25 01:31:48,893 143639 INFO cm-test-18.0 odoo.addons.numa_poly.models.poly: [poly] Entering Phase 1: MRO Injection and attribute building 
2026-03-25 01:31:52,481 143639 INFO cm-test-18.0 odoo.addons.numa_poly.models.poly: [poly] Entering Phase 2: Final field stabilization and sanitization 
2026-03-25 01:31:52,649 143639 INFO cm-test-18.0 odoo.addons.numa_poly.models.poly: [poly] Entering Phase 1: MRO Injection and attribute building 
2026-03-25 01:31:56,819 143639 INFO cm-test-18.0 odoo.addons.numa_poly.models.poly: [poly] Entering Phase 2: Final field stabilization and sanitization 
2026-03-25 01:31:57,000 143639 INFO cm-test-18.0 odoo.addons.numa_poly.models.poly: [poly] Entering Phase 1: MRO Injection and attribute building 
2026-03-25 01:32:00,528 143639 INFO cm-test-18.0 odoo.addons.numa_poly.models.poly: [poly] Entering Phase 2: Final field stabilization and sanitization 
2026-03-25 01:32:00,643 143639 INFO cm-test-18.0 odoo.modules.registry: module project_account: creating or updating database tables 
2026-03-25 01:32:00,755 143639 INFO cm-test-18.0 odoo.modules.loading: loading project_account/views/account_analytic_line_views.xml 
2026-03-25 01:32:00,768 143639 WARNING cm-test-18.0 odoo.addons.numa_poly.models.poly: [poly] Removing non-existent column 'controller_page_ids' from ir.ui.view query during boot. 
2026-03-25 01:32:00,770 143639 WARNING cm-test-18.0 odoo.addons.numa_poly.models.poly: [poly] Removing non-existent column 'groups_id' from ir.ui.view query during boot. 
2026-03-25 01:32:00,776 143639 WARNING cm-test-18.0 odoo.addons.numa_poly.models.poly: [poly] Removing non-existent column 'controller_page_ids' from ir.ui.view query during boot. 
2026-03-25 01:32:00,777 143639 WARNING cm-test-18.0 odoo.addons.numa_poly.models.poly: [poly] Removing non-existent column 'groups_id' from ir.ui.view query during boot. 
2026-03-25 01:32:00,782 143639 INFO cm-test-18.0 odoo.modules.loading: loading project_account/views/project_project_views.xml 
2026-03-25 01:32:00,786 143639 WARNING cm-test-18.0 odoo.addons.numa_poly.models.poly: [poly] Removing non-existent column 'controller_page_ids' from ir.ui.view query during boot. 
2026-03-25 01:32:00,787 143639 WARNING cm-test-18.0 odoo.addons.numa_poly.models.poly: [poly] Removing non-existent column 'groups_id' from ir.ui.view query during boot. 
2026-03-25 01:32:00,797 143639 WARNING cm-test-18.0 odoo.addons.numa_poly.models.poly: [poly] Removing non-existent column 'controller_page_ids' from ir.ui.view query during boot. 
2026-03-25 01:32:00,797 143639 WARNING cm-test-18.0 odoo.addons.numa_poly.models.poly: [poly] Removing non-existent column 'groups_id' from ir.ui.view query during boot. 
2026-03-25 01:32:00,806 143639 INFO cm-test-18.0 odoo.modules.loading: loading project_account/views/project_task_views.xml 
2026-03-25 01:32:00,810 143639 WARNING cm-test-18.0 odoo.addons.numa_poly.models.poly: [poly] Removing non-existent column 'controller_page_ids' from ir.ui.view query during boot. 
2026-03-25 01:32:00,810 143639 WARNING cm-test-18.0 odoo.addons.numa_poly.models.poly: [poly] Removing non-existent column 'groups_id' from ir.ui.view query during boot. 
2026-03-25 01:32:00,818 143639 WARNING cm-test-18.0 odoo.addons.numa_poly.models.poly: [poly] Removing non-existent column 'controller_page_ids' from ir.ui.view query during boot. 
2026-03-25 01:32:00,819 143639 WARNING cm-test-18.0 odoo.addons.numa_poly.models.poly: [poly] Removing non-existent column 'groups_id' from ir.ui.view query during boot. 
2026-03-25 01:32:00,827 143639 INFO cm-test-18.0 odoo.modules.loading: loading project_account/views/project_sharing_project_task_views.xml 
2026-03-25 01:32:00,831 143639 WARNING cm-test-18.0 odoo.addons.numa_poly.models.poly: [poly] Removing non-existent column 'controller_page_ids' from ir.ui.view query during boot. 
2026-03-25 01:32:00,832 143639 WARNING cm-test-18.0 odoo.addons.numa_poly.models.poly: [poly] Removing non-existent column 'groups_id' from ir.ui.view query during boot. 
2026-03-25 01:32:00,838 143639 WARNING cm-test-18.0 odoo.addons.numa_poly.models.poly: [poly] Removing non-existent column 'flag_image' from res.lang query during boot. 
2026-03-25 01:32:00,838 143639 WARNING cm-test-18.0 odoo.addons.numa_poly.models.poly: [poly] Removing non-existent column 'dependencies_id' from ir.module.module query during boot. 
2026-03-25 01:32:00,839 143639 INFO cm-test-18.0 odoo.addons.base.models.ir_module: module project_account: loading translation file /home/gamarino/odoo/numa-public-odoo-18.0-numa/addons/project_account/i18n/es.po for language es_AR 
2026-03-25 01:32:00,839 143639 INFO cm-test-18.0 odoo.tools.translate: loading base translation file /home/gamarino/odoo/numa-public-odoo-18.0-numa/addons/project_account/i18n/es.po for language es_AR 
2026-03-25 01:32:00,841 143639 INFO cm-test-18.0 odoo.addons.base.models.ir_module: module project_account: loading translation file /home/gamarino/odoo/numa-public-odoo-18.0-numa/addons/project_account/i18n/es_419.po for language es_AR 
2026-03-25 01:32:00,841 143639 INFO cm-test-18.0 odoo.tools.translate: loading base translation file /home/gamarino/odoo/numa-public-odoo-18.0-numa/addons/project_account/i18n/es_419.po for language es_AR 
2026-03-25 01:32:00,864 143639 INFO cm-test-18.0 odoo.modules.loading: Module project_account loaded in 11.98s, 2164 queries (+2164 other) 
2026-03-25 01:32:00,864 143639 INFO cm-test-18.0 odoo.modules.loading: Loading module project_mail_plugin (111/211) 
2026-03-25 01:32:00,874 143639 INFO cm-test-18.0 odoo.addons.numa_poly.models.poly: [poly] Entering Phase 1: MRO Injection and attribute building 
2026-03-25 01:32:03,990 143639 INFO cm-test-18.0 odoo.addons.numa_poly.models.poly: [poly] Entering Phase 2: Final field stabilization and sanitization 
2026-03-25 01:32:04,187 143639 INFO cm-test-18.0 odoo.addons.numa_poly.models.poly: [poly] Entering Phase 1: MRO Injection and attribute building 
2026-03-25 01:32:08,114 143639 INFO cm-test-18.0 odoo.addons.numa_poly.models.poly: [poly] Entering Phase 2: Final field stabilization and sanitization 
2026-03-25 01:32:08,330 143639 INFO cm-test-18.0 odoo.addons.numa_poly.models.poly: [poly] Entering Phase 1: MRO Injection and attribute building 
2026-03-25 01:32:11,839 143639 INFO cm-test-18.0 odoo.addons.numa_poly.models.poly: [poly] Entering Phase 2: Final field stabilization and sanitization 
2026-03-25 01:32:12,057 143639 INFO cm-test-18.0 odoo.modules.loading: loading project_mail_plugin/views/project_task_views.xml 
2026-03-25 01:32:12,073 143639 WARNING cm-test-18.0 odoo.addons.numa_poly.models.poly: [poly] Removing non-existent column 'flag_image' from res.lang query during boot. 
2026-03-25 01:32:12,073 143639 WARNING cm-test-18.0 odoo.addons.numa_poly.models.poly: [poly] Removing non-existent column 'dependencies_id' from ir.module.module query during boot. 
2026-03-25 01:32:12,074 143639 INFO cm-test-18.0 odoo.addons.base.models.ir_module: module project_mail_plugin: loading translation file /home/gamarino/odoo/numa-public-odoo-18.0-numa/addons/project_mail_plugin/i18n/es.po for language es_AR 
2026-03-25 01:32:12,074 143639 INFO cm-test-18.0 odoo.tools.translate: loading base translation file /home/gamarino/odoo/numa-public-odoo-18.0-numa/addons/project_mail_plugin/i18n/es.po for language es_AR 
2026-03-25 01:32:12,076 143639 INFO cm-test-18.0 odoo.addons.base.models.ir_module: module project_mail_plugin: loading translation file /home/gamarino/odoo/numa-public-odoo-18.0-numa/addons/project_mail_plugin/i18n/es_419.po for language es_AR 
2026-03-25 01:32:12,076 143639 INFO cm-test-18.0 odoo.tools.translate: loading base translation file /home/gamarino/odoo/numa-public-odoo-18.0-numa/addons/project_mail_plugin/i18n/es_419.po for language es_AR 
2026-03-25 01:32:12,100 143639 INFO cm-test-18.0 odoo.modules.loading: Module project_mail_plugin loaded in 11.24s, 2045 queries (+2045 other) 
2026-03-25 01:32:12,100 143639 INFO cm-test-18.0 odoo.modules.loading: Loading module project_sms (112/211) 
2026-03-25 01:32:12,110 143639 INFO cm-test-18.0 odoo.addons.numa_poly.models.poly: [poly] Entering Phase 1: MRO Injection and attribute building 
2026-03-25 01:32:15,891 143639 INFO cm-test-18.0 odoo.addons.numa_poly.models.poly: [poly] Entering Phase 2: Final field stabilization and sanitization 
2026-03-25 01:32:16,038 143639 INFO cm-test-18.0 odoo.addons.numa_poly.models.poly: [poly] Entering Phase 1: MRO Injection and attribute building 
2026-03-25 01:32:19,712 143639 INFO cm-test-18.0 odoo.addons.numa_poly.models.poly: [poly] Entering Phase 2: Final field stabilization and sanitization 
2026-03-25 01:32:19,871 143639 INFO cm-test-18.0 odoo.addons.numa_poly.models.poly: [poly] Entering Phase 1: MRO Injection and attribute building 
2026-03-25 01:32:23,658 143639 INFO cm-test-18.0 odoo.addons.numa_poly.models.poly: [poly] Entering Phase 2: Final field stabilization and sanitization 
2026-03-25 01:32:23,911 143639 INFO cm-test-18.0 odoo.modules.registry: module project_sms: creating or updating database tables 
2026-03-25 01:32:24,078 143639 INFO cm-test-18.0 odoo.modules.loading: loading project_sms/views/project_stage_views.xml 
2026-03-25 01:32:24,091 143639 WARNING cm-test-18.0 odoo.addons.numa_poly.models.poly: [poly] Removing non-existent column 'controller_page_ids' from ir.ui.view query during boot. 
2026-03-25 01:32:24,093 143639 WARNING cm-test-18.0 odoo.addons.numa_poly.models.poly: [poly] Removing non-existent column 'groups_id' from ir.ui.view query during boot. 
2026-03-25 01:32:24,099 143639 WARNING cm-test-18.0 odoo.addons.numa_poly.models.poly: [poly] Removing non-existent column 'controller_page_ids' from ir.ui.view query during boot. 
2026-03-25 01:32:24,100 143639 WARNING cm-test-18.0 odoo.addons.numa_poly.models.poly: [poly] Removing non-existent column 'groups_id' from ir.ui.view query during boot. 
2026-03-25 01:32:24,105 143639 WARNING cm-test-18.0 odoo.addons.numa_poly.models.poly: [poly] Removing non-existent column 'controller_page_ids' from ir.ui.view query during boot. 
2026-03-25 01:32:24,106 143639 WARNING cm-test-18.0 odoo.addons.numa_poly.models.poly: [poly] Removing non-existent column 'groups_id' from ir.ui.view query during boot. 
2026-03-25 01:32:24,109 143639 INFO cm-test-18.0 odoo.modules.loading: loading project_sms/views/project_task_type_views.xml 
2026-03-25 01:32:24,114 143639 WARNING cm-test-18.0 odoo.addons.numa_poly.models.poly: [poly] Removing non-existent column 'controller_page_ids' from ir.ui.view query during boot. 
2026-03-25 01:32:24,115 143639 WARNING cm-test-18.0 odoo.addons.numa_poly.models.poly: [poly] Removing non-existent column 'groups_id' from ir.ui.view query during boot. 
2026-03-25 01:32:24,121 143639 WARNING cm-test-18.0 odoo.addons.numa_poly.models.poly: [poly] Removing non-existent column 'controller_page_ids' from ir.ui.view query during boot. 
2026-03-25 01:32:24,121 143639 WARNING cm-test-18.0 odoo.addons.numa_poly.models.poly: [poly] Removing non-existent column 'groups_id' from ir.ui.view query during boot. 
2026-03-25 01:32:24,132 143639 WARNING cm-test-18.0 odoo.addons.numa_poly.models.poly: [poly] Removing non-existent column 'controller_page_ids' from ir.ui.view query during boot. 
2026-03-25 01:32:24,133 143639 WARNING cm-test-18.0 odoo.addons.numa_poly.models.poly: [poly] Removing non-existent column 'groups_id' from ir.ui.view query during boot. 
2026-03-25 01:32:24,137 143639 INFO cm-test-18.0 odoo.modules.loading: loading project_sms/views/project_project_views.xml 
2026-03-25 01:32:24,142 143639 INFO cm-test-18.0 odoo.modules.loading: loading project_sms/views/project_task_views.xml 
2026-03-25 01:32:24,147 143639 INFO cm-test-18.0 odoo.modules.loading: loading project_sms/security/ir.model.access.csv 
2026-03-25 01:32:24,157 143639 WARNING cm-test-18.0 odoo.addons.numa_poly.models.poly: [poly] Removing non-existent column 'flag_image' from res.lang query during boot. 
2026-03-25 01:32:24,166 143639 INFO cm-test-18.0 odoo.modules.loading: loading project_sms/security/project_sms_security.xml 
2026-03-25 01:32:24,172 143639 WARNING cm-test-18.0 odoo.addons.numa_poly.models.poly: [poly] Removing non-existent column 'flag_image' from res.lang query during boot. 
2026-03-25 01:32:24,173 143639 WARNING cm-test-18.0 odoo.addons.numa_poly.models.poly: [poly] Removing non-existent column 'dependencies_id' from ir.module.module query during boot. 
2026-03-25 01:32:24,174 143639 INFO cm-test-18.0 odoo.addons.base.models.ir_module: module project_sms: loading translation file /home/gamarino/odoo/numa-public-odoo-18.0-numa/addons/project_sms/i18n/es.po for language es_AR 
2026-03-25 01:32:24,174 143639 INFO cm-test-18.0 odoo.tools.translate: loading base translation file /home/gamarino/odoo/numa-public-odoo-18.0-numa/addons/project_sms/i18n/es.po for language es_AR 
2026-03-25 01:32:24,176 143639 INFO cm-test-18.0 odoo.addons.base.models.ir_module: module project_sms: loading translation file /home/gamarino/odoo/numa-public-odoo-18.0-numa/addons/project_sms/i18n/es_419.po for language es_AR 
2026-03-25 01:32:24,177 143639 INFO cm-test-18.0 odoo.tools.translate: loading base translation file /home/gamarino/odoo/numa-public-odoo-18.0-numa/addons/project_sms/i18n/es_419.po for language es_AR 
2026-03-25 01:32:24,202 143639 INFO cm-test-18.0 odoo.modules.loading: Module project_sms loaded in 12.10s, 2216 queries (+2216 other) 
2026-03-25 01:32:24,202 143639 INFO cm-test-18.0 odoo.modules.loading: Loading module project_stock (113/211) 
2026-03-25 01:32:24,213 143639 INFO cm-test-18.0 odoo.addons.numa_poly.models.poly: [poly] Entering Phase 1: MRO Injection and attribute building 
2026-03-25 01:32:27,615 143639 INFO cm-test-18.0 odoo.addons.numa_poly.models.poly: [poly] Entering Phase 2: Final field stabilization and sanitization 
2026-03-25 01:32:27,764 143639 INFO cm-test-18.0 odoo.addons.numa_poly.models.poly: [poly] Entering Phase 1: MRO Injection and attribute building 
2026-03-25 01:32:31,331 143639 INFO cm-test-18.0 odoo.addons.numa_poly.models.poly: [poly] Entering Phase 2: Final field stabilization and sanitization 
2026-03-25 01:32:31,475 143639 INFO cm-test-18.0 odoo.addons.numa_poly.models.poly: [poly] Entering Phase 1: MRO Injection and attribute building 
2026-03-25 01:32:35,080 143639 INFO cm-test-18.0 odoo.addons.numa_poly.models.poly: [poly] Entering Phase 2: Final field stabilization and sanitization 
2026-03-25 01:32:35,253 143639 INFO cm-test-18.0 odoo.modules.registry: module project_stock: creating or updating database tables 
2026-03-25 01:32:35,536 143639 INFO cm-test-18.0 odoo.modules.loading: loading project_stock/views/stock_picking_views.xml 
2026-03-25 01:32:35,552 143639 WARNING cm-test-18.0 odoo.addons.numa_poly.models.poly: [poly] Removing non-existent column 'controller_page_ids' from ir.ui.view query during boot. 
2026-03-25 01:32:35,554 143639 WARNING cm-test-18.0 odoo.addons.numa_poly.models.poly: [poly] Removing non-existent column 'groups_id' from ir.ui.view query during boot. 
2026-03-25 01:32:35,561 143639 INFO cm-test-18.0 odoo.modules.loading: loading project_stock/views/project_project_views.xml 
2026-03-25 01:32:35,571 143639 WARNING cm-test-18.0 odoo.addons.numa_poly.models.poly: [poly] Removing non-existent column 'flag_image' from res.lang query during boot. 
2026-03-25 01:32:35,571 143639 WARNING cm-test-18.0 odoo.addons.numa_poly.models.poly: [poly] Removing non-existent column 'dependencies_id' from ir.module.module query during boot. 
2026-03-25 01:32:35,572 143639 INFO cm-test-18.0 odoo.addons.base.models.ir_module: module project_stock: loading translation file /home/gamarino/odoo/numa-public-odoo-18.0-numa/addons/project_stock/i18n/es.po for language es_AR 
2026-03-25 01:32:35,572 143639 INFO cm-test-18.0 odoo.tools.translate: loading base translation file /home/gamarino/odoo/numa-public-odoo-18.0-numa/addons/project_stock/i18n/es.po for language es_AR 
2026-03-25 01:32:35,574 143639 INFO cm-test-18.0 odoo.addons.base.models.ir_module: module project_stock: loading translation file /home/gamarino/odoo/numa-public-odoo-18.0-numa/addons/project_stock/i18n/es_419.po for language es_AR 
2026-03-25 01:32:35,574 143639 INFO cm-test-18.0 odoo.tools.translate: loading base translation file /home/gamarino/odoo/numa-public-odoo-18.0-numa/addons/project_stock/i18n/es_419.po for language es_AR 
2026-03-25 01:32:35,598 143639 INFO cm-test-18.0 odoo.modules.loading: Module project_stock loaded in 11.40s, 2123 queries (+2123 other) 
2026-03-25 01:32:35,599 143639 INFO cm-test-18.0 odoo.modules.loading: Loading module project_tag_hierarchy (114/211) 
2026-03-25 01:32:35,610 143639 INFO cm-test-18.0 odoo.addons.numa_poly.models.poly: [poly] Entering Phase 1: MRO Injection and attribute building 
2026-03-25 01:32:39,145 143639 INFO cm-test-18.0 odoo.addons.numa_poly.models.poly: [poly] Entering Phase 2: Final field stabilization and sanitization 
2026-03-25 01:32:39,291 143639 INFO cm-test-18.0 odoo.addons.numa_poly.models.poly: [poly] Entering Phase 1: MRO Injection and attribute building 
2026-03-25 01:32:43,119 143639 INFO cm-test-18.0 odoo.addons.numa_poly.models.poly: [poly] Entering Phase 2: Final field stabilization and sanitization 
2026-03-25 01:32:43,288 143639 INFO cm-test-18.0 odoo.addons.numa_poly.models.poly: [poly] Entering Phase 1: MRO Injection and attribute building 
2026-03-25 01:32:47,340 143639 INFO cm-test-18.0 odoo.addons.numa_poly.models.poly: [poly] Entering Phase 2: Final field stabilization and sanitization 
2026-03-25 01:32:47,503 143639 INFO cm-test-18.0 odoo.modules.registry: module project_tag_hierarchy: creating or updating database tables 
2026-03-25 01:32:47,618 143639 INFO cm-test-18.0 odoo.modules.loading: loading project_tag_hierarchy/views/project_tags_views.xml 
2026-03-25 01:32:47,623 143639 WARNING cm-test-18.0 odoo.addons.numa_poly.models.poly: [poly] Removing non-existent column 'controller_page_ids' from ir.ui.view query during boot. 
2026-03-25 01:32:47,625 143639 WARNING cm-test-18.0 odoo.addons.numa_poly.models.poly: [poly] Removing non-existent column 'groups_id' from ir.ui.view query during boot. 
2026-03-25 01:32:47,631 143639 WARNING cm-test-18.0 odoo.addons.numa_poly.models.poly: [poly] Removing non-existent column 'controller_page_ids' from ir.ui.view query during boot. 
2026-03-25 01:32:47,632 143639 WARNING cm-test-18.0 odoo.addons.numa_poly.models.poly: [poly] Removing non-existent column 'groups_id' from ir.ui.view query during boot. 
2026-03-25 01:32:47,638 143639 WARNING cm-test-18.0 odoo.addons.numa_poly.models.poly: [poly] Removing non-existent column 'flag_image' from res.lang query during boot. 
2026-03-25 01:32:47,638 143639 WARNING cm-test-18.0 odoo.addons.numa_poly.models.poly: [poly] Removing non-existent column 'dependencies_id' from ir.module.module query during boot. 
2026-03-25 01:32:47,639 143639 INFO cm-test-18.0 odoo.addons.base.models.ir_module: module project_tag_hierarchy: loading translation file /home/gamarino/odoo/extra-addons-18.0/project_tag_hierarchy/i18n/es.po for language es_AR 
2026-03-25 01:32:47,639 143639 INFO cm-test-18.0 odoo.tools.translate: loading base translation file /home/gamarino/odoo/extra-addons-18.0/project_tag_hierarchy/i18n/es.po for language es_AR 
2026-03-25 01:32:47,661 143639 INFO cm-test-18.0 odoo.modules.loading: Module project_tag_hierarchy loaded in 12.06s, 2093 queries (+2093 other) 
2026-03-25 01:32:47,661 143639 INFO cm-test-18.0 odoo.modules.loading: Loading module project_tag_multicompany (115/211) 
2026-03-25 01:32:47,671 143639 INFO cm-test-18.0 odoo.addons.numa_poly.models.poly: [poly] Entering Phase 1: MRO Injection and attribute building 
2026-03-25 01:32:51,614 143639 INFO cm-test-18.0 odoo.addons.numa_poly.models.poly: [poly] Entering Phase 2: Final field stabilization and sanitization 
2026-03-25 01:32:51,809 143639 INFO cm-test-18.0 odoo.addons.numa_poly.models.poly: [poly] Entering Phase 1: MRO Injection and attribute building 
Traceback (most recent call last):
  File "/home/gamarino/odoo/numa-public-odoo-18.0-numa/odoo-bin", line 8, in <module>
    odoo.cli.main()
  File "/home/gamarino/odoo/numa-public-odoo-18.0-numa/odoo/cli/command.py", line 76, in main
    o.run(args)
  File "/home/gamarino/odoo/numa-public-odoo-18.0-numa/odoo/cli/server.py", line 182, in run
    main(args)
  File "/home/gamarino/odoo/numa-public-odoo-18.0-numa/odoo/cli/server.py", line 175, in main
    rc = odoo.service.server.start(preload=preload, stop=stop)
         ^^^^^^^^^^^^^^^^^^^^^^^^^^^^^^^^^^^^^^^^^^^^^^^^^^^^^
  File "/home/gamarino/odoo/numa-public-odoo-18.0-numa/odoo/service/server.py", line 1462, in start
    rc = server.run(preload, stop)
         ^^^^^^^^^^^^^^^^^^^^^^^^^
  File "/home/gamarino/odoo/numa-public-odoo-18.0-numa/odoo/service/server.py", line 627, in run
    rc = preload_registries(preload)
         ^^^^^^^^^^^^^^^^^^^^^^^^^^^
  File "/home/gamarino/odoo/numa-public-odoo-18.0-numa/odoo/service/server.py", line 1366, in preload_registries
    registry = Registry.new(dbname, update_module=update_module)
               ^^^^^^^^^^^^^^^^^^^^^^^^^^^^^^^^^^^^^^^^^^^^^^^^^
  File "/home/gamarino/odoo/cm-18.0/.venv/lib/python3.12/site-packages/decorator.py", line 232, in fun
    return caller(func, *(extras + args), **kw)
           ^^^^^^^^^^^^^^^^^^^^^^^^^^^^^^^^^^^^
  File "/home/gamarino/odoo/numa-public-odoo-18.0-numa/odoo/tools/func.py", line 97, in locked
    return func(inst, *args, **kwargs)
           ^^^^^^^^^^^^^^^^^^^^^^^^^^^
  File "/home/gamarino/odoo/numa-public-odoo-18.0-numa/odoo/modules/registry.py", line 129, in new
    odoo.modules.load_modules(registry, force_demo, status, update_module)
  File "/home/gamarino/odoo/numa-public-odoo-18.0-numa/odoo/modules/loading.py", line 485, in load_modules
    processed_modules += load_marked_modules(env, graph,
                         ^^^^^^^^^^^^^^^^^^^^^^^^^^^^^^^
  File "/home/gamarino/odoo/numa-public-odoo-18.0-numa/odoo/modules/loading.py", line 365, in load_marked_modules
    loaded, processed = load_module_graph(
                        ^^^^^^^^^^^^^^^^^^
  File "/home/gamarino/odoo/numa-public-odoo-18.0-numa/odoo/modules/loading.py", line 205, in load_module_graph
    registry.setup_models(env.cr)
  File "/home/gamarino/odoo/numa-public-addons-18.0/numa_poly/models/poly.py", line 4985, in _poly_registry_setup_models
    res = _original_Registry_setup_models(self, cr)
          ^^^^^^^^^^^^^^^^^^^^^^^^^^^^^^^^^^^^^^^^^
  File "/home/gamarino/odoo/cm-18.0/.venv/lib/python3.12/site-packages/decorator.py", line 232, in fun
    return caller(func, *(extras + args), **kw)
           ^^^^^^^^^^^^^^^^^^^^^^^^^^^^^^^^^^^^
  File "/home/gamarino/odoo/numa-public-odoo-18.0-numa/odoo/tools/func.py", line 97, in locked
    return func(inst, *args, **kwargs)
           ^^^^^^^^^^^^^^^^^^^^^^^^^^^
  File "/home/gamarino/odoo/numa-public-odoo-18.0-numa/odoo/modules/registry.py", line 355, in setup_models
    model._setup_fields()
  File "/home/gamarino/odoo/numa-public-odoo-18.0-numa/odoo/models.py", line 3725, in _setup_fields
    field.setup(self)
  File "/home/gamarino/odoo/numa-public-addons-18.0/numa_poly/models/poly.py", line 4202, in poly_Field_setup
    return _original_Field_setup(self, model)
           ^^^^^^^^^^^^^^^^^^^^^^^^^^^^^^^^^^
  File "/home/gamarino/odoo/numa-public-odoo-18.0-numa/odoo/fields.py", line 537, in setup
    self.setup_related(model)
  File "/home/gamarino/odoo/numa-public-addons-18.0/numa_poly/models/poly.py", line 4405, in poly_Field_setup_related
    return _original_Field_setup_related(self, model)
           ^^^^^^^^^^^^^^^^^^^^^^^^^^^^^^^^^^^^^^^^^^
  File "/home/gamarino/odoo/numa-public-odoo-18.0-numa/odoo/fields.py", line 602, in setup_related
    def setup_related(self, model):

  File "/home/gamarino/odoo/numa-public-odoo-18.0-numa/odoo/service/server.py", line 433, in signal_handler
    raise KeyboardInterrupt()
KeyboardInterrupt
